algorithm,instance,run,memory,code,time,iterations,graph,nodes,edges,modularity,N,clusters,conductance,cut
walktrap,adjnoun,1,20480,0,0.0065,0,adjnoun.graph,112,850,0.216213148,156214,25,0.40827434,0.01236110
walktrap,adjnoun,2,20480,0,0.0062,0,adjnoun.graph,112,850,0.216213148,156214,25,0.40827434,0.01236110
walktrap,adjnoun,3,20480,0,0.0063,0,adjnoun.graph,112,850,0.216213148,156214,25,0.40827434,0.01236110
walktrap,adjnoun,4,20480,0,0.0059,0,adjnoun.graph,112,850,0.216213148,156214,25,0.40827434,0.01236110
walktrap,adjnoun,5,20480,0,0.0058,0,adjnoun.graph,112,850,0.216213148,156214,25,0.40827434,0.01236110
vieclus,adjnoun,1,20480,0,0.377768,0,adjnoun.graph,112,850,0.313367474,226408,7,0.25759733,0.01876593
vieclus,adjnoun,2,22528,0,0.475548,0,adjnoun.graph,112,850,0.313367474,226408,7,0.25759733,0.01876593
vieclus,adjnoun,3,22528,0,0.0174079,0,adjnoun.graph,112,850,0.313367474,226408,7,0.25759733,0.01876593
vieclus,adjnoun,4,22528,0,0.178302,0,adjnoun.graph,112,850,0.313367474,226408,7,0.25759733,0.01876593
vieclus,adjnoun,5,22528,0,0.634489,0,adjnoun.graph,112,850,0.313367474,226408,7,0.25759733,0.01876593
ucode,adjnoun,1,370276,0,2.1729350090026855,1000,adjnoun.graph,112,850,0.000000000,0,1,0.00000000,0.00000000
ucode,adjnoun,2,370276,0,2.166208267211914,1000,adjnoun.graph,112,850,0.000000000,0,1,0.00000000,0.00000000
ucode,adjnoun,3,370276,0,2.1641268730163574,1000,adjnoun.graph,112,850,0.000000000,0,1,0.00000000,0.00000000
ucode,adjnoun,4,370276,0,2.1370110511779785,1000,adjnoun.graph,112,850,0.000000000,0,1,0.00000000,0.00000000
ucode,adjnoun,5,370276,0,2.1200215816497803,1000,adjnoun.graph,112,850,0.000000000,0,1,0.00000000,0.00000000
magi,adjnoun,1,397312,0,3.1202120780944824,100,adjnoun.graph,112,850,-0.008224221,-5942,8,0.45702672,0.02438637
magi,adjnoun,2,397312,0,3.247743844985962,100,adjnoun.graph,112,850,-0.008224221,-5942,8,0.45702672,0.02438637
magi,adjnoun,3,397312,0,3.236607789993286,100,adjnoun.graph,112,850,-0.008224221,-5942,8,0.45702672,0.02438637
magi,adjnoun,4,397312,0,3.2374398708343506,100,adjnoun.graph,112,850,-0.008224221,-5942,8,0.45702672,0.02438637
magi,adjnoun,5,397312,0,3.236968517303467,100,adjnoun.graph,112,850,-0.008224221,-5942,8,0.45702672,0.02438637
louvain,adjnoun,1,20480,0,0.0051,0,adjnoun.graph,112,850,0.294001384,212416,6,0.26691827,0.02184534
louvain,adjnoun,2,20480,0,0.0052,0,adjnoun.graph,112,850,0.295637370,213598,7,0.26932514,0.02081199
louvain,adjnoun,3,20480,0,0.0053,0,adjnoun.graph,112,850,0.287720415,207878,8,0.28909128,0.02183090
louvain,adjnoun,4,20480,0,0.0050,0,adjnoun.graph,112,850,0.293076816,211748,6,0.26858275,0.02233342
louvain,adjnoun,5,20480,0,0.0046,0,adjnoun.graph,112,850,0.291670588,210732,8,0.29051680,0.02357860
leiden,adjnoun,1,20480,0,0.0054,0,adjnoun.graph,112,850,0.307750865,222350,6,0.25510576,0.02027831
leiden,adjnoun,2,20480,0,0.0054,0,adjnoun.graph,112,850,0.305611072,220804,7,0.27286337,0.02136027
leiden,adjnoun,3,20480,0,0.0056,0,adjnoun.graph,112,850,0.300755709,217296,8,0.28044897,0.02176249
leiden,adjnoun,4,20480,0,0.0057,0,adjnoun.graph,112,850,0.297486505,214934,6,0.26270401,0.02160215
leiden,adjnoun,5,20480,0,0.0054,0,adjnoun.graph,112,850,0.295543252,213530,8,0.28186172,0.02159577
infomap,adjnoun,1,18432,0,0.0082,0,adjnoun.graph,112,850,0.000000000,0,1,0.00000000,0.00000000
infomap,adjnoun,2,18432,0,0.0082,0,adjnoun.graph,112,850,0.000000000,0,1,0.00000000,0.00000000
infomap,adjnoun,3,18432,0,0.0080,0,adjnoun.graph,112,850,0.000000000,0,1,0.00000000,0.00000000
infomap,adjnoun,4,18432,0,0.0076,0,adjnoun.graph,112,850,0.000000000,0,1,0.00000000,0.00000000
infomap,adjnoun,5,18432,0,0.0081,0,adjnoun.graph,112,850,0.000000000,0,1,0.00000000,0.00000000
hollocou,adjnoun,1,2048,0,0.000,0,adjnoun.graph,112,850,-0.000019377,-14,3,0.50000000,0.00677723
hollocou,adjnoun,2,2048,0,0.000,0,adjnoun.graph,112,850,-0.000063667,-46,5,0.50000000,0.00679429
hollocou,adjnoun,3,2048,0,0.000,0,adjnoun.graph,112,850,-0.000094117,-68,5,0.50000000,0.00502657
hollocou,adjnoun,4,2048,0,0.000,0,adjnoun.graph,112,850,-0.000094117,-68,5,0.50000000,0.00582930
hollocou,adjnoun,5,2048,0,0.000,0,adjnoun.graph,112,850,-0.000119031,-86,4,0.50000000,0.00808845
gnns,adjnoun,1,251348,0,0.11357760429382324,50,adjnoun.graph,112,850,0.306344636,221334,7,0.26503188,0.02086435
gnns,adjnoun,2,251348,0,0.11328959465026855,50,adjnoun.graph,112,850,0.304346020,219890,8,0.27539444,0.02077126
gnns,adjnoun,3,251348,0,0.10881638526916504,50,adjnoun.graph,112,850,0.305541868,220754,9,0.28570835,0.01918604
gnns,adjnoun,4,251348,0,0.1094672679901123,50,adjnoun.graph,112,850,0.306322491,221318,8,0.28504404,0.02051835
gnns,adjnoun,5,251348,0,0.11283755302429199,50,adjnoun.graph,112,850,0.304584083,220062,9,0.28411338,0.02063344
dmon,adjnoun,1,575488,0,26.3719,1000,adjnoun.graph,112,850,0.192736332,139252,16,0.39488174,0.02546479
dmon,adjnoun,2,575488,0,26.1447,1000,adjnoun.graph,112,850,0.230834602,166778,16,0.37180842,0.02799518
dmon,adjnoun,3,575488,0,26.1776,1000,adjnoun.graph,112,850,0.223224913,161280,16,0.36679611,0.02493358
dmon,adjnoun,4,575488,0,27.3975,1000,adjnoun.graph,112,850,0.207833910,150160,16,0.38081495,0.02845409
dmon,adjnoun,5,575488,0,27.5936,1000,adjnoun.graph,112,850,0.198375086,143326,15,0.40188407,0.02699610
dgcluster,adjnoun,1,393784,0,2.3400585651397705,300,adjnoun.graph,112,850,0.000000000,0,1,0.00000000,0.00000000
dgcluster,adjnoun,2,393784,0,2.420135021209717,300,adjnoun.graph,112,850,0.000000000,0,1,0.00000000,0.00000000
dgcluster,adjnoun,3,393784,0,2.3821632862091064,300,adjnoun.graph,112,850,0.000000000,0,1,0.00000000,0.00000000
dgcluster,adjnoun,4,393784,0,2.3403713703155518,300,adjnoun.graph,112,850,0.000000000,0,1,0.00000000,0.00000000
dgcluster,adjnoun,5,393784,0,2.429189920425415,300,adjnoun.graph,112,850,0.000000000,0,1,0.00000000,0.00000000
commdgi,adjnoun,1,377604,0,9.4937,1001,adjnoun.graph,112,850,0.259703806,187636,13,0.33107739,0.01969741
commdgi,adjnoun,2,377604,0,9.4670,1001,adjnoun.graph,112,850,0.255620761,184686,15,0.32831110,0.01859340
commdgi,adjnoun,3,377604,0,9.6676,1001,adjnoun.graph,112,850,0.255274740,184436,15,0.35351171,0.01798045
commdgi,adjnoun,4,377604,0,9.4683,1001,adjnoun.graph,112,850,0.255595847,184668,15,0.34918489,0.01917809
commdgi,adjnoun,5,377604,0,9.4009,1001,adjnoun.graph,112,850,0.243404844,175860,13,0.33607457,0.02508061
clustre_fast,adjnoun,1,6144,0,0.000261068,0,adjnoun.graph,112,850,0.249638754,180364,6,0.32185094,0.02031046
clustre_fast,adjnoun,2,6144,0,0.000241041,0,adjnoun.graph,112,850,0.249638754,180364,6,0.32185094,0.02031046
clustre_fast,adjnoun,3,6144,0,0.000233173,0,adjnoun.graph,112,850,0.249638754,180364,6,0.32185094,0.02031046
clustre_fast,adjnoun,4,6144,0,0.000221014,0,adjnoun.graph,112,850,0.249638754,180364,6,0.32185094,0.02031046
clustre_fast,adjnoun,5,6144,0,0.000239134,0,adjnoun.graph,112,850,0.249638754,180364,6,0.32185094,0.02031046
clustre_strong,adjnoun,1,12288,0,,0,adjnoun.graph,112,850,0.269107266,194430,4,0.23753957,0.02118942
clustre_strong,adjnoun,2,12288,0,,0,adjnoun.graph,112,850,0.269107266,194430,4,0.23753957,0.02118942
clustre_strong,adjnoun,3,10240,0,,0,adjnoun.graph,112,850,0.269107266,194430,4,0.23753957,0.02118942
clustre_strong,adjnoun,4,12288,0,,0,adjnoun.graph,112,850,0.269107266,194430,4,0.23753957,0.02118942
clustre_strong,adjnoun,5,12288,0,,0,adjnoun.graph,112,850,0.269107266,194430,4,0.23753957,0.02118942
walktrap,celegans_metabolic,1,20480,0,0.0205,0,celegans_metabolic.graph,453,4050,0.348784148,5720932,35,0.24651728,0.00240036
walktrap,celegans_metabolic,2,20480,0,0.0198,0,celegans_metabolic.graph,453,4050,0.348784148,5720932,35,0.24651728,0.00240036
walktrap,celegans_metabolic,3,20480,0,0.0202,0,celegans_metabolic.graph,453,4050,0.348784148,5720932,35,0.24651728,0.00240036
walktrap,celegans_metabolic,4,20480,0,0.0198,0,celegans_metabolic.graph,453,4050,0.348784148,5720932,35,0.24651728,0.00240036
walktrap,celegans_metabolic,5,20480,0,0.0198,0,celegans_metabolic.graph,453,4050,0.348784148,5720932,35,0.24651728,0.00240036
vieclus,celegans_metabolic,1,22528,0,3.06356,0,celegans_metabolic.graph,453,4050,0.453248224,7434404,9,0.18475224,0.00404191
vieclus,celegans_metabolic,2,20480,0,1.68834,0,celegans_metabolic.graph,453,4050,0.453248224,7434404,9,0.18475224,0.00404191
vieclus,celegans_metabolic,3,20480,0,2.60019,0,celegans_metabolic.graph,453,4050,0.453248224,7434404,9,0.18475224,0.00404191
vieclus,celegans_metabolic,4,22528,0,3.04814,0,celegans_metabolic.graph,453,4050,0.453248224,7434404,9,0.18475224,0.00404191
vieclus,celegans_metabolic,5,20480,0,1.18448,0,celegans_metabolic.graph,453,4050,0.453248224,7434404,9,0.18475224,0.00404191
ucode,celegans_metabolic,1,362496,0,3.2875466346740723,1000,celegans_metabolic.graph,453,4050,0.000000000,0,1,0.00000000,0.00000000
ucode,celegans_metabolic,2,362496,0,3.161381244659424,1000,celegans_metabolic.graph,453,4050,0.000000000,0,1,0.00000000,0.00000000
ucode,celegans_metabolic,3,362496,0,3.158930540084839,1000,celegans_metabolic.graph,453,4050,0.000000000,0,1,0.00000000,0.00000000
ucode,celegans_metabolic,4,362496,0,3.136814594268799,1000,celegans_metabolic.graph,453,4050,0.000000000,0,1,0.00000000,0.00000000
ucode,celegans_metabolic,5,362496,0,3.1360666751861572,1000,celegans_metabolic.graph,453,4050,0.000000000,0,1,0.00000000,0.00000000
magi,celegans_metabolic,1,408164,0,3.3520095348358154,100,celegans_metabolic.graph,453,4050,-0.012110836,-198648,8,0.42664591,0.00682097
magi,celegans_metabolic,2,408164,0,3.3405299186706543,100,celegans_metabolic.graph,453,4050,-0.012110836,-198648,8,0.42664591,0.00682097
magi,celegans_metabolic,3,408164,0,3.4120829105377197,100,celegans_metabolic.graph,453,4050,-0.012110836,-198648,8,0.42664591,0.00682097
magi,celegans_metabolic,4,408164,0,3.5839922428131104,100,celegans_metabolic.graph,453,4050,-0.012110836,-198648,8,0.42664591,0.00682097
magi,celegans_metabolic,5,408164,0,3.522387981414795,100,celegans_metabolic.graph,453,4050,-0.012110836,-198648,8,0.42664591,0.00682097
louvain,celegans_metabolic,1,20480,0,0.0074,0,celegans_metabolic.graph,453,4050,0.431531169,7078190,9,0.19224731,0.00412916
louvain,celegans_metabolic,2,20480,0,0.0058,0,celegans_metabolic.graph,453,4050,0.432944368,7101370,9,0.18949358,0.00393101
louvain,celegans_metabolic,3,20480,0,0.0058,0,celegans_metabolic.graph,453,4050,0.445211400,7302580,11,0.20094884,0.00415356
louvain,celegans_metabolic,4,20480,0,0.0067,0,celegans_metabolic.graph,453,4050,0.435639079,7145570,11,0.20061163,0.00427574
louvain,celegans_metabolic,5,20480,0,0.0063,0,celegans_metabolic.graph,453,4050,0.433304069,7107270,10,0.18911833,0.00385661
leiden,celegans_metabolic,1,20480,0,0.0069,0,celegans_metabolic.graph,453,4050,0.446629355,7325838,10,0.19511348,0.00420966
leiden,celegans_metabolic,2,20480,0,0.0068,0,celegans_metabolic.graph,453,4050,0.450074317,7382344,10,0.18202786,0.00393888
leiden,celegans_metabolic,3,20480,0,0.0076,0,celegans_metabolic.graph,453,4050,0.447014906,7332162,10,0.19657647,0.00407949
leiden,celegans_metabolic,4,20480,0,0.0067,0,celegans_metabolic.graph,453,4050,0.447019173,7332232,10,0.18851152,0.00387760
leiden,celegans_metabolic,5,20480,0,0.0065,0,celegans_metabolic.graph,453,4050,0.450368419,7387168,10,0.19408637,0.00418137
infomap,celegans_metabolic,1,18432,0,0.0171,0,celegans_metabolic.graph,453,4050,0.396691601,6506734,32,0.22058562,0.00291428
infomap,celegans_metabolic,2,18432,0,0.0165,0,celegans_metabolic.graph,453,4050,0.396691601,6506734,32,0.22058562,0.00291428
infomap,celegans_metabolic,3,18432,0,0.0161,0,celegans_metabolic.graph,453,4050,0.396691601,6506734,32,0.22058562,0.00291428
infomap,celegans_metabolic,4,18432,0,0.0157,0,celegans_metabolic.graph,453,4050,0.396691601,6506734,32,0.22058562,0.00291428
infomap,celegans_metabolic,5,18432,0,0.0163,0,celegans_metabolic.graph,453,4050,0.396691601,6506734,32,0.22058562,0.00291428
hollocou,celegans_metabolic,1,2048,0,0.000,0,celegans_metabolic.graph,453,4050,0.001948117,31954,7,0.41693520,0.00219835
hollocou,celegans_metabolic,2,2048,0,0.000,0,celegans_metabolic.graph,453,4050,0.001959213,32136,6,0.41071429,0.00146673
hollocou,celegans_metabolic,3,2048,0,0.000,0,celegans_metabolic.graph,453,4050,-0.000000121,-2,2,0.50000000,0.00110619
hollocou,celegans_metabolic,4,2048,0,0.000,0,celegans_metabolic.graph,453,4050,-0.000015607,-256,5,0.50000000,0.00203634
hollocou,celegans_metabolic,5,2048,0,0.000,0,celegans_metabolic.graph,453,4050,0.000971803,15940,4,0.45299145,0.00284185
gnns,celegans_metabolic,1,317912,0,0.33948755264282227,50,celegans_metabolic.graph,453,4050,0.432316415,7091070,13,0.21598678,0.00430472
gnns,celegans_metabolic,2,317912,0,0.31216883659362793,50,celegans_metabolic.graph,453,4050,0.433180795,7105248,16,0.21541979,0.00395166
gnns,celegans_metabolic,3,317912,0,0.3290290832519531,50,celegans_metabolic.graph,453,4050,0.442938698,7265302,14,0.22225274,0.00417609
gnns,celegans_metabolic,4,317912,0,0.30204224586486816,50,celegans_metabolic.graph,453,4050,0.439754305,7213070,15,0.20857193,0.00418571
gnns,celegans_metabolic,5,317912,0,0.33566904067993164,50,celegans_metabolic.graph,453,4050,0.434205639,7122058,17,0.22879363,0.00438657
dmon,celegans_metabolic,1,583680,0,31.8038,1000,celegans_metabolic.graph,453,4050,0.385470995,6322688,16,0.27425343,0.00556686
dmon,celegans_metabolic,2,583680,0,31.4947,1000,celegans_metabolic.graph,453,4050,0.391798933,6426482,16,0.28953569,0.00512057
dmon,celegans_metabolic,3,583680,0,31.4686,1000,celegans_metabolic.graph,453,4050,0.375035878,6151526,16,0.28634033,0.00561547
dmon,celegans_metabolic,4,583680,0,31.3663,1000,celegans_metabolic.graph,453,4050,0.367718945,6031510,16,0.28074987,0.00515148
dmon,celegans_metabolic,5,583680,0,31.6089,1000,celegans_metabolic.graph,453,4050,0.382999786,6282154,16,0.27864533,0.00501214
dgcluster,celegans_metabolic,1,401292,0,6.163257360458374,300,celegans_metabolic.graph,453,4050,-0.000958512,-15722,2,0.41108071,0.00665707
dgcluster,celegans_metabolic,2,401292,0,6.0674803256988525,300,celegans_metabolic.graph,453,4050,0.000000000,0,1,0.00000000,0.00000000
dgcluster,celegans_metabolic,3,401292,0,6.200927495956421,300,celegans_metabolic.graph,453,4050,-0.002595823,-42578,2,0.40873533,0.00683007
dgcluster,celegans_metabolic,4,401292,0,6.047752141952515,300,celegans_metabolic.graph,453,4050,0.000000000,0,1,0.00000000,0.00000000
dgcluster,celegans_metabolic,5,401292,0,6.123355388641357,300,celegans_metabolic.graph,453,4050,-0.016948148,-277992,2,0.49033816,0.00643179
commdgi,celegans_metabolic,1,403308,0,19.3149,1001,celegans_metabolic.graph,453,4050,0.401247858,6581468,14,0.23886591,0.00489455
commdgi,celegans_metabolic,2,403308,0,19.3980,1001,celegans_metabolic.graph,453,4050,0.416982777,6839560,13,0.22604429,0.00427326
commdgi,celegans_metabolic,3,403308,0,19.2016,1001,celegans_metabolic.graph,453,4050,0.360811339,5918208,14,0.25634365,0.00489798
commdgi,celegans_metabolic,4,403308,0,19.0672,1001,celegans_metabolic.graph,453,4050,0.404027069,6627054,14,0.22589275,0.00409506
commdgi,celegans_metabolic,5,403308,0,19.2246,1001,celegans_metabolic.graph,453,4050,0.392005852,6429876,13,0.22713558,0.00397303
clustre_fast,celegans_metabolic,1,4096,0,0.000588894,0,celegans_metabolic.graph,453,4050,0.295572504,4848128,74,0.35226213,0.00485997
clustre_fast,celegans_metabolic,2,6144,0,0.000586987,0,celegans_metabolic.graph,453,4050,0.295572504,4848128,74,0.35226213,0.00485997
clustre_fast,celegans_metabolic,3,6144,0,0.00058794,0,celegans_metabolic.graph,453,4050,0.295572504,4848128,74,0.35226213,0.00485997
clustre_fast,celegans_metabolic,4,6144,0,0.000596046,0,celegans_metabolic.graph,453,4050,0.295572504,4848128,74,0.35226213,0.00485997
clustre_fast,celegans_metabolic,5,6144,0,0.000586987,0,celegans_metabolic.graph,453,4050,0.295572504,4848128,74,0.35226213,0.00485997
clustre_strong,celegans_metabolic,1,14336,0,.001018524,0,celegans_metabolic.graph,453,4050,0.422895046,6936536,11,0.19762357,0.00402663
clustre_strong,celegans_metabolic,2,14336,0,.001083613,0,celegans_metabolic.graph,453,4050,0.422895046,6936536,11,0.19762357,0.00402663
clustre_strong,celegans_metabolic,3,14336,0,.000983715,0,celegans_metabolic.graph,453,4050,0.422895046,6936536,11,0.19762357,0.00402663
clustre_strong,celegans_metabolic,4,14336,0,.001087904,0,celegans_metabolic.graph,453,4050,0.422895046,6936536,11,0.19762357,0.00402663
clustre_strong,celegans_metabolic,5,14336,0,.001124143,0,celegans_metabolic.graph,453,4050,0.422895046,6936536,11,0.19762357,0.00402663
walktrap,astro-ph,1,1225816,0,16.5712,0,astro-ph.graph,16706,242502,0.635990856,37400854196,2013,0.15728951,0.00003597
walktrap,astro-ph,2,1225816,0,16.2535,0,astro-ph.graph,16706,242502,0.635990856,37400854196,2013,0.15728951,0.00003597
walktrap,astro-ph,3,1225816,0,16.2238,0,astro-ph.graph,16706,242502,0.635990856,37400854196,2013,0.15728951,0.00003597
walktrap,astro-ph,4,1225816,0,16.2320,0,astro-ph.graph,16706,242502,0.635990856,37400854196,2013,0.15728951,0.00003597
walktrap,astro-ph,5,1225816,0,16.4929,0,astro-ph.graph,16706,242502,0.635990856,37400854196,2013,0.15728951,0.00003597
vieclus,astro-ph,1,73888,0,3134.98,0,astro-ph.graph,16706,242502,0.746289406,43887205298,417,0.00314062,0.00000278
vieclus,astro-ph,2,73188,0,3469.2,0,astro-ph.graph,16706,242502,0.746261052,43885537880,415,0.00294171,0.00000269
vieclus,astro-ph,3,73072,0,3584.61,0,astro-ph.graph,16706,242502,0.746269179,43886015824,416,0.00312099,0.00000278
vieclus,astro-ph,4,73704,0,3520.7,0,astro-ph.graph,16706,242502,0.746261852,43885584938,418,0.00313920,0.00000277
vieclus,astro-ph,5,73832,0,3565.06,0,astro-ph.graph,16706,242502,0.746254679,43885163094,416,0.00308515,0.00000277
ucode,astro-ph,1,5199028,0,1725.8680930137634,1000,astro-ph.graph,16706,242502,0.000000000,0,1,0.00000000,0.00000000
ucode,astro-ph,2,5199028,0,1705.046395778656,1000,astro-ph.graph,16706,242502,0.000000000,0,1,0.00000000,0.00000000
ucode,astro-ph,3,5199028,0,1703.7894365787506,1000,astro-ph.graph,16706,242502,0.000000000,-8,2,0.50000000,0.00002993
ucode,astro-ph,4,5199028,0,1708.9725849628448,1000,astro-ph.graph,16706,242502,0.000000000,0,1,0.00000000,0.00000000
ucode,astro-ph,5,5199028,0,1712.0124185085297,1000,astro-ph.graph,16706,242502,0.000000000,0,1,0.00000000,0.00000000
magi,astro-ph,1,2636080,0,1774.9340324401855,100,astro-ph.graph,16706,242502,0.028059308,1650089902,3,0.35860966,0.00006218
magi,astro-ph,2,2636080,0,1780.049852848053,100,astro-ph.graph,16706,242502,0.011104656,653034004,3,0.38354538,0.00008166
magi,astro-ph,3,2636080,0,1770.3455638885498,100,astro-ph.graph,16706,242502,0.021050587,1237926538,6,0.36800853,0.00023143
magi,astro-ph,4,2636080,0,1769.675023317337,100,astro-ph.graph,16706,242502,0.041461469,2438233738,4,0.37511578,0.00008642
magi,astro-ph,5,2636080,0,1808.948768377304,100,astro-ph.graph,16706,242502,0.047514127,2794173778,3,0.35214772,0.00011050
louvain,astro-ph,1,40960,0,0.2146,0,astro-ph.graph,16706,242502,0.732813753,43094739616,413,0.00328333,0.00000302
louvain,astro-ph,2,40960,0,0.2184,0,astro-ph.graph,16706,242502,0.732290577,43063973082,414,0.00357829,0.00000345
louvain,astro-ph,3,40960,0,0.1866,0,astro-ph.graph,16706,242502,0.729415903,42894921496,419,0.00384156,0.00000363
louvain,astro-ph,4,40960,0,0.2052,0,astro-ph.graph,16706,242502,0.731382268,43010557998,412,0.00350025,0.00000327
louvain,astro-ph,5,40960,0,0.1874,0,astro-ph.graph,16706,242502,0.733184479,43116540994,412,0.00313933,0.00000295
leiden,astro-ph,1,40960,0,0.0993,0,astro-ph.graph,16706,242502,0.739273541,43474621820,414,0.00307807,0.00000282
leiden,astro-ph,2,40960,0,0.0982,0,astro-ph.graph,16706,242502,0.736429617,43307378536,415,0.00329064,0.00000303
leiden,astro-ph,3,40960,0,0.0978,0,astro-ph.graph,16706,242502,0.740424922,43542331336,414,0.00348769,0.00000333
leiden,astro-ph,4,40960,0,0.0976,0,astro-ph.graph,16706,242502,0.738616495,43435982744,415,0.00338229,0.00000316
leiden,astro-ph,5,40960,0,0.0987,0,astro-ph.graph,16706,242502,0.739860286,43509126662,419,0.00371517,0.00000347
infomap,astro-ph,1,79268,0,0.8848,0,astro-ph.graph,16706,242502,0.257532870,15144792174,379,0.00050922,0.00000033
infomap,astro-ph,2,79268,0,0.8814,0,astro-ph.graph,16706,242502,0.257532870,15144792174,379,0.00050922,0.00000033
infomap,astro-ph,3,79268,0,0.8870,0,astro-ph.graph,16706,242502,0.257532870,15144792174,379,0.00050922,0.00000033
infomap,astro-ph,4,79268,0,0.9108,0,astro-ph.graph,16706,242502,0.257532870,15144792174,379,0.00050922,0.00000033
infomap,astro-ph,5,79268,0,0.8787,0,astro-ph.graph,16706,242502,0.257532870,15144792174,379,0.00050922,0.00000033
hollocou,astro-ph,1,4096,0,0.004,0,astro-ph.graph,16706,242502,0.330697579,19447405286,2146,0.35246873,0.00006625
hollocou,astro-ph,2,4096,0,0.005,0,astro-ph.graph,16706,242502,0.323799876,19041770578,2134,0.35086140,0.00006771
hollocou,astro-ph,3,4096,0,0.004,0,astro-ph.graph,16706,242502,0.313910029,18460176160,2009,0.34295398,0.00006427
hollocou,astro-ph,4,4096,0,0.003,0,astro-ph.graph,16706,242502,0.340044636,19997079768,2046,0.34586063,0.00006671
hollocou,astro-ph,5,4096,0,0.003,0,astro-ph.graph,16706,242502,0.345240057,20302607994,2078,0.35346638,0.00006356
gnns,astro-ph,1,8279068,0,160.74541783332825,150,astro-ph.graph,16706,242502,0.695794359,40917731970,129,0.12164711,0.00008506
gnns,astro-ph,2,8279068,0,162.04471468925476,150,astro-ph.graph,16706,242502,0.697638616,41026187606,129,0.12556583,0.00008927
gnns,astro-ph,3,8279068,0,160.33894968032837,150,astro-ph.graph,16706,242502,0.687544910,40432604812,129,0.13738850,0.00009714
gnns,astro-ph,4,8279068,0,162.93322277069092,150,astro-ph.graph,16706,242502,0.695883906,40922997964,128,0.10434201,0.00007509
gnns,astro-ph,5,8279068,0,163.0436248779297,150,astro-ph.graph,16706,242502,0.701791079,41270382410,129,0.12774157,0.00008054
dmon,astro-ph,1,2819076,0,312.3625,1000,astro-ph.graph,16706,242502,0.604687295,35559978808,16,0.17797987,0.00009695
dmon,astro-ph,2,2819076,0,312.8995,1000,astro-ph.graph,16706,242502,0.633659692,37263764962,16,0.14530523,0.00008581
dmon,astro-ph,3,2819076,0,315.4693,1000,astro-ph.graph,16706,242502,0.610282359,35889008992,16,0.15254699,0.00008994
dmon,astro-ph,4,2819076,0,312.0739,1000,astro-ph.graph,16706,242502,0.616939858,36280517970,16,0.15001388,0.00009547
dmon,astro-ph,5,2819076,0,310.0705,1000,astro-ph.graph,16706,242502,0.622637607,36615586754,16,0.17178963,0.00009319
dgcluster,astro-ph,1,1048096,0,151.5215892791748,300,astro-ph.graph,16706,242502,0.000000000,0,1,0.00000000,0.00000000
dgcluster,astro-ph,2,1048096,0,149.80360531806946,300,astro-ph.graph,16706,242502,0.000000000,0,1,0.00000000,0.00000000
dgcluster,astro-ph,3,1048096,0,151.04330945014954,300,astro-ph.graph,16706,242502,0.000000000,0,1,0.00000000,0.00000000
dgcluster,astro-ph,4,1048096,0,151.33919286727905,300,astro-ph.graph,16706,242502,0.000000000,0,1,0.00000000,0.00000000
dgcluster,astro-ph,5,1048096,0,149.87402749061584,300,astro-ph.graph,16706,242502,0.000000000,0,1,0.00000000,0.00000000
commdgi,astro-ph,1,9450064,0,3602.5902,535,astro-ph.graph,16706,242502,0.498665371,29325124194,11,0.07420072,0.00002533
commdgi,astro-ph,2,9450064,0,3604.4278,550,astro-ph.graph,16706,242502,0.469774423,27626127896,8,0.12192618,0.00003014
commdgi,astro-ph,3,9450064,0,3606.2890,545,astro-ph.graph,16706,242502,0.488929648,28752593416,10,0.05472103,0.00003039
commdgi,astro-ph,4,9450064,0,3603.2627,544,astro-ph.graph,16706,242502,0.453752774,26683939224,12,0.17273872,0.00002173
commdgi,astro-ph,5,9450064,0,3602.6952,544,astro-ph.graph,16706,242502,0.472220338,27769965336,10,0.10374078,0.00003213
clustre_fast,astro-ph,1,6144,0,0.0182118,0,astro-ph.graph,16706,242502,0.626609123,36849140572,765,0.05953469,0.00002327
clustre_fast,astro-ph,2,6144,0,0.018327,0,astro-ph.graph,16706,242502,0.626609123,36849140572,765,0.05953469,0.00002327
clustre_fast,astro-ph,3,6144,0,0.018353,0,astro-ph.graph,16706,242502,0.626609123,36849140572,765,0.05953469,0.00002327
clustre_fast,astro-ph,4,6144,0,0.0183489,0,astro-ph.graph,16706,242502,0.626609123,36849140572,765,0.05953469,0.00002327
clustre_fast,astro-ph,5,6144,0,0.018312,0,astro-ph.graph,16706,242502,0.626609123,36849140572,765,0.05953469,0.00002327
clustre_strong,astro-ph,1,22528,0,4.629994,0,astro-ph.graph,16706,242502,0.705400357,41482633996,410,0.00279626,0.00000228
clustre_strong,astro-ph,2,22528,0,13.0025802,0,astro-ph.graph,16706,242502,0.705400357,41482633996,410,0.00279626,0.00000228
clustre_strong,astro-ph,3,22528,0,11.6151531,0,astro-ph.graph,16706,242502,0.705400357,41482633996,410,0.00279626,0.00000228
clustre_strong,astro-ph,4,22528,0,2.617848,0,astro-ph.graph,16706,242502,0.705400357,41482633996,410,0.00279626,0.00000228
clustre_strong,astro-ph,5,22528,0,2.1486202,0,astro-ph.graph,16706,242502,0.705400357,41482633996,410,0.00279626,0.00000228
walktrap,as-22july06,1,3884596,0,26.4873,0,as-22july06.graph,22963,96872,0.586234385,5501331564,577,0.14737622,0.00001440
walktrap,as-22july06,2,3884596,0,26.2875,0,as-22july06.graph,22963,96872,0.586234385,5501331564,577,0.14737622,0.00001440
walktrap,as-22july06,3,3884596,0,26.3475,0,as-22july06.graph,22963,96872,0.586234385,5501331564,577,0.14737622,0.00001440
walktrap,as-22july06,4,3884596,0,26.2849,0,as-22july06.graph,22963,96872,0.586234385,5501331564,577,0.14737622,0.00001440
walktrap,as-22july06,5,3884596,0,26.3062,0,as-22july06.graph,22963,96872,0.586234385,5501331564,577,0.14737622,0.00001440
vieclus,as-22july06,1,56836,0,3348.07,0,as-22july06.graph,22963,96872,0.679383502,6375460052,38,0.09712410,0.00001530
vieclus,as-22july06,2,56352,0,3337.29,0,as-22july06.graph,22963,96872,0.679381809,6375444168,38,0.09710385,0.00001529
vieclus,as-22july06,3,56620,0,3475.39,0,as-22july06.graph,22963,96872,0.679382304,6375448808,38,0.09711089,0.00001530
vieclus,as-22july06,4,56724,0,3505.19,0,as-22july06.graph,22963,96872,0.679381185,6375438312,38,0.09711718,0.00001530
vieclus,as-22july06,5,56328,0,3548.81,0,as-22july06.graph,22963,96872,0.679378739,6375415360,38,0.09717489,0.00001529
ucode,as-22july06,1,8929628,0,3368.1481771469116,1000,as-22july06.graph,22963,96872,0.000000000,0,1,0.00000000,0.00000000
ucode,as-22july06,2,8929628,0,3355.910418510437,1000,as-22july06.graph,22963,96872,0.000000000,0,1,0.00000000,0.00000000
ucode,as-22july06,3,8929628,0,3346.6351981163025,1000,as-22july06.graph,22963,96872,0.000000000,0,1,0.00000000,0.00000000
ucode,as-22july06,4,8929628,0,3336.67125082016,1000,as-22july06.graph,22963,96872,0.000000000,0,1,0.00000000,0.00000000
ucode,as-22july06,5,8929628,0,3330.6727797985077,1000,as-22july06.graph,22963,96872,0.000000000,0,1,0.00000000,0.00000000
magi,as-22july06,1,1596980,0,1086.8209879398346,100,as-22july06.graph,22963,96872,-0.089230888,-837359114,5,0.44215330,0.00019730
magi,as-22july06,2,1596980,0,1046.0452926158905,100,as-22july06.graph,22963,96872,-0.034020830,-319257750,4,0.46978371,0.00008809
magi,as-22july06,3,1596980,0,996.2658712863922,100,as-22july06.graph,22963,96872,-0.034902403,-327530586,6,0.43486084,0.00009357
magi,as-22july06,4,1596980,0,1042.985394001007,100,as-22july06.graph,22963,96872,-0.226179776,-2122512728,4,0.45834891,0.00031360
magi,as-22july06,5,1596980,0,1031.4536197185516,100,as-22july06.graph,22963,96872,-0.064565022,-605890080,6,0.44469355,0.00018256
louvain,as-22july06,1,24576,0,0.0840,0,as-22july06.graph,22963,96872,0.661405077,6206747202,38,0.10163949,0.00001613
louvain,as-22july06,2,24576,0,0.0918,0,as-22july06.graph,22963,96872,0.661516456,6207792400,37,0.10431458,0.00001643
louvain,as-22july06,3,24576,0,0.1010,0,as-22july06.graph,22963,96872,0.653931052,6136609572,34,0.09845202,0.00001596
louvain,as-22july06,4,24576,0,0.0853,0,as-22july06.graph,22963,96872,0.662148146,6213720300,30,0.09733569,0.00001653
louvain,as-22july06,5,24576,0,0.0775,0,as-22july06.graph,22963,96872,0.659463846,6188530330,38,0.10486597,0.00001665
leiden,as-22july06,1,28672,0,0.0622,0,as-22july06.graph,22963,96872,0.676360311,6347089870,37,0.09836601,0.00001536
leiden,as-22july06,2,28672,0,0.0612,0,as-22july06.graph,22963,96872,0.677189711,6354873120,34,0.09278063,0.00001517
leiden,as-22july06,3,28672,0,0.0615,0,as-22july06.graph,22963,96872,0.676966435,6352777850,38,0.10106215,0.00001602
leiden,as-22july06,4,28672,0,0.0606,0,as-22july06.graph,22963,96872,0.676260995,6346157876,41,0.09800609,0.00001586
leiden,as-22july06,5,28672,0,0.0626,0,as-22july06.graph,22963,96872,0.677026962,6353345852,38,0.09754169,0.00001536
infomap,as-22july06,1,72780,0,0.5694,0,as-22july06.graph,22963,96872,0.606151190,5688234540,13,0.05257713,0.00001013
infomap,as-22july06,2,72780,0,0.5543,0,as-22july06.graph,22963,96872,0.606151190,5688234540,13,0.05257713,0.00001013
infomap,as-22july06,3,72780,0,0.6182,0,as-22july06.graph,22963,96872,0.606151190,5688234540,13,0.05257713,0.00001013
infomap,as-22july06,4,72780,0,0.6068,0,as-22july06.graph,22963,96872,0.606151190,5688234540,13,0.05257713,0.00001013
infomap,as-22july06,5,72780,0,0.5656,0,as-22july06.graph,22963,96872,0.606151190,5688234540,13,0.05257713,0.00001013
hollocou,as-22july06,1,4096,0,0.002,0,as-22july06.graph,22963,96872,0.137056462,1286163114,9388,0.48121171,0.00003533
hollocou,as-22july06,2,4096,0,0.002,0,as-22july06.graph,22963,96872,0.135318949,1269857972,9771,0.48151284,0.00003574
hollocou,as-22july06,3,4096,0,0.001,0,as-22july06.graph,22963,96872,0.141435351,1327255416,9373,0.48135694,0.00003539
hollocou,as-22july06,4,4096,0,0.002,0,as-22july06.graph,22963,96872,0.141437733,1327277772,9565,0.48028486,0.00003526
hollocou,as-22july06,5,4096,0,0.002,0,as-22july06.graph,22963,96872,0.146967041,1379165812,9634,0.48037519,0.00003573
gnns,as-22july06,1,8120472,0,246.33226609230042,200,as-22july06.graph,22963,96872,0.637776890,5985015938,137,0.16088598,0.00002367
gnns,as-22july06,2,8120472,0,244.8431704044342,200,as-22july06.graph,22963,96872,0.640156924,6007350610,114,0.17612210,0.00002614
gnns,as-22july06,3,8120472,0,243.36838054656982,200,as-22july06.graph,22963,96872,0.639356239,5999836838,119,0.16093266,0.00002356
gnns,as-22july06,4,8120472,0,242.12087297439575,200,as-22july06.graph,22963,96872,0.642979359,6033836864,119,0.16401733,0.00002429
gnns,as-22july06,5,8120472,0,242.6255762577057,200,as-22july06.graph,22963,96872,0.622025192,5837199100,138,0.16351159,0.00002402
dmon,as-22july06,1,4784808,0,319.3154,1000,as-22july06.graph,22963,96872,0.537314855,5042261672,16,0.20508345,0.00003040
dmon,as-22july06,2,4784808,0,322.4370,1000,as-22july06.graph,22963,96872,0.533592984,5007334952,16,0.22416926,0.00002823
dmon,as-22july06,3,4784808,0,326.3320,1000,as-22july06.graph,22963,96872,0.556420616,5221553656,16,0.19418647,0.00002814
dmon,as-22july06,4,4784808,0,324.9108,1000,as-22july06.graph,22963,96872,0.540093808,5068339884,16,0.18813230,0.00002956
dmon,as-22july06,5,4784808,0,325.9916,1000,as-22july06.graph,22963,96872,0.524531064,4922296228,16,0.24200358,0.00002905
dgcluster,as-22july06,1,996560,0,125.42602157592773,300,as-22july06.graph,22963,96872,0.000000000,0,1,0.00000000,0.00000000
dgcluster,as-22july06,2,996560,0,123.53376865386963,300,as-22july06.graph,22963,96872,0.000000000,0,1,0.00000000,0.00000000
dgcluster,as-22july06,3,996560,0,123.99379467964172,300,as-22july06.graph,22963,96872,0.000000000,0,1,0.00000000,0.00000000
dgcluster,as-22july06,4,996560,0,126.40053105354309,300,as-22july06.graph,22963,96872,0.000000000,0,1,0.00000000,0.00000000
dgcluster,as-22july06,5,996560,0,124.444988489151,300,as-22july06.graph,22963,96872,0.000000000,0,1,0.00000000,0.00000000
commdgi,as-22july06,1,17330744,0,3606.3279,316,as-22july06.graph,22963,96872,0.520609285,4885493526,12,0.18173171,0.00002047
commdgi,as-22july06,2,17330744,0,3608.3019,315,as-22july06.graph,22963,96872,0.491559693,4612886798,16,0.28317734,0.00002215
commdgi,as-22july06,3,17330744,0,3603.8175,315,as-22july06.graph,22963,96872,0.483523293,4537471736,14,0.30468048,0.00002468
commdgi,as-22july06,4,17330744,0,3607.6610,320,as-22july06.graph,22963,96872,0.476232783,4469056252,15,0.32357055,0.00002930
commdgi,as-22july06,5,17330744,0,3606.4735,332,as-22july06.graph,22963,96872,0.485062589,4551916782,15,0.31306051,0.00002412
clustre_fast,as-22july06,1,6144,0,0.0184319,0,as-22july06.graph,22963,96872,0.540706840,5074092688,48,0.18210447,0.00003122
clustre_fast,as-22july06,2,6144,0,0.018424,0,as-22july06.graph,22963,96872,0.540706840,5074092688,48,0.18210447,0.00003122
clustre_fast,as-22july06,3,6144,0,0.018461,0,as-22july06.graph,22963,96872,0.540706840,5074092688,48,0.18210447,0.00003122
clustre_fast,as-22july06,4,6144,0,0.018363,0,as-22july06.graph,22963,96872,0.540706840,5074092688,48,0.18210447,0.00003122
clustre_fast,as-22july06,5,6144,0,0.018368,0,as-22july06.graph,22963,96872,0.540706840,5074092688,48,0.18210447,0.00003122
clustre_strong,as-22july06,1,14336,0,.025316001,0,as-22july06.graph,22963,96872,0.615979167,5780462088,19,0.13259190,0.00002392
clustre_strong,as-22july06,2,14336,0,.025636899,0,as-22july06.graph,22963,96872,0.615979167,5780462088,19,0.13259190,0.00002392
clustre_strong,as-22july06,3,14336,0,.025371308,0,as-22july06.graph,22963,96872,0.615979167,5780462088,19,0.13259190,0.00002392
clustre_strong,as-22july06,4,14336,0,.025370332,0,as-22july06.graph,22963,96872,0.615979167,5780462088,19,0.13259190,0.00002392
clustre_strong,as-22july06,5,14336,0,.02542594,0,as-22july06.graph,22963,96872,0.615979167,5780462088,19,0.13259190,0.00002392
walktrap,caidaRouterLevel,1,20427360,0,1023.6037,0,caidaRouterLevel.graph,192244,1218132,0.682172025,1012237937348,20291,0.14885859,0.00000195
walktrap,caidaRouterLevel,2,20427360,0,1025.7786,0,caidaRouterLevel.graph,192244,1218132,0.682172025,1012237937348,20291,0.14885859,0.00000195
walktrap,caidaRouterLevel,3,20427360,0,1022.8077,0,caidaRouterLevel.graph,192244,1218132,0.682172025,1012237937348,20291,0.14885859,0.00000195
walktrap,caidaRouterLevel,4,20427360,0,1018.1801,0,caidaRouterLevel.graph,192244,1218132,0.682172025,1012237937348,20291,0.14885859,0.00000195
walktrap,caidaRouterLevel,5,20427360,0,1021.7694,0,caidaRouterLevel.graph,192244,1218132,0.682172025,1012237937348,20291,0.14885859,0.00000195
vieclus,caidaRouterLevel,1,247596,0,3583.97,0,caidaRouterLevel.graph,192244,1218132,0.872613312,1294823397050,446,0.01005907,0.00000030
vieclus,caidaRouterLevel,2,247372,0,3575.22,0,caidaRouterLevel.graph,192244,1218132,0.872679470,1294921565710,438,0.00994642,0.00000030
vieclus,caidaRouterLevel,3,248644,0,3603.39,0,caidaRouterLevel.graph,192244,1218132,0.872624081,1294839377022,438,0.00992088,0.00000030
vieclus,caidaRouterLevel,4,246428,0,3587.99,0,caidaRouterLevel.graph,192244,1218132,0.872736471,1295006146430,443,0.01019623,0.00000030
vieclus,caidaRouterLevel,5,248212,0,3596.79,0,caidaRouterLevel.graph,192244,1218132,0.872784228,1295077010860,447,0.01021270,0.00000031
ucode,caidaRouterLevel,1,864628,1
ucode,caidaRouterLevel,2,864628,1
ucode,caidaRouterLevel,3,864628,1
ucode,caidaRouterLevel,4,864628,1
ucode,caidaRouterLevel,5,864628,1
magi,caidaRouterLevel,1,5336200,0,3606.9422795772552,14,caidaRouterLevel.graph,192244,1218132,0.031257076,46380675178,3,0.31263327,0.00002143
magi,caidaRouterLevel,2,5336200,0,3608.3140258789062,13,caidaRouterLevel.graph,192244,1218132,0.023410094,34736965702,5,0.38772121,0.00001926
magi,caidaRouterLevel,3,5336200,0,3607.3382444381714,13,caidaRouterLevel.graph,192244,1218132,0.013773844,20438258842,5,0.39548507,0.00001428
magi,caidaRouterLevel,4,5336200,0,3608.3424377441406,13,caidaRouterLevel.graph,192244,1218132,0.023562833,34963606290,4,0.36064357,0.00001550
magi,caidaRouterLevel,5,5336200,0,3606.3102028369904,12,caidaRouterLevel.graph,192244,1218132,0.007507016,11139253110,4,0.37029433,0.00001540
louvain,caidaRouterLevel,1,123712,0,1.6939,0,caidaRouterLevel.graph,192244,1218132,0.861829824,1278822366228,505,0.01280991,0.00000033
louvain,caidaRouterLevel,2,123712,0,2.6214,0,caidaRouterLevel.graph,192244,1218132,0.862000648,1279075842568,496,0.01239393,0.00000032
louvain,caidaRouterLevel,3,123712,0,1.7863,0,caidaRouterLevel.graph,192244,1218132,0.862813877,1280282548776,483,0.01183425,0.00000031
louvain,caidaRouterLevel,4,123712,0,1.8868,0,caidaRouterLevel.graph,192244,1218132,0.857200412,1271953034452,556,0.01523184,0.00000034
louvain,caidaRouterLevel,5,123712,0,2.0053,0,caidaRouterLevel.graph,192244,1218132,0.861636406,1278535363654,529,0.01302525,0.00000032
leiden,caidaRouterLevel,1,122688,0,1.0490,0,caidaRouterLevel.graph,192244,1218132,0.869174973,1289721433878,439,0.01021763,0.00000031
leiden,caidaRouterLevel,2,122688,0,1.0492,0,caidaRouterLevel.graph,192244,1218132,0.869743871,1290565590688,451,0.01068044,0.00000031
leiden,caidaRouterLevel,3,122688,0,1.0403,0,caidaRouterLevel.graph,192244,1218132,0.869548405,1290275548416,449,0.01092860,0.00000033
leiden,caidaRouterLevel,4,122688,0,1.0538,0,caidaRouterLevel.graph,192244,1218132,0.870116848,1291119030914,440,0.01044492,0.00000032
leiden,caidaRouterLevel,5,122688,0,1.0518,0,caidaRouterLevel.graph,192244,1218132,0.869562071,1290295827570,440,0.01051289,0.00000032
infomap,caidaRouterLevel,1,805856,0,15.1187,0,caidaRouterLevel.graph,192244,1218132,0.075854904,112556964480,309,0.00007467,0.00000000
infomap,caidaRouterLevel,2,805856,0,15.1359,0,caidaRouterLevel.graph,192244,1218132,0.075854904,112556964480,309,0.00007467,0.00000000
infomap,caidaRouterLevel,3,805856,0,15.1262,0,caidaRouterLevel.graph,192244,1218132,0.075854904,112556964480,309,0.00007467,0.00000000
infomap,caidaRouterLevel,4,805856,0,15.1864,0,caidaRouterLevel.graph,192244,1218132,0.075854904,112556964480,309,0.00007467,0.00000000
infomap,caidaRouterLevel,5,805856,0,15.1539,0,caidaRouterLevel.graph,192244,1218132,0.075854904,112556964480,309,0.00007467,0.00000000
hollocou,caidaRouterLevel,1,26412,0,0.029,0,caidaRouterLevel.graph,192244,1218132,0.385642088,572233305140,32251,0.40982986,0.00000405
hollocou,caidaRouterLevel,2,26412,0,0.026,0,caidaRouterLevel.graph,192244,1218132,0.395987716,587584618600,32388,0.41025348,0.00000409
hollocou,caidaRouterLevel,3,26412,0,0.028,0,caidaRouterLevel.graph,192244,1218132,0.385956530,572699887390,33083,0.41020099,0.00000407
hollocou,caidaRouterLevel,4,26412,0,0.025,0,caidaRouterLevel.graph,192244,1218132,0.390334761,579196506018,32450,0.41021489,0.00000403
hollocou,caidaRouterLevel,5,26412,0,0.025,0,caidaRouterLevel.graph,192244,1218132,0.376075856,558038493308,32430,0.41005292,0.00000407
gnns,caidaRouterLevel,1,7024644,0,3600.750106573105,1750,caidaRouterLevel.graph,192244,1218132,0.819716794,1216333134418,438,0.07203264,0.00000197
gnns,caidaRouterLevel,2,7024644,0,3645.0748114585876,1750,caidaRouterLevel.graph,192244,1218132,0.820198266,1217047564260,438,0.07310624,0.00000199
gnns,caidaRouterLevel,3,7024644,0,3638.6377305984497,1750,caidaRouterLevel.graph,192244,1218132,0.803432174,1192169272870,438,0.08401778,0.00000229
gnns,caidaRouterLevel,4,7024644,0,3603.59224486351,1720,caidaRouterLevel.graph,192244,1218132,0.828118128,1228799416564,436,0.06656354,0.00000172
gnns,caidaRouterLevel,5,7024644,0,3657.2390644550323,1800,caidaRouterLevel.graph,192244,1218132,0.828029524,1228667941950,436,0.08333040,0.00000199
dmon,caidaRouterLevel,1,1374136,1
dmon,caidaRouterLevel,2,1374136,1
dmon,caidaRouterLevel,3,1374136,1
dmon,caidaRouterLevel,4,1374136,1
dmon,caidaRouterLevel,5,1374136,1
dgcluster,caidaRouterLevel,1,3707888,0,1542.697651386261,300,caidaRouterLevel.graph,192244,1218132,0.180615949,268006175992,2,0.17934434,0.00001383
dgcluster,caidaRouterLevel,2,3707888,0,1520.194030046463,300,caidaRouterLevel.graph,192244,1218132,0.188774007,280111474336,2,0.16957716,0.00001419
dgcluster,caidaRouterLevel,3,3707888,0,1492.8169360160828,300,caidaRouterLevel.graph,192244,1218132,0.195169094,289600796176,2,0.15958464,0.00001484
dgcluster,caidaRouterLevel,4,3707888,0,1495.9822838306427,300,caidaRouterLevel.graph,192244,1218132,0.198088658,293932977696,2,0.15649483,0.00001489
dgcluster,caidaRouterLevel,5,3707888,0,1496.6314980983734,300,caidaRouterLevel.graph,192244,1218132,0.186234456,276343172926,2,0.17001717,0.00001460
commdgi,caidaRouterLevel,1,456704,1
commdgi,caidaRouterLevel,2,456704,1
commdgi,caidaRouterLevel,3,456704,1
commdgi,caidaRouterLevel,4,456704,1
commdgi,caidaRouterLevel,5,456704,1
clustre_fast,caidaRouterLevel,1,6144,0,0.174089,0,caidaRouterLevel.graph,192244,1218132,0.731341498,1085197842720,7813,0.15743914,0.00000270
clustre_fast,caidaRouterLevel,2,6144,0,0.175375,0,caidaRouterLevel.graph,192244,1218132,0.731341498,1085197842720,7813,0.15743914,0.00000270
clustre_fast,caidaRouterLevel,3,6144,0,0.175128,0,caidaRouterLevel.graph,192244,1218132,0.731341498,1085197842720,7813,0.15743914,0.00000270
clustre_fast,caidaRouterLevel,4,6144,0,0.175567,0,caidaRouterLevel.graph,192244,1218132,0.731341498,1085197842720,7813,0.15743914,0.00000270
clustre_fast,caidaRouterLevel,5,6144,0,0.174354,0,caidaRouterLevel.graph,192244,1218132,0.731341498,1085197842720,7813,0.15743914,0.00000270
clustre_strong,caidaRouterLevel,1,49152,0,1414.171808,0,caidaRouterLevel.graph,192244,1218132,0.844424852,1252996076310,582,0.02005931,0.00000038
clustre_strong,caidaRouterLevel,2,53248,0,467.653062,0,caidaRouterLevel.graph,192244,1218132,0.844492351,1253096233772,582,0.02025883,0.00000038
clustre_strong,caidaRouterLevel,3,49152,0,2231.054205,0,caidaRouterLevel.graph,192244,1218132,0.844480166,1253078153450,582,0.02025801,0.00000038
clustre_strong,caidaRouterLevel,4,49152,0,1546.64119,0,caidaRouterLevel.graph,192244,1218132,0.844463238,1253053034540,583,0.02020394,0.00000038
clustre_strong,caidaRouterLevel,5,53248,0,2773.494455,0,caidaRouterLevel.graph,192244,1218132,0.844436265,1253013011646,582,0.02004398,0.00000038
walktrap,celegansneural,1,20480,0,0.0149,0,celegansneural.graph,297,4296,0.412124667,128211590,22,0.40880580,0.01720738
walktrap,celegansneural,2,20480,0,0.0146,0,celegansneural.graph,297,4296,0.412124667,128211590,22,0.40880580,0.01720738
walktrap,celegansneural,3,20480,0,0.0145,0,celegansneural.graph,297,4296,0.412124667,128211590,22,0.40880580,0.01720738
walktrap,celegansneural,4,20480,0,0.0144,0,celegansneural.graph,297,4296,0.412124667,128211590,22,0.40880580,0.01720738
walktrap,celegansneural,5,20480,0,0.0149,0,celegansneural.graph,297,4296,0.412124667,128211590,22,0.40880580,0.01720738
vieclus,celegansneural,1,22528,0,0.135402,0,celegansneural.graph,297,4296,0.503782403,156726224,5,0.13877687,0.03380873
vieclus,celegansneural,2,20480,0,0.111513,0,celegansneural.graph,297,4296,0.503782403,156726224,5,0.13877687,0.03380873
vieclus,celegansneural,3,20480,0,0.222159,0,celegansneural.graph,297,4296,0.503782403,156726224,5,0.13877687,0.03380873
vieclus,celegansneural,4,20480,0,0.074342,0,celegansneural.graph,297,4296,0.503782403,156726224,5,0.13877687,0.03380873
vieclus,celegansneural,5,20480,0,0.133003,0,celegansneural.graph,297,4296,0.503782403,156726224,5,0.13877687,0.03380873
ucode,celegansneural,1,372192,0,2.6309731006622314,1000,celegansneural.graph,297,4296,0.000000000,0,1,0.00000000,0.00000000
ucode,celegansneural,2,372192,0,2.656497001647949,1000,celegansneural.graph,297,4296,0.000000000,0,1,0.00000000,0.00000000
ucode,celegansneural,3,372192,0,2.6536734104156494,1000,celegansneural.graph,297,4296,0.000000000,0,1,0.00000000,0.00000000
ucode,celegansneural,4,372192,0,2.6981091499328613,1000,celegansneural.graph,297,4296,0.000000000,0,1,0.00000000,0.00000000
ucode,celegansneural,5,372192,0,2.6405134201049805,1000,celegansneural.graph,297,4296,0.000000000,0,1,0.00000000,0.00000000
magi,celegansneural,1,400956,0,3.1991968154907227,100,celegansneural.graph,297,4296,-0.006519885,-2028330,8,0.49268515,0.03953512
magi,celegansneural,2,400956,0,3.195862293243408,100,celegansneural.graph,297,4296,-0.006519885,-2028330,8,0.49268515,0.03953512
magi,celegansneural,3,400956,0,3.256105661392212,100,celegansneural.graph,297,4296,-0.006519885,-2028330,8,0.49268515,0.03953512
magi,celegansneural,4,400956,0,3.2378437519073486,100,celegansneural.graph,297,4296,-0.006519885,-2028330,8,0.49268515,0.03953512
magi,celegansneural,5,400956,0,3.3106026649475098,100,celegansneural.graph,297,4296,-0.006519885,-2028330,8,0.49268515,0.03953512
louvain,celegansneural,1,20480,0,0.0078,0,celegansneural.graph,297,4296,0.444185222,138185598,5,0.16790570,0.04167847
louvain,celegansneural,2,20480,0,0.0070,0,celegansneural.graph,297,4296,0.372738464,115958580,4,0.17889947,0.04900217
louvain,celegansneural,3,20480,0,0.0067,0,celegansneural.graph,297,4296,0.412002654,128173632,6,0.19776240,0.04536894
louvain,celegansneural,4,20480,0,0.0068,0,celegansneural.graph,297,4296,0.416049578,129432626,5,0.17823772,0.04375749
louvain,celegansneural,5,20480,0,0.0069,0,celegansneural.graph,297,4296,0.392766041,122189140,6,0.21889609,0.05415922
leiden,celegansneural,1,20480,0,0.0070,0,celegansneural.graph,297,4296,0.499247352,155315374,6,0.16543558,0.03838099
leiden,celegansneural,2,20480,0,0.0069,0,celegansneural.graph,297,4296,0.501709764,156081428,5,0.13694517,0.03247644
leiden,celegansneural,3,20480,0,0.0067,0,celegansneural.graph,297,4296,0.497341226,154722380,6,0.16767682,0.03903655
leiden,celegansneural,4,20480,0,0.0065,0,celegansneural.graph,297,4296,0.502738587,156401494,6,0.16326798,0.03777080
leiden,celegansneural,5,20480,0,0.0062,0,celegansneural.graph,297,4296,0.502885916,156447328,5,0.13679759,0.03275227
infomap,celegansneural,1,18432,0,0.0146,0,celegansneural.graph,297,4296,0.464860200,144617564,13,0.24017378,0.04344473
infomap,celegansneural,2,18432,0,0.0142,0,celegansneural.graph,297,4296,0.464860200,144617564,13,0.24017378,0.04344473
infomap,celegansneural,3,18432,0,0.0138,0,celegansneural.graph,297,4296,0.464860200,144617564,13,0.24017378,0.04344473
infomap,celegansneural,4,18432,0,0.0139,0,celegansneural.graph,297,4296,0.464860200,144617564,13,0.24017378,0.04344473
infomap,celegansneural,5,18432,0,0.0141,0,celegansneural.graph,297,4296,0.464860200,144617564,13,0.24017378,0.04344473
hollocou,celegansneural,1,2048,0,0.000,0,celegansneural.graph,297,4296,-0.000000109,-34,4,0.50000000,0.00222390
hollocou,celegansneural,2,2048,0,0.000,0,celegansneural.graph,297,4296,-0.000000045,-14,3,0.50000000,0.00169493
hollocou,celegansneural,3,2048,0,0.000,0,celegansneural.graph,297,4296,-0.000000006,-2,2,0.50000000,0.00168919
hollocou,celegansneural,4,2048,0,0.001,0,celegansneural.graph,297,4296,-0.000000019,-6,3,0.50000000,0.00169110
hollocou,celegansneural,5,2048,0,0.000,0,celegansneural.graph,297,4296,0.000000000,0,1,0.00000000,0.00000000
gnns,celegansneural,1,280680,0,0.19661355018615723,50,celegansneural.graph,297,4296,0.432776540,134636368,6,0.19668112,0.04847099
gnns,celegansneural,2,280680,0,0.19303154945373535,50,celegansneural.graph,297,4296,0.425907731,132499488,6,0.19950993,0.04928118
gnns,celegansneural,3,280680,0,0.1909618377685547,50,celegansneural.graph,297,4296,0.446555734,138923062,6,0.19420040,0.04772285
gnns,celegansneural,4,280680,0,0.1926867961883545,50,celegansneural.graph,297,4296,0.444646020,138328952,5,0.17954157,0.04779755
gnns,celegansneural,5,280680,0,0.19221878051757812,50,celegansneural.graph,297,4296,0.422241477,131358920,6,0.19593903,0.04584146
dmon,celegansneural,1,581632,0,29.6716,1000,celegansneural.graph,297,4296,0.398624844,124011808,16,0.31602484,0.04661078
dmon,celegansneural,2,581632,0,29.5041,1000,celegansneural.graph,297,4296,0.414024242,128802546,16,0.32039436,0.04393232
dmon,celegansneural,3,581632,0,29.4958,1000,celegansneural.graph,297,4296,0.364773689,113480746,16,0.31595079,0.04988158
dmon,celegansneural,4,581632,0,29.4875,1000,celegansneural.graph,297,4296,0.402122399,125099894,16,0.31945091,0.04728775
dmon,celegansneural,5,581632,0,29.7009,1000,celegansneural.graph,297,4296,0.400379327,124557626,16,0.31946995,0.04520123
dgcluster,celegansneural,1,398324,0,4.504560232162476,300,celegansneural.graph,297,4296,0.000000000,0,1,0.00000000,0.00000000
dgcluster,celegansneural,2,398324,0,4.525743246078491,300,celegansneural.graph,297,4296,0.000000000,0,1,0.00000000,0.00000000
dgcluster,celegansneural,3,398324,0,4.432880401611328,300,celegansneural.graph,297,4296,0.000000000,0,1,0.00000000,0.00000000
dgcluster,celegansneural,4,398324,0,4.4784510135650635,300,celegansneural.graph,297,4296,0.000000000,0,1,0.00000000,0.00000000
dgcluster,celegansneural,5,398324,0,4.470674753189087,300,celegansneural.graph,297,4296,0.000000000,0,1,0.00000000,0.00000000
commdgi,celegansneural,1,397696,0,16.3472,1001,celegansneural.graph,297,4296,0.292000948,90841216,11,0.32599747,0.04994962
commdgi,celegansneural,2,397696,0,16.3245,1001,celegansneural.graph,297,4296,0.320187997,99610180,13,0.37040762,0.02815100
commdgi,celegansneural,3,397696,0,16.1782,1001,celegansneural.graph,297,4296,0.327016864,101734634,11,0.34497873,0.03591303
commdgi,celegansneural,4,397696,0,16.2034,1001,celegansneural.graph,297,4296,0.304639026,94772910,13,0.35885896,0.03550278
commdgi,celegansneural,5,397696,0,15.5384,1001,celegansneural.graph,297,4296,0.313525302,97537422,11,0.33918153,0.04704725
clustre_fast,celegansneural,1,6144,0,0.000551939,0,celegansneural.graph,297,4296,0.304111696,94608858,40,0.35651564,0.07049996
clustre_fast,celegansneural,2,6144,0,0.000571012,0,celegansneural.graph,297,4296,0.304111696,94608858,40,0.35651564,0.07049996
clustre_fast,celegansneural,3,6144,0,0.000553131,0,celegansneural.graph,297,4296,0.304111696,94608858,40,0.35651564,0.07049996
clustre_fast,celegansneural,4,6144,0,0.000580072,0,celegansneural.graph,297,4296,0.304111696,94608858,40,0.35651564,0.07049996
clustre_fast,celegansneural,5,6144,0,0.000535011,0,celegansneural.graph,297,4296,0.304111696,94608858,40,0.35651564,0.07049996
clustre_strong,celegansneural,1,14336,0,.001093626,0,celegansneural.graph,297,4296,0.439708197,136792800,6,0.19838128,0.04992350
clustre_strong,celegansneural,2,14336,0,.001101255,0,celegansneural.graph,297,4296,0.439708197,136792800,6,0.19838128,0.04992350
clustre_strong,celegansneural,3,14336,0,.001071692,0,celegansneural.graph,297,4296,0.439708197,136792800,6,0.19838128,0.04992350
clustre_strong,celegansneural,4,14336,0,.001057386,0,celegansneural.graph,297,4296,0.439708197,136792800,6,0.19838128,0.04992350
clustre_strong,celegansneural,5,14336,0,.001074552,0,celegansneural.graph,297,4296,0.439708197,136792800,6,0.19838128,0.04992350
walktrap,chesapeake,1,20480,0,0.0052,0,chesapeake.graph,39,340,0.225951557,26120,2,0.16363636,0.05142857
walktrap,chesapeake,2,20480,0,0.0051,0,chesapeake.graph,39,340,0.225951557,26120,2,0.16363636,0.05142857
walktrap,chesapeake,3,20480,0,0.0049,0,chesapeake.graph,39,340,0.225951557,26120,2,0.16363636,0.05142857
walktrap,chesapeake,4,20480,0,0.0045,0,chesapeake.graph,39,340,0.225951557,26120,2,0.16363636,0.05142857
walktrap,chesapeake,5,20480,0,0.0045,0,chesapeake.graph,39,340,0.225951557,26120,2,0.16363636,0.05142857
vieclus,chesapeake,1,20480,0,0.000674009,0,chesapeake.graph,39,340,0.265795847,30726,3,0.19613899,0.06467902
vieclus,chesapeake,2,22528,0,0.000655174,0,chesapeake.graph,39,340,0.265795847,30726,3,0.19613899,0.06467902
vieclus,chesapeake,3,22528,0,0.000763178,0,chesapeake.graph,39,340,0.265795847,30726,3,0.19613899,0.06467902
vieclus,chesapeake,4,20480,0,0.000830173,0,chesapeake.graph,39,340,0.265795847,30726,3,0.19613899,0.06467902
vieclus,chesapeake,5,22528,0,0.000712156,0,chesapeake.graph,39,340,0.265795847,30726,3,0.19613899,0.06467902
ucode,chesapeake,1,371236,0,1.6847648620605469,1000,chesapeake.graph,39,340,0.000000000,0,1,0.00000000,0.00000000
ucode,chesapeake,2,371236,0,1.679309368133545,1000,chesapeake.graph,39,340,0.000000000,0,1,0.00000000,0.00000000
ucode,chesapeake,3,371236,0,1.7030785083770752,1000,chesapeake.graph,39,340,0.000000000,0,1,0.00000000,0.00000000
ucode,chesapeake,4,371236,0,1.6966886520385742,1000,chesapeake.graph,39,340,0.000000000,0,1,0.00000000,0.00000000
ucode,chesapeake,5,371236,0,1.6976139545440674,1000,chesapeake.graph,39,340,0.000000000,0,1,0.00000000,0.00000000
magi,chesapeake,1,398076,0,3.089149236679077,100,chesapeake.graph,39,340,-0.081470588,-9418,7,0.46846011,0.08600407
magi,chesapeake,2,398076,0,3.1535086631774902,100,chesapeake.graph,39,340,-0.081470588,-9418,7,0.46846011,0.08600407
magi,chesapeake,3,398076,0,3.179042100906372,100,chesapeake.graph,39,340,-0.081470588,-9418,7,0.46846011,0.08600407
magi,chesapeake,4,398076,0,3.1256446838378906,100,chesapeake.graph,39,340,-0.081470588,-9418,7,0.46846011,0.08600407
magi,chesapeake,5,398076,0,3.1798229217529297,100,chesapeake.graph,39,340,-0.081470588,-9418,7,0.46846011,0.08600407
louvain,chesapeake,1,20480,0,0.0049,0,chesapeake.graph,39,340,0.259290657,29974,4,0.24985576,0.07654018
louvain,chesapeake,2,20480,0,0.0047,0,chesapeake.graph,39,340,0.262439446,30338,3,0.19955387,0.06607981
louvain,chesapeake,3,20480,0,0.0043,0,chesapeake.graph,39,340,0.262439446,30338,3,0.19955387,0.06607981
louvain,chesapeake,4,20480,0,0.0044,0,chesapeake.graph,39,340,0.262439446,30338,3,0.19955387,0.06607981
louvain,chesapeake,5,20480,0,0.0041,0,chesapeake.graph,39,340,0.265795847,30726,3,0.19613899,0.06467902
leiden,chesapeake,1,20480,0,0.0049,0,chesapeake.graph,39,340,0.265795847,30726,3,0.19613899,0.06467902
leiden,chesapeake,2,20480,0,0.0048,0,chesapeake.graph,39,340,0.265795847,30726,3,0.19613899,0.06467902
leiden,chesapeake,3,20480,0,0.0045,0,chesapeake.graph,39,340,0.262439446,30338,3,0.19955387,0.06607981
leiden,chesapeake,4,20480,0,0.0046,0,chesapeake.graph,39,340,0.259290657,29974,4,0.25092277,0.07780480
leiden,chesapeake,5,20480,0,0.0043,0,chesapeake.graph,39,340,0.262439446,30338,3,0.19955387,0.06607981
infomap,chesapeake,1,18432,0,0.0069,0,chesapeake.graph,39,340,0.000000000,0,1,0.00000000,0.00000000
infomap,chesapeake,2,18432,0,0.0068,0,chesapeake.graph,39,340,0.000000000,0,1,0.00000000,0.00000000
infomap,chesapeake,3,18432,0,0.0065,0,chesapeake.graph,39,340,0.000000000,0,1,0.00000000,0.00000000
infomap,chesapeake,4,18432,0,0.0066,0,chesapeake.graph,39,340,0.000000000,0,1,0.00000000,0.00000000
infomap,chesapeake,5,18432,0,0.0063,0,chesapeake.graph,39,340,0.000000000,0,1,0.00000000,0.00000000
hollocou,chesapeake,1,2048,0,0.000,0,chesapeake.graph,39,340,-0.000622837,-72,2,0.50000000,0.07894737
hollocou,chesapeake,2,2048,0,0.000,0,chesapeake.graph,39,340,-0.000276816,-32,2,0.50000000,0.05263158
hollocou,chesapeake,3,2048,0,0.000,0,chesapeake.graph,39,340,-0.000622837,-72,2,0.50000000,0.07894737
hollocou,chesapeake,4,2048,0,0.000,0,chesapeake.graph,39,340,0.009221453,1066,3,0.42857143,0.06048153
hollocou,chesapeake,5,2048,0,0.000,0,chesapeake.graph,39,340,-0.000276816,-32,2,0.50000000,0.05263158
gnns,chesapeake,1,249856,0,0.048732757568359375,50,chesapeake.graph,39,340,0.265795847,30726,3,0.19613899,0.06467902
gnns,chesapeake,2,249856,0,0.04563403129577637,50,chesapeake.graph,39,340,0.265795847,30726,3,0.19613899,0.06467902
gnns,chesapeake,3,249856,0,0.04550433158874512,50,chesapeake.graph,39,340,0.265795847,30726,3,0.19613899,0.06467902
gnns,chesapeake,4,249856,0,0.0453798770904541,50,chesapeake.graph,39,340,0.265795847,30726,3,0.19613899,0.06467902
gnns,chesapeake,5,249856,0,0.04540705680847168,50,chesapeake.graph,39,340,0.265795847,30726,3,0.19613899,0.06467902
dmon,chesapeake,1,591872,0,25.6272,1000,chesapeake.graph,39,340,0.123079584,14228,12,0.43530425,0.09320194
dmon,chesapeake,2,591872,0,25.4885,1000,chesapeake.graph,39,340,0.163633217,18916,9,0.38939709,0.07706113
dmon,chesapeake,3,591872,0,25.5051,1000,chesapeake.graph,39,340,0.176280276,20378,8,0.41684591,0.10147011
dmon,chesapeake,4,591872,0,25.4235,1000,chesapeake.graph,39,340,0.136366782,15764,13,0.44982673,0.10607925
dmon,chesapeake,5,591872,0,25.5026,1000,chesapeake.graph,39,340,0.129307958,14948,8,0.39676139,0.08797681
dgcluster,chesapeake,1,394292,0,1.5821921825408936,300,chesapeake.graph,39,340,0.000000000,0,1,0.00000000,0.00000000
dgcluster,chesapeake,2,394292,0,1.5248973369598389,300,chesapeake.graph,39,340,0.000000000,0,1,0.00000000,0.00000000
dgcluster,chesapeake,3,394292,0,1.5196938514709473,300,chesapeake.graph,39,340,0.000000000,0,1,0.00000000,0.00000000
dgcluster,chesapeake,4,394292,0,1.5211210250854492,300,chesapeake.graph,39,340,0.000000000,0,1,0.00000000,0.00000000
dgcluster,chesapeake,5,394292,0,1.528174877166748,300,chesapeake.graph,39,340,0.000000000,0,1,0.00000000,0.00000000
commdgi,chesapeake,1,373008,0,8.3981,1001,chesapeake.graph,39,340,0.142110726,16428,13,0.42231235,0.12147705
commdgi,chesapeake,2,373008,0,6.8683,1001,chesapeake.graph,39,340,0.112733564,13032,12,0.41625058,0.08029188
commdgi,chesapeake,3,373008,0,6.6264,1001,chesapeake.graph,39,340,0.103217993,11932,15,0.44528503,0.10110895
commdgi,chesapeake,4,373008,0,6.4742,1001,chesapeake.graph,39,340,0.143477508,16586,11,0.41026833,0.07733667
commdgi,chesapeake,5,373008,0,6.4954,1001,chesapeake.graph,39,340,0.117750865,13612,14,0.43580328,0.08681117
clustre_fast,chesapeake,1,6144,0,0.000174046,0,chesapeake.graph,39,340,0.197906574,22878,6,0.33371435,0.08917440
clustre_fast,chesapeake,2,6144,0,0.000162125,0,chesapeake.graph,39,340,0.197906574,22878,6,0.33371435,0.08917440
clustre_fast,chesapeake,3,6144,0,0.000184059,0,chesapeake.graph,39,340,0.197906574,22878,6,0.33371435,0.08917440
clustre_fast,chesapeake,4,6144,0,0.000196934,0,chesapeake.graph,39,340,0.197906574,22878,6,0.33371435,0.08917440
clustre_fast,chesapeake,5,6144,0,0.000181913,0,chesapeake.graph,39,340,0.197906574,22878,6,0.33371435,0.08917440
clustre_strong,chesapeake,1,12288,0,,0,chesapeake.graph,39,340,0.265795847,30726,3,0.19613899,0.06467902
clustre_strong,chesapeake,2,12288,0,,0,chesapeake.graph,39,340,0.265795847,30726,3,0.19613899,0.06467902
clustre_strong,chesapeake,3,12288,0,,0,chesapeake.graph,39,340,0.265795847,30726,3,0.19613899,0.06467902
clustre_strong,chesapeake,4,12288,0,,0,chesapeake.graph,39,340,0.265795847,30726,3,0.19613899,0.06467902
clustre_strong,chesapeake,5,10240,0,,0,chesapeake.graph,39,340,0.265795847,30726,3,0.19613899,0.06467902
walktrap,cnr-2000,1,60600432,0,2043.0256,0,cnr-2000.graph,325557,5477938,0.863469242,25910816424632,17060,0.20523657,0.00000126
walktrap,cnr-2000,2,60600432,0,2016.0747,0,cnr-2000.graph,325557,5477938,0.863469242,25910816424632,17060,0.20523657,0.00000126
walktrap,cnr-2000,3,60600432,0,2009.5906,0,cnr-2000.graph,325557,5477938,0.863469242,25910816424632,17060,0.20523657,0.00000126
walktrap,cnr-2000,4,60600432,0,2021.0645,0,cnr-2000.graph,325557,5477938,0.863469242,25910816424632,17060,0.20523657,0.00000126
walktrap,cnr-2000,5,60600432,0,2029.8799,0,cnr-2000.graph,325557,5477938,0.863469242,25910816424632,17060,0.20523657,0.00000126
vieclus,cnr-2000,1,519168,0,3583.59,0,cnr-2000.graph,325557,5477938,0.913118487,27400681279818,267,0.00302798,0.00000006
vieclus,cnr-2000,2,507164,0,3546.79,0,cnr-2000.graph,325557,5477938,0.913126761,27400929563176,281,0.00339921,0.00000009
vieclus,cnr-2000,3,509204,0,3466.95,0,cnr-2000.graph,325557,5477938,0.913129666,27401016719978,277,0.00336562,0.00000009
vieclus,cnr-2000,4,505784,0,2933.69,0,cnr-2000.graph,325557,5477938,0.913121952,27400785242102,275,0.00339500,0.00000006
vieclus,cnr-2000,5,508212,0,3515.62,0,cnr-2000.graph,325557,5477938,0.913127547,27400953140752,275,0.00343832,0.00000009
ucode,cnr-2000,1,2416436,1
ucode,cnr-2000,2,2416436,1
ucode,cnr-2000,3,2416436,1
ucode,cnr-2000,4,2416436,1
ucode,cnr-2000,5,2416436,1
magi,cnr-2000,1,6642916,0,3606.5161514282227,10,cnr-2000.graph,325557,5477938,0.004626391,138827849566,2,0.24810784,0.00002568
magi,cnr-2000,2,6642916,0,3605.3599877357483,9,cnr-2000.graph,325557,5477938,0.018262035,548003603514,7,0.39409304,0.00001502
magi,cnr-2000,3,6642916,0,3606.612137079239,9,cnr-2000.graph,325557,5477938,0.014719461,441698715240,5,0.37217015,0.00001829
magi,cnr-2000,4,6642916,0,3606.3077249526978,9,cnr-2000.graph,325557,5477938,0.002403236,72115849788,3,0.45579126,0.00000536
magi,cnr-2000,5,6642916,0,3608.1852910518646,8,cnr-2000.graph,325557,5477938,0.010671738,320235446502,4,0.34453247,0.00001636
louvain,cnr-2000,1,464980,0,13.9860,0,cnr-2000.graph,325557,5477938,0.912713344,27388523817864,258,0.00351235,0.00000006
louvain,cnr-2000,2,464980,0,11.0665,0,cnr-2000.graph,325557,5477938,0.912746258,27389511493082,243,0.00343732,0.00000006
louvain,cnr-2000,3,464980,0,12.5886,0,cnr-2000.graph,325557,5477938,0.912769940,27390222140850,254,0.00352417,0.00000006
louvain,cnr-2000,4,464980,0,13.2826,0,cnr-2000.graph,325557,5477938,0.912747878,27389560121274,244,0.00347893,0.00000006
louvain,cnr-2000,5,464980,0,10.6891,0,cnr-2000.graph,325557,5477938,0.912683977,27387642576394,249,0.00373297,0.00000006
leiden,cnr-2000,1,463824,0,1.6939,0,cnr-2000.graph,325557,5477938,0.913067703,27399157348756,270,0.00352958,0.00000009
leiden,cnr-2000,2,463824,0,1.7373,0,cnr-2000.graph,325557,5477938,0.913038339,27398276209992,275,0.00347076,0.00000009
leiden,cnr-2000,3,463824,0,1.7233,0,cnr-2000.graph,325557,5477938,0.913039695,27398316892878,269,0.00353504,0.00000009
leiden,cnr-2000,4,463824,0,1.7004,0,cnr-2000.graph,325557,5477938,0.913041264,27398363983246,269,0.00335536,0.00000006
leiden,cnr-2000,5,463824,0,1.7106,0,cnr-2000.graph,325557,5477938,0.913050879,27398652500904,270,0.00344249,0.00000009
infomap,cnr-2000,1,2257108,0,16.8546,0,cnr-2000.graph,325557,5477938,0.551052193,16535866633184,14,0.00050799,0.00000001
infomap,cnr-2000,2,2257108,0,16.4700,0,cnr-2000.graph,325557,5477938,0.551052193,16535866633184,14,0.00050799,0.00000001
infomap,cnr-2000,3,2257108,0,16.5374,0,cnr-2000.graph,325557,5477938,0.551052193,16535866633184,14,0.00050799,0.00000001
infomap,cnr-2000,4,2257108,0,16.4641,0,cnr-2000.graph,325557,5477938,0.551052193,16535866633184,14,0.00050799,0.00000001
infomap,cnr-2000,5,2257108,0,16.6956,0,cnr-2000.graph,325557,5477938,0.551052193,16535866633184,14,0.00050799,0.00000001
hollocou,cnr-2000,1,67664,0,0.131,0,cnr-2000.graph,325557,5477938,0.444168230,13328513516230,48291,0.46147421,0.00001314
hollocou,cnr-2000,2,67664,0,0.126,0,cnr-2000.graph,325557,5477938,0.446166610,13388480535224,48038,0.46143186,0.00001324
hollocou,cnr-2000,3,67664,0,0.110,0,cnr-2000.graph,325557,5477938,0.444232376,13330438402328,47846,0.46051733,0.00001331
hollocou,cnr-2000,4,67664,0,0.110,0,cnr-2000.graph,325557,5477938,0.447408725,13425753667936,46626,0.46125082,0.00001349
hollocou,cnr-2000,5,67664,0,0.111,0,cnr-2000.graph,325557,5477938,0.445033994,13354493196980,49016,0.46155120,0.00001307
gnns,cnr-2000,1,15377064,0,3725.581766843796,750,cnr-2000.graph,325557,5477938,0.896915326,26914459976386,531,0.02976155,0.00000080
gnns,cnr-2000,2,15377064,0,3663.839250087738,800,cnr-2000.graph,325557,5477938,0.893636946,26816082977318,541,0.03387140,0.00000093
gnns,cnr-2000,3,15377064,0,3712.5601935386658,800,cnr-2000.graph,325557,5477938,0.883274389,26505125405670,556,0.04028848,0.00000123
gnns,cnr-2000,4,15377064,0,3689.8990774154663,700,cnr-2000.graph,325557,5477938,0.882863872,26492806687460,558,0.04571478,0.00000136
gnns,cnr-2000,5,15377064,0,3605.8054914474487,770,cnr-2000.graph,325557,5477938,0.892243215,26774260197284,529,0.03051037,0.00000092
dmon,cnr-2000,1,958048,1
dmon,cnr-2000,2,958048,1
dmon,cnr-2000,3,958048,1
dmon,cnr-2000,4,958048,1
dmon,cnr-2000,5,958048,1
dgcluster,cnr-2000,1,10067944,0,3609.0343556404114,272,cnr-2000.graph,325557,5477938,0.000000000,0,1,0.00000000,0.00000000
dgcluster,cnr-2000,2,10067944,0,3610.445757627487,265,cnr-2000.graph,325557,5477938,0.000000000,0,1,0.00000000,0.00000000
dgcluster,cnr-2000,3,10067944,0,3611.5854115486145,272,cnr-2000.graph,325557,5477938,0.000000000,0,1,0.00000000,0.00000000
dgcluster,cnr-2000,4,10067944,0,3610.0441336631775,268,cnr-2000.graph,325557,5477938,0.000000000,0,1,0.00000000,0.00000000
dgcluster,cnr-2000,5,10067944,0,3607.0543286800385,269,cnr-2000.graph,325557,5477938,0.000000000,0,1,0.00000000,0.00000000
commdgi,cnr-2000,1,778240,1
commdgi,cnr-2000,2,778240,1
commdgi,cnr-2000,3,778240,1
commdgi,cnr-2000,4,778240,1
commdgi,cnr-2000,5,778240,1
clustre_fast,cnr-2000,1,10240,0,0.34498,0,cnr-2000.graph,325557,5477938,0.591774888,17757865294904,44097,0.40615738,0.00000804
clustre_fast,cnr-2000,2,8192,0,0.342122,0,cnr-2000.graph,325557,5477938,0.591774888,17757865294904,44097,0.40615738,0.00000804
clustre_fast,cnr-2000,3,10240,0,0.338994,0,cnr-2000.graph,325557,5477938,0.591774888,17757865294904,44097,0.40615738,0.00000804
clustre_fast,cnr-2000,4,10240,0,0.339596,0,cnr-2000.graph,325557,5477938,0.591774888,17757865294904,44097,0.40615738,0.00000804
clustre_fast,cnr-2000,5,10240,0,0.364021,0,cnr-2000.graph,325557,5477938,0.591774888,17757865294904,44097,0.40615738,0.00000804
clustre_strong,cnr-2000,1,68660,0,2279.449653,0,cnr-2000.graph,325557,5477938,0.912458270,27380869592450,302,0.00447662,0.00000007
clustre_strong,cnr-2000,2,66636,0,1168.830965,0,cnr-2000.graph,325557,5477938,0.912456237,27380808597986,296,0.00451199,0.00000007
clustre_strong,cnr-2000,3,68188,0,3399.867576,0,cnr-2000.graph,325557,5477938,0.912457377,27380842798910,304,0.00422514,0.00000007
clustre_strong,cnr-2000,4,68256,0,2986.838725,0,cnr-2000.graph,325557,5477938,0.912455489,27380786165168,303,0.00422773,0.00000007
clustre_strong,cnr-2000,5,69244,0,171.458523,0,cnr-2000.graph,325557,5477938,0.912456250,27380809001784,290,0.00416031,0.00000007
walktrap,cond-mat,1,206392,0,4.8595,0,cond-mat.graph,16726,95188,0.741759374,6720900216,2017,0.06801364,0.00001473
walktrap,cond-mat,2,206392,0,4.8036,0,cond-mat.graph,16726,95188,0.741759374,6720900216,2017,0.06801364,0.00001473
walktrap,cond-mat,3,206392,0,4.8377,0,cond-mat.graph,16726,95188,0.741759374,6720900216,2017,0.06801364,0.00001473
walktrap,cond-mat,4,206392,0,4.7421,0,cond-mat.graph,16726,95188,0.741759374,6720900216,2017,0.06801364,0.00001473
walktrap,cond-mat,5,206392,0,4.7260,0,cond-mat.graph,16726,95188,0.741759374,6720900216,2017,0.06801364,0.00001473
vieclus,cond-mat,1,38152,0,3319.09,0,cond-mat.graph,16726,95188,0.854761792,7744787482,789,0.00262497,0.00000102
vieclus,cond-mat,2,38912,0,2790.7,0,cond-mat.graph,16726,95188,0.854685724,7744098242,792,0.00259380,0.00000100
vieclus,cond-mat,3,38912,0,2530.15,0,cond-mat.graph,16726,95188,0.854831853,7745422282,792,0.00264248,0.00000102
vieclus,cond-mat,4,38912,0,2957.72,0,cond-mat.graph,16726,95188,0.854773579,7744894280,791,0.00262946,0.00000102
vieclus,cond-mat,5,38940,0,3364.3,0,cond-mat.graph,16726,95188,0.854760135,7744772462,790,0.00261692,0.00000102
ucode,cond-mat,1,4924764,0,1728.2723667621613,1000,cond-mat.graph,16726,95188,0.000000000,-8,2,0.50000000,0.00005979
ucode,cond-mat,2,4924764,0,1732.043426990509,1000,cond-mat.graph,16726,95188,0.000000000,0,1,0.00000000,0.00000000
ucode,cond-mat,3,4924764,0,1735.2200167179108,1000,cond-mat.graph,16726,95188,0.000000000,0,1,0.00000000,0.00000000
ucode,cond-mat,4,4924764,0,1729.798701763153,1000,cond-mat.graph,16726,95188,0.000189660,1718464,2,0.48872180,0.00009749
ucode,cond-mat,5,4924764,0,1738.5364172458649,1000,cond-mat.graph,16726,95188,0.000000000,0,1,0.00000000,0.00000000
magi,cond-mat,1,1966572,0,1148.6026592254639,100,cond-mat.graph,16726,95188,0.104819230,949741406,4,0.31718385,0.00020394
magi,cond-mat,2,1966572,0,1170.6867907047272,100,cond-mat.graph,16726,95188,0.082365928,746297530,5,0.34556326,0.00017761
magi,cond-mat,3,1966572,0,1208.7324125766754,100,cond-mat.graph,16726,95188,0.121790082,1103510138,3,0.27187479,0.00014650
magi,cond-mat,4,1966572,0,1113.0651879310608,100,cond-mat.graph,16726,95188,0.088804862,804639134,4,0.34433459,0.00010006
magi,cond-mat,5,1966572,0,1082.9397222995758,100,cond-mat.graph,16726,95188,0.069832383,632734146,3,0.34603205,0.00007248
louvain,cond-mat,1,28672,0,0.1033,0,cond-mat.graph,16726,95188,0.844928390,7655689426,794,0.00322867,0.00000124
louvain,cond-mat,2,28672,0,0.0840,0,cond-mat.graph,16726,95188,0.843761488,7645116420,789,0.00294471,0.00000113
louvain,cond-mat,3,28672,0,0.0915,0,cond-mat.graph,16726,95188,0.844699632,7653616712,786,0.00290349,0.00000114
louvain,cond-mat,4,28672,0,0.0847,0,cond-mat.graph,16726,95188,0.844299168,7649988204,784,0.00274401,0.00000108
louvain,cond-mat,5,28672,0,0.0805,0,cond-mat.graph,16726,95188,0.847247607,7676703284,785,0.00280944,0.00000109
leiden,cond-mat,1,26624,0,0.0692,0,cond-mat.graph,16726,95188,0.850128042,7702802208,790,0.00288060,0.00000112
leiden,cond-mat,2,26624,0,0.0676,0,cond-mat.graph,16726,95188,0.850415124,7705403386,792,0.00286925,0.00000112
leiden,cond-mat,3,26624,0,0.0709,0,cond-mat.graph,16726,95188,0.850610955,7707177762,788,0.00285790,0.00000113
leiden,cond-mat,4,26624,0,0.0683,0,cond-mat.graph,16726,95188,0.850999910,7710701990,791,0.00274637,0.00000108
leiden,cond-mat,5,26624,0,0.0677,0,cond-mat.graph,16726,95188,0.849723912,7699140480,790,0.00278135,0.00000108
infomap,cond-mat,1,56828,0,0.4484,0,cond-mat.graph,16726,95188,0.815827949,7392017450,782,0.00261222,0.00000087
infomap,cond-mat,2,56828,0,0.4621,0,cond-mat.graph,16726,95188,0.815827949,7392017450,782,0.00261222,0.00000087
infomap,cond-mat,3,56828,0,0.4710,0,cond-mat.graph,16726,95188,0.815827949,7392017450,782,0.00261222,0.00000087
infomap,cond-mat,4,56828,0,0.4897,0,cond-mat.graph,16726,95188,0.815827949,7392017450,782,0.00261222,0.00000087
infomap,cond-mat,5,56828,0,0.4861,0,cond-mat.graph,16726,95188,0.815827949,7392017450,782,0.00261222,0.00000087
hollocou,cond-mat,1,4096,0,0.002,0,cond-mat.graph,16726,95188,0.489489468,4435144316,2180,0.26326184,0.00003651
hollocou,cond-mat,2,4096,0,0.001,0,cond-mat.graph,16726,95188,0.489604016,4436182208,2151,0.25778680,0.00003512
hollocou,cond-mat,3,4096,0,0.002,0,cond-mat.graph,16726,95188,0.472122329,4277784924,2063,0.25305345,0.00003430
hollocou,cond-mat,4,4096,0,0.002,0,cond-mat.graph,16726,95188,0.488577767,4426883616,2085,0.25479919,0.00003399
hollocou,cond-mat,5,4096,0,0.002,0,cond-mat.graph,16726,95188,0.478072547,4331698386,2178,0.26070845,0.00003689
gnns,cond-mat,1,8240416,0,141.0997679233551,150,cond-mat.graph,16726,95188,0.792278337,7178640184,129,0.09092674,0.00002952
gnns,cond-mat,2,8240416,0,142.78107357025146,150,cond-mat.graph,16726,95188,0.791129617,7168231914,129,0.08928431,0.00003029
gnns,cond-mat,3,8240416,0,143.0656852722168,150,cond-mat.graph,16726,95188,0.789079946,7149660344,129,0.08842960,0.00002994
gnns,cond-mat,4,8240416,0,140.2722909450531,150,cond-mat.graph,16726,95188,0.784056842,7104147222,129,0.09414759,0.00003173
gnns,cond-mat,5,8240416,0,141.35916996002197,150,cond-mat.graph,16726,95188,0.785888682,7120745080,129,0.09391676,0.00003220
dmon,cond-mat,1,2826072,0,212.5719,1000,cond-mat.graph,16726,95188,0.704155562,6380181278,16,0.11144126,0.00003172
dmon,cond-mat,2,2826072,0,212.0885,1000,cond-mat.graph,16726,95188,0.733238022,6643690328,16,0.08419593,0.00002644
dmon,cond-mat,3,2826072,0,212.6027,1000,cond-mat.graph,16726,95188,0.737582878,6683058010,16,0.08835406,0.00002808
dmon,cond-mat,4,2826072,0,211.6959,1000,cond-mat.graph,16726,95188,0.734088500,6651396300,16,0.09015034,0.00002497
dmon,cond-mat,5,2826072,0,213.2394,1000,cond-mat.graph,16726,95188,0.740807608,6712276496,16,0.08255866,0.00002448
dgcluster,cond-mat,1,831852,0,96.64796996116638,300,cond-mat.graph,16726,95188,0.000000000,0,1,0.00000000,0.00000000
dgcluster,cond-mat,2,831852,0,102.56615972518921,300,cond-mat.graph,16726,95188,0.000000000,0,1,0.00000000,0.00000000
dgcluster,cond-mat,3,831852,0,102.15121150016785,300,cond-mat.graph,16726,95188,0.000000000,0,1,0.00000000,0.00000000
dgcluster,cond-mat,4,831852,0,102.50892496109009,300,cond-mat.graph,16726,95188,0.000000000,0,1,0.00000000,0.00000000
dgcluster,cond-mat,5,831852,0,103.54177212715149,300,cond-mat.graph,16726,95188,0.000000000,0,1,0.00000000,0.00000000
commdgi,cond-mat,1,9463100,0,3605.3277,541,cond-mat.graph,16726,95188,0.570618186,5170231784,9,0.17437009,0.00001754
commdgi,cond-mat,2,9463100,0,3606.3335,541,cond-mat.graph,16726,95188,0.511605976,4635536582,6,0.08291764,0.00001644
commdgi,cond-mat,3,9463100,0,3600.7555,540,cond-mat.graph,16726,95188,0.491426788,4452697904,7,0.03433526,0.00000803
commdgi,cond-mat,4,9463100,0,3605.4964,539,cond-mat.graph,16726,95188,0.489705609,4437102716,8,0.04909285,0.00001055
commdgi,cond-mat,5,9463100,0,3601.4113,542,cond-mat.graph,16726,95188,0.487073039,4413249648,9,0.12792213,0.00001406
clustre_fast,cond-mat,1,6144,0,0.015177,0,cond-mat.graph,16726,95188,0.745672468,6756355800,1377,0.05483148,0.00001330
clustre_fast,cond-mat,2,6144,0,0.0151441,0,cond-mat.graph,16726,95188,0.745672468,6756355800,1377,0.05483148,0.00001330
clustre_fast,cond-mat,3,6144,0,0.015656,0,cond-mat.graph,16726,95188,0.745672468,6756355800,1377,0.05483148,0.00001330
clustre_fast,cond-mat,4,6144,0,0.0153499,0,cond-mat.graph,16726,95188,0.745672468,6756355800,1377,0.05483148,0.00001330
clustre_fast,cond-mat,5,6144,0,0.0152609,0,cond-mat.graph,16726,95188,0.745672468,6756355800,1377,0.05483148,0.00001330
clustre_strong,cond-mat,1,22528,0,429.3663161,0,cond-mat.graph,16726,95188,0.818379830,7415139426,781,0.00262723,0.00000100
clustre_strong,cond-mat,2,22528,0,213.6321712,0,cond-mat.graph,16726,95188,0.818379830,7415139426,781,0.00262723,0.00000100
clustre_strong,cond-mat,3,22528,0,562.6282937,0,cond-mat.graph,16726,95188,0.818379830,7415139426,781,0.00262723,0.00000100
clustre_strong,cond-mat,4,22528,0,401.5820677,0,cond-mat.graph,16726,95188,0.818379830,7415139426,781,0.00262723,0.00000100
clustre_strong,cond-mat,5,22528,0,107.2991185,0,cond-mat.graph,16726,95188,0.818683778,7417893418,782,0.00269758,0.00000102
walktrap,cond-mat-2003,1,1442040,0,31.7740,0,cond-mat-2003.graph,31163,240058,0.645852591,37219091952,3174,0.09328664,0.00001138
walktrap,cond-mat-2003,2,1442040,0,31.8398,0,cond-mat-2003.graph,31163,240058,0.645852591,37219091952,3174,0.09328664,0.00001138
walktrap,cond-mat-2003,3,1442040,0,31.7551,0,cond-mat-2003.graph,31163,240058,0.645852591,37219091952,3174,0.09328664,0.00001138
walktrap,cond-mat-2003,4,1442040,0,31.7107,0,cond-mat-2003.graph,31163,240058,0.645852591,37219091952,3174,0.09328664,0.00001138
walktrap,cond-mat-2003,5,1442040,0,31.6931,0,cond-mat-2003.graph,31163,240058,0.645852591,37219091952,3174,0.09328664,0.00001138
vieclus,cond-mat-2003,1,79036,0,3371.35,0,cond-mat-2003.graph,31163,240058,0.781811826,45054129460,965,0.00282328,0.00000076
vieclus,cond-mat-2003,2,79164,0,3481.19,0,cond-mat-2003.graph,31163,240058,0.781813003,45054197310,968,0.00284385,0.00000077
vieclus,cond-mat-2003,3,77316,0,3055.23,0,cond-mat-2003.graph,31163,240058,0.781776665,45052103252,970,0.00288178,0.00000077
vieclus,cond-mat-2003,4,78088,0,3556.95,0,cond-mat-2003.graph,31163,240058,0.781875498,45057798778,969,0.00281647,0.00000076
vieclus,cond-mat-2003,5,77620,0,3227.23,0,cond-mat-2003.graph,31163,240058,0.781783494,45052496784,970,0.00290019,0.00000078
ucode,cond-mat-2003,1,16281856,0,3605.5096220970154,583,cond-mat-2003.graph,31163,240058,0.000000000,0,1,0.00000000,0.00000000
ucode,cond-mat-2003,2,16281856,0,3603.2741572856903,576,cond-mat-2003.graph,31163,240058,0.000000000,0,1,0.00000000,0.00000000
ucode,cond-mat-2003,3,16281856,0,3604.7945148944855,567,cond-mat-2003.graph,31163,240058,0.000000000,0,1,0.00000000,0.00000000
ucode,cond-mat-2003,4,16281856,0,3603.4113233089447,564,cond-mat-2003.graph,31163,240058,0.000000000,0,1,0.00000000,0.00000000
ucode,cond-mat-2003,5,16281856,0,3606.466246366501,558,cond-mat-2003.graph,31163,240058,0.000320860,18490470,2,0.48588091,0.00004015
magi,cond-mat-2003,1,3324744,0,3603.7149391174316,90,cond-mat-2003.graph,31163,240058,0.065206574,3757714234,5,0.35087502,0.00009871
magi,cond-mat-2003,2,3324744,0,3602.4894740581512,92,cond-mat-2003.graph,31163,240058,0.080964046,4665783402,3,0.28182761,0.00013928
magi,cond-mat-2003,3,3324744,0,3533.788234472275,100,cond-mat-2003.graph,31163,240058,0.045874483,2643647542,4,0.38090977,0.00004185
magi,cond-mat-2003,4,3324744,0,3492.510395526886,100,cond-mat-2003.graph,31163,240058,0.078797778,4540946044,5,0.34351948,0.00011051
magi,cond-mat-2003,5,3324744,0,3603.097248315811,99,cond-mat-2003.graph,31163,240058,0.035095158,2022458280,2,0.26030864,0.00011311
louvain,cond-mat-2003,1,40960,0,0.2204,0,cond-mat-2003.graph,31163,240058,0.764767816,44071919944,956,0.00301776,0.00000082
louvain,cond-mat-2003,2,40960,0,0.4052,0,cond-mat-2003.graph,31163,240058,0.767621207,44236354716,958,0.00309922,0.00000084
louvain,cond-mat-2003,3,40960,0,0.3575,0,cond-mat-2003.graph,31163,240058,0.765133750,44093007906,958,0.00315481,0.00000083
louvain,cond-mat-2003,4,40960,0,0.2836,0,cond-mat-2003.graph,31163,240058,0.765047485,44088036640,959,0.00308928,0.00000082
louvain,cond-mat-2003,5,40960,0,0.2555,0,cond-mat-2003.graph,31163,240058,0.766370260,44164265328,961,0.00328544,0.00000088
leiden,cond-mat-2003,1,40960,0,0.1556,0,cond-mat-2003.graph,31163,240058,0.774363307,44624887396,964,0.00305083,0.00000084
leiden,cond-mat-2003,2,40960,0,0.1492,0,cond-mat-2003.graph,31163,240058,0.773003303,44546513308,961,0.00289841,0.00000080
leiden,cond-mat-2003,3,40960,0,0.1628,0,cond-mat-2003.graph,31163,240058,0.773947266,44600911870,962,0.00281211,0.00000078
leiden,cond-mat-2003,4,40960,0,0.1641,0,cond-mat-2003.graph,31163,240058,0.772104640,44494725276,960,0.00300718,0.00000082
leiden,cond-mat-2003,5,40960,0,0.1528,0,cond-mat-2003.graph,31163,240058,0.773875057,44596750624,965,0.00311418,0.00000082
infomap,cond-mat-2003,1,98840,0,1.4505,0,cond-mat-2003.graph,31163,240058,0.702199688,40466253684,951,0.00276662,0.00000061
infomap,cond-mat-2003,2,98840,0,1.4366,0,cond-mat-2003.graph,31163,240058,0.702199688,40466253684,951,0.00276662,0.00000061
infomap,cond-mat-2003,3,98840,0,1.4254,0,cond-mat-2003.graph,31163,240058,0.702199688,40466253684,951,0.00276662,0.00000061
infomap,cond-mat-2003,4,98840,0,1.3814,0,cond-mat-2003.graph,31163,240058,0.702199688,40466253684,951,0.00276662,0.00000061
infomap,cond-mat-2003,5,98840,0,1.4440,0,cond-mat-2003.graph,31163,240058,0.702199688,40466253684,951,0.00276662,0.00000061
hollocou,cond-mat-2003,1,6144,0,0.004,0,cond-mat-2003.graph,31163,240058,0.372494641,21466062868,3994,0.32193574,0.00002658
hollocou,cond-mat-2003,2,6144,0,0.004,0,cond-mat-2003.graph,31163,240058,0.371720991,21421479066,3987,0.32349855,0.00002686
hollocou,cond-mat-2003,3,6144,0,0.005,0,cond-mat-2003.graph,31163,240058,0.374975461,21609027178,3927,0.32006122,0.00002763
hollocou,cond-mat-2003,4,6144,0,0.004,0,cond-mat-2003.graph,31163,240058,0.377309108,21743510178,4039,0.32178413,0.00002762
hollocou,cond-mat-2003,5,6144,0,0.004,0,cond-mat-2003.graph,31163,240058,0.377763167,21769676672,4075,0.32323917,0.00002759
gnns,cond-mat-2003,1,8205036,0,406.9858627319336,300,cond-mat-2003.graph,31163,240058,0.698212418,40236475912,176,0.13246809,0.00003172
gnns,cond-mat-2003,2,8205036,0,408.75038981437683,300,cond-mat-2003.graph,31163,240058,0.704315514,40588184122,176,0.13286505,0.00003060
gnns,cond-mat-2003,3,8205036,0,410.1213426589966,300,cond-mat-2003.graph,31163,240058,0.714369285,41167561268,176,0.12069335,0.00002796
gnns,cond-mat-2003,4,8205036,0,409.4750609397888,300,cond-mat-2003.graph,31163,240058,0.705240443,40641485820,176,0.12444246,0.00002845
gnns,cond-mat-2003,5,8205036,0,408.4323151111603,300,cond-mat-2003.graph,31163,240058,0.709497479,40886809594,176,0.12714288,0.00002840
dmon,cond-mat-2003,1,8284552,0,610.7741,1000,cond-mat-2003.graph,31163,240058,0.400488440,23079285098,16,0.30568879,0.00007203
dmon,cond-mat-2003,2,8284552,0,612.0782,1000,cond-mat-2003.graph,31163,240058,0.423699585,24416893356,16,0.28179361,0.00006516
dmon,cond-mat-2003,3,8284552,0,612.1881,1000,cond-mat-2003.graph,31163,240058,0.387497786,22330661728,16,0.28774318,0.00007106
dmon,cond-mat-2003,4,8284552,0,614.9497,1000,cond-mat-2003.graph,31163,240058,0.387025277,22303432052,16,0.30670704,0.00007009
dmon,cond-mat-2003,5,8284552,0,609.8509,1000,cond-mat-2003.graph,31163,240058,0.416930770,24026821154,16,0.32529033,0.00005588
dgcluster,cond-mat-2003,1,1292264,0,200.9591281414032,300,cond-mat-2003.graph,31163,240058,0.000000000,0,1,0.00000000,0.00000000
dgcluster,cond-mat-2003,2,1292264,0,203.02469730377197,300,cond-mat-2003.graph,31163,240058,0.000000000,0,1,0.00000000,0.00000000
dgcluster,cond-mat-2003,3,1292264,0,201.04323315620422,300,cond-mat-2003.graph,31163,240058,0.000000000,0,1,0.00000000,0.00000000
dgcluster,cond-mat-2003,4,1292264,0,207.2716989517212,300,cond-mat-2003.graph,31163,240058,0.000000000,0,1,0.00000000,0.00000000
dgcluster,cond-mat-2003,5,1292264,0,210.61204385757446,300,cond-mat-2003.graph,31163,240058,0.000000000,0,1,0.00000000,0.00000000
commdgi,cond-mat-2003,1,31363304,0,3618.0285,167,cond-mat-2003.graph,31163,240058,0.346160591,19948488372,8,0.30088692,0.00003742
commdgi,cond-mat-2003,2,31363304,0,3620.8283,167,cond-mat-2003.graph,31163,240058,0.387891751,22353365100,10,0.25302184,0.00003510
commdgi,cond-mat-2003,3,31363304,0,3619.8686,167,cond-mat-2003.graph,31163,240058,0.390230325,22488132086,11,0.27284857,0.00002529
commdgi,cond-mat-2003,4,31363304,0,3619.6224,167,cond-mat-2003.graph,31163,240058,0.437719688,25224841670,11,0.24030722,0.00005717
commdgi,cond-mat-2003,5,31363304,0,3609.7988,167,cond-mat-2003.graph,31163,240058,0.367175641,21159540334,11,0.33885824,0.00004574
clustre_fast,cond-mat-2003,1,6144,0,0.0303581,0,cond-mat-2003.graph,31163,240058,0.655991139,37803354656,1979,0.07452573,0.00001075
clustre_fast,cond-mat-2003,2,6144,0,0.0297952,0,cond-mat-2003.graph,31163,240058,0.655991139,37803354656,1979,0.07452573,0.00001075
clustre_fast,cond-mat-2003,3,6144,0,0.0299551,0,cond-mat-2003.graph,31163,240058,0.655991139,37803354656,1979,0.07452573,0.00001075
clustre_fast,cond-mat-2003,4,6144,0,0.0299599,0,cond-mat-2003.graph,31163,240058,0.655991139,37803354656,1979,0.07452573,0.00001075
clustre_fast,cond-mat-2003,5,6144,0,0.0300388,0,cond-mat-2003.graph,31163,240058,0.655991139,37803354656,1979,0.07452573,0.00001075
clustre_strong,cond-mat-2003,1,32768,0,515.1657922,0,cond-mat-2003.graph,31163,240058,0.741305799,42719854502,945,0.00256992,0.00000069
clustre_strong,cond-mat-2003,2,32768,0,259.9454228,0,cond-mat-2003.graph,31163,240058,0.741457152,42728576652,947,0.00258188,0.00000068
clustre_strong,cond-mat-2003,3,32768,0,329.7681028,0,cond-mat-2003.graph,31163,240058,0.741303361,42719714016,945,0.00254691,0.00000068
clustre_strong,cond-mat-2003,4,32768,0,294.1577591,0,cond-mat-2003.graph,31163,240058,0.741385477,42724446172,948,0.00264888,0.00000070
clustre_strong,cond-mat-2003,5,32768,0,74.7144281,0,cond-mat-2003.graph,31163,240058,0.741385477,42724446172,948,0.00264888,0.00000070
walktrap,cond-mat-2005,1,3277396,0,68.8287,0,cond-mat-2005.graph,40421,351382,0.599252065,73989238988,4408,0.12340141,0.00001195
walktrap,cond-mat-2005,2,3277396,0,68.6518,0,cond-mat-2005.graph,40421,351382,0.599252065,73989238988,4408,0.12340141,0.00001195
walktrap,cond-mat-2005,3,3277396,0,68.8234,0,cond-mat-2005.graph,40421,351382,0.599252065,73989238988,4408,0.12340141,0.00001195
walktrap,cond-mat-2005,4,3277396,0,69.0910,0,cond-mat-2005.graph,40421,351382,0.599252065,73989238988,4408,0.12340141,0.00001195
walktrap,cond-mat-2005,5,3277396,0,69.1936,0,cond-mat-2005.graph,40421,351382,0.599252065,73989238988,4408,0.12340141,0.00001195
vieclus,cond-mat-2005,1,119184,0,3513.42,0,cond-mat-2005.graph,40421,351382,0.749895530,92589083628,1036,0.00269432,0.00000057
vieclus,cond-mat-2005,2,117980,0,3477.93,0,cond-mat-2005.graph,40421,351382,0.750058592,92609216850,1037,0.00284401,0.00000060
vieclus,cond-mat-2005,3,118120,0,3354.49,0,cond-mat-2005.graph,40421,351382,0.749881461,92587346546,1034,0.00265146,0.00000057
vieclus,cond-mat-2005,4,119448,0,3514.25,0,cond-mat-2005.graph,40421,351382,0.750165964,92622473932,1035,0.00274445,0.00000057
vieclus,cond-mat-2005,5,118968,0,3540.74,0,cond-mat-2005.graph,40421,351382,0.749774706,92574165628,1033,0.00268403,0.00000058
ucode,cond-mat-2005,1,26817176,0,3604.72301697731,331,cond-mat-2005.graph,40421,351382,0.000000000,0,1,0.00000000,0.00000000
ucode,cond-mat-2005,2,26817176,0,3603.4682235717773,330,cond-mat-2005.graph,40421,351382,0.000000000,0,1,0.00000000,0.00000000
ucode,cond-mat-2005,3,26817176,0,3603.006974220276,330,cond-mat-2005.graph,40421,351382,0.000000000,0,1,0.00000000,0.00000000
ucode,cond-mat-2005,4,26817176,0,3612.9485352039337,333,cond-mat-2005.graph,40421,351382,0.000000000,0,1,0.00000000,0.00000000
ucode,cond-mat-2005,5,26817176,0,3608.5986886024475,330,cond-mat-2005.graph,40421,351382,0.000000000,0,1,0.00000000,0.00000000
magi,cond-mat-2005,1,3918728,0,3602.595657348633,61,cond-mat-2005.graph,40421,351382,0.071438137,8820417520,3,0.34761127,0.00005847
magi,cond-mat-2005,2,3918728,0,3604.23490357399,61,cond-mat-2005.graph,40421,351382,0.070986314,8764631222,5,0.38857601,0.00006608
magi,cond-mat-2005,3,3918728,0,3604.6314644813538,60,cond-mat-2005.graph,40421,351382,0.065484952,8085381884,4,0.37656323,0.00005801
magi,cond-mat-2005,4,3918728,0,3602.572751522064,61,cond-mat-2005.graph,40421,351382,0.080777718,9973569150,4,0.36404031,0.00006247
magi,cond-mat-2005,5,3918728,0,3602.791173696518,60,cond-mat-2005.graph,40421,351382,0.052856650,6526174126,4,0.38030046,0.00004061
louvain,cond-mat-2005,1,49152,0,0.4161,0,cond-mat-2005.graph,40421,351382,0.726249389,89669510974,1020,0.00305287,0.00000068
louvain,cond-mat-2005,2,49152,0,0.5212,0,cond-mat-2005.graph,40421,351382,0.729441211,90063603028,1012,0.00269255,0.00000061
louvain,cond-mat-2005,3,49152,0,0.6565,0,cond-mat-2005.graph,40421,351382,0.728670216,89968408752,1021,0.00294610,0.00000064
louvain,cond-mat-2005,4,49152,0,0.4334,0,cond-mat-2005.graph,40421,351382,0.727849284,89867048942,1020,0.00307738,0.00000067
louvain,cond-mat-2005,5,49152,0,0.5247,0,cond-mat-2005.graph,40421,351382,0.728346144,89928395888,1019,0.00297394,0.00000065
leiden,cond-mat-2005,1,49152,0,0.2118,0,cond-mat-2005.graph,40421,351382,0.740712650,91455279858,1016,0.00258540,0.00000058
leiden,cond-mat-2005,2,49152,0,0.2186,0,cond-mat-2005.graph,40421,351382,0.740730658,91457503272,1024,0.00275564,0.00000063
leiden,cond-mat-2005,3,49152,0,0.2224,0,cond-mat-2005.graph,40421,351382,0.739151139,91262481184,1027,0.00276586,0.00000063
leiden,cond-mat-2005,4,49152,0,0.2155,0,cond-mat-2005.graph,40421,351382,0.740789049,91464712706,1033,0.00284069,0.00000064
leiden,cond-mat-2005,5,49152,0,0.2052,0,cond-mat-2005.graph,40421,351382,0.741801734,91589748312,1030,0.00298030,0.00000067
infomap,cond-mat-2005,1,142408,0,2.0665,0,cond-mat-2005.graph,40421,351382,0.651004023,80379017508,1005,0.00265999,0.00000046
infomap,cond-mat-2005,2,142408,0,2.0251,0,cond-mat-2005.graph,40421,351382,0.651004023,80379017508,1005,0.00265999,0.00000046
infomap,cond-mat-2005,3,142408,0,2.1394,0,cond-mat-2005.graph,40421,351382,0.651004023,80379017508,1005,0.00265999,0.00000046
infomap,cond-mat-2005,4,142408,0,2.0760,0,cond-mat-2005.graph,40421,351382,0.651004023,80379017508,1005,0.00265999,0.00000046
infomap,cond-mat-2005,5,142408,0,2.1171,0,cond-mat-2005.graph,40421,351382,0.651004023,80379017508,1005,0.00265999,0.00000046
hollocou,cond-mat-2005,1,6144,0,0.007,0,cond-mat-2005.graph,40421,351382,0.325478595,40186617634,5299,0.34618168,0.00002433
hollocou,cond-mat-2005,2,6144,0,0.006,0,cond-mat-2005.graph,40421,351382,0.329689009,40706474482,5383,0.34496991,0.00002480
hollocou,cond-mat-2005,3,6144,0,0.006,0,cond-mat-2005.graph,40421,351382,0.331883872,40977472764,5254,0.34444660,0.00002411
hollocou,cond-mat-2005,4,6144,0,0.005,0,cond-mat-2005.graph,40421,351382,0.334430505,41291903748,5102,0.34231443,0.00002408
hollocou,cond-mat-2005,5,6144,0,0.005,0,cond-mat-2005.graph,40421,351382,0.328728265,40587852106,5446,0.34914144,0.00002505
gnns,cond-mat-2005,1,8193096,0,535.7202661037445,450,cond-mat-2005.graph,40421,351382,0.671815228,82948562598,201,0.14425772,0.00002828
gnns,cond-mat-2005,2,8193096,0,500.4022533893585,450,cond-mat-2005.graph,40421,351382,0.670453661,82780450958,201,0.14365526,0.00002827
gnns,cond-mat-2005,3,8193096,0,498.7423372268677,450,cond-mat-2005.graph,40421,351382,0.658728830,81332794138,201,0.14930693,0.00002981
gnns,cond-mat-2005,4,8193096,0,494.0590543746948,450,cond-mat-2005.graph,40421,351382,0.675714930,83430056218,201,0.13761877,0.00002644
gnns,cond-mat-2005,5,8193096,0,493.9536130428314,450,cond-mat-2005.graph,40421,351382,0.656907317,81107893194,201,0.15120511,0.00002976
dmon,cond-mat-2005,1,13507848,0,865.6107,1000,cond-mat-2005.graph,40421,351382,0.329379628,40668275440,16,0.31401043,0.00007181
dmon,cond-mat-2005,2,13507848,0,864.6522,1000,cond-mat-2005.graph,40421,351382,0.388575494,47977148164,16,0.34671370,0.00006080
dmon,cond-mat-2005,3,13507848,0,865.2144,1000,cond-mat-2005.graph,40421,351382,0.324748720,40096500384,16,0.32919722,0.00006480
dmon,cond-mat-2005,4,13507848,0,855.6263,1000,cond-mat-2005.graph,40421,351382,0.298827930,36896078388,16,0.33270675,0.00006961
dmon,cond-mat-2005,5,13507848,0,864.2469,1000,cond-mat-2005.graph,40421,351382,0.285839594,35292417466,16,0.33169610,0.00007375
dgcluster,cond-mat-2005,1,1551200,0,283.0031945705414,300,cond-mat-2005.graph,40421,351382,0.104308837,12878940222,2,0.26938404,0.00004751
dgcluster,cond-mat-2005,2,1551200,0,279.05642199516296,300,cond-mat-2005.graph,40421,351382,0.000000000,0,1,0.00000000,0.00000000
dgcluster,cond-mat-2005,3,1551200,0,287.85582304000854,300,cond-mat-2005.graph,40421,351382,0.000000000,0,1,0.00000000,0.00000000
dgcluster,cond-mat-2005,4,1551200,0,286.0829656124115,300,cond-mat-2005.graph,40421,351382,0.080318668,9916890526,2,0.28995222,0.00004221
dgcluster,cond-mat-2005,5,1551200,0,286.01805424690247,300,cond-mat-2005.graph,40421,351382,0.000000000,0,1,0.00000000,0.00000000
commdgi,cond-mat-2005,1,52243080,0,3600.8905,120,cond-mat-2005.graph,40421,351382,0.348358346,43011564628,12,0.20965874,0.00003546
commdgi,cond-mat-2005,2,52243080,0,3610.6922,120,cond-mat-2005.graph,40421,351382,0.344645411,42553131188,9,0.35092290,0.00003598
commdgi,cond-mat-2005,3,52243080,0,3601.1741,119,cond-mat-2005.graph,40421,351382,0.271752461,33553088832,13,0.22845320,0.00004111
commdgi,cond-mat-2005,4,52243080,0,3610.3719,120,cond-mat-2005.graph,40421,351382,0.317574266,39210675530,11,0.34776582,0.00003858
commdgi,cond-mat-2005,5,52243080,0,3614.0201,121,cond-mat-2005.graph,40421,351382,0.388287375,47941574258,11,0.16846213,0.00001343
clustre_fast,cond-mat-2005,1,6144,0,0.0408609,0,cond-mat-2005.graph,40421,351382,0.611695428,75525612458,2093,0.07567445,0.00000898
clustre_fast,cond-mat-2005,2,6144,0,0.0398991,0,cond-mat-2005.graph,40421,351382,0.611695428,75525612458,2093,0.07567445,0.00000898
clustre_fast,cond-mat-2005,3,4096,0,0.0399389,0,cond-mat-2005.graph,40421,351382,0.611695428,75525612458,2093,0.07567445,0.00000898
clustre_fast,cond-mat-2005,4,6144,0,0.039866,0,cond-mat-2005.graph,40421,351382,0.611695428,75525612458,2093,0.07567445,0.00000898
clustre_fast,cond-mat-2005,5,4096,0,0.040112,0,cond-mat-2005.graph,40421,351382,0.611695428,75525612458,2093,0.07567445,0.00000898
clustre_strong,cond-mat-2005,1,47104,0,105.5495274,0,cond-mat-2005.graph,40421,351382,0.702504999,86737807522,1018,0.00287310,0.00000061
clustre_strong,cond-mat-2005,2,47104,0,3277.8168364,0,cond-mat-2005.graph,40421,351382,0.702465257,86732900614,1019,0.00287874,0.00000061
clustre_strong,cond-mat-2005,3,47104,0,420.9337577,0,cond-mat-2005.graph,40421,351382,0.702434155,86729060476,1016,0.00279475,0.00000060
clustre_strong,cond-mat-2005,4,47104,0,519.1788985,0,cond-mat-2005.graph,40421,351382,0.702465257,86732900614,1019,0.00287874,0.00000061
clustre_strong,cond-mat-2005,5,47104,0,2993.3362324,0,cond-mat-2005.graph,40421,351382,0.702447613,86730722056,1017,0.00282761,0.00000061
walktrap,dolphins,1,20480,0,0.0043,0,dolphins.graph,62,318,0.488845377,49434,4,0.12816917,0.01030684
walktrap,dolphins,2,20480,0,0.0038,0,dolphins.graph,62,318,0.488845377,49434,4,0.12816917,0.01030684
walktrap,dolphins,3,20480,0,0.0038,0,dolphins.graph,62,318,0.488845377,49434,4,0.12816917,0.01030684
walktrap,dolphins,4,20480,0,0.0038,0,dolphins.graph,62,318,0.488845377,49434,4,0.12816917,0.01030684
walktrap,dolphins,5,20480,0,0.0037,0,dolphins.graph,62,318,0.488845377,49434,4,0.12816917,0.01030684
vieclus,dolphins,1,20480,0,0.000138044,0,dolphins.graph,62,318,0.528519441,53446,5,0.14988617,0.01484094
vieclus,dolphins,2,20480,0,0.000138044,0,dolphins.graph,62,318,0.528519441,53446,5,0.14988617,0.01484094
vieclus,dolphins,3,20480,0,0.000147104,0,dolphins.graph,62,318,0.528519441,53446,5,0.14988617,0.01484094
vieclus,dolphins,4,22528,0,0.000152111,0,dolphins.graph,62,318,0.528519441,53446,5,0.14988617,0.01484094
vieclus,dolphins,5,22528,0,0.000144005,0,dolphins.graph,62,318,0.528519441,53446,5,0.14988617,0.01484094
ucode,dolphins,1,371968,0,1.8428065776824951,1000,dolphins.graph,62,318,0.000000000,0,1,0.00000000,0.00000000
ucode,dolphins,2,371968,0,1.829491376876831,1000,dolphins.graph,62,318,0.000000000,0,1,0.00000000,0.00000000
ucode,dolphins,3,371968,0,1.8324966430664062,1000,dolphins.graph,62,318,0.000000000,0,1,0.00000000,0.00000000
ucode,dolphins,4,371968,0,1.8333866596221924,1000,dolphins.graph,62,318,0.000000000,0,1,0.00000000,0.00000000
ucode,dolphins,5,371968,0,1.8608872890472412,1000,dolphins.graph,62,318,0.000000000,0,1,0.00000000,0.00000000
magi,dolphins,1,402024,0,3.0189640522003174,100,dolphins.graph,62,318,-0.045666706,-4618,8,0.44322444,0.04478844
magi,dolphins,2,402024,0,3.078282117843628,100,dolphins.graph,62,318,-0.045666706,-4618,8,0.44322444,0.04478844
magi,dolphins,3,402024,0,3.061441659927368,100,dolphins.graph,62,318,-0.045666706,-4618,8,0.44322444,0.04478844
magi,dolphins,4,402024,0,3.051952362060547,100,dolphins.graph,62,318,-0.045666706,-4618,8,0.44322444,0.04478844
magi,dolphins,5,402024,0,3.0198822021484375,100,dolphins.graph,62,318,-0.045666706,-4618,8,0.44322444,0.04478844
louvain,dolphins,1,20480,0,0.0048,0,dolphins.graph,62,318,0.518076816,52390,5,0.15113240,0.01478607
louvain,dolphins,2,20480,0,0.0047,0,dolphins.graph,62,318,0.517661484,52348,5,0.15065118,0.01479704
louvain,dolphins,3,20480,0,0.0043,0,dolphins.graph,62,318,0.514872829,52066,5,0.13847811,0.01398144
louvain,dolphins,4,20480,0,0.0043,0,dolphins.graph,62,318,0.518947035,52478,6,0.16261166,0.01545770
louvain,dolphins,5,20480,0,0.0039,0,dolphins.graph,62,318,0.518828369,52466,5,0.15069137,0.01481494
leiden,dolphins,1,20480,0,0.0047,0,dolphins.graph,62,318,0.526858114,53278,5,0.14528095,0.01472953
leiden,dolphins,2,20480,0,0.0048,0,dolphins.graph,62,318,0.524109014,53000,5,0.14610163,0.01496433
leiden,dolphins,3,20480,0,0.0046,0,dolphins.graph,62,318,0.527609667,53354,5,0.14510427,0.01489398
leiden,dolphins,4,20480,0,0.0045,0,dolphins.graph,62,318,0.527728333,53366,5,0.14670803,0.01434928
leiden,dolphins,5,20480,0,0.0042,0,dolphins.graph,62,318,0.524109014,53000,5,0.14610163,0.01496433
infomap,dolphins,1,18432,0,0.0079,0,dolphins.graph,62,318,0.517523041,52334,5,0.14678192,0.01443158
infomap,dolphins,2,18432,0,0.0078,0,dolphins.graph,62,318,0.517523041,52334,5,0.14678192,0.01443158
infomap,dolphins,3,18432,0,0.0080,0,dolphins.graph,62,318,0.517523041,52334,5,0.14678192,0.01443158
infomap,dolphins,4,18432,0,0.0073,0,dolphins.graph,62,318,0.517523041,52334,5,0.14678192,0.01443158
infomap,dolphins,5,18432,0,0.0073,0,dolphins.graph,62,318,0.517523041,52334,5,0.14678192,0.01443158
hollocou,dolphins,1,2048,134
hollocou,dolphins,2,2048,134
hollocou,dolphins,3,2048,134
hollocou,dolphins,4,2048,134
hollocou,dolphins,5,2048,134
gnns,dolphins,1,249856,0,0.0722661018371582,50,dolphins.graph,62,318,0.527728333,53366,5,0.14670803,0.01434928
gnns,dolphins,2,249856,0,0.07155275344848633,50,dolphins.graph,62,318,0.528519441,53446,5,0.14988617,0.01484094
gnns,dolphins,3,249856,0,0.07150006294250488,50,dolphins.graph,62,318,0.527728333,53366,5,0.14670803,0.01434928
gnns,dolphins,4,249856,0,0.07143568992614746,50,dolphins.graph,62,318,0.527728333,53366,5,0.14670803,0.01434928
gnns,dolphins,5,249856,0,0.07065534591674805,50,dolphins.graph,62,318,0.527728333,53366,5,0.14670803,0.01434928
dmon,dolphins,1,593920,0,25.5153,1000,dolphins.graph,62,318,0.330327123,33404,16,0.37545694,0.02672937
dmon,dolphins,2,593920,0,25.3363,1000,dolphins.graph,62,318,0.330940231,33466,15,0.32757670,0.02801722
dmon,dolphins,3,593920,0,25.3174,1000,dolphins.graph,62,318,0.383173133,38748,15,0.33751128,0.02317096
dmon,dolphins,4,593920,0,25.2286,1000,dolphins.graph,62,318,0.304062339,30748,15,0.35026322,0.02574633
dmon,dolphins,5,593920,0,25.3759,1000,dolphins.graph,62,318,0.365373205,36948,15,0.35069970,0.02424744
dgcluster,dolphins,1,388492,0,1.741434097290039,300,dolphins.graph,62,318,0.000000000,0,1,0.00000000,0.00000000
dgcluster,dolphins,2,388492,0,1.7259528636932373,300,dolphins.graph,62,318,0.000000000,0,1,0.00000000,0.00000000
dgcluster,dolphins,3,388492,0,1.719374179840088,300,dolphins.graph,62,318,0.000000000,0,1,0.00000000,0.00000000
dgcluster,dolphins,4,388492,0,1.7210242748260498,300,dolphins.graph,62,318,0.000000000,0,1,0.00000000,0.00000000
dgcluster,dolphins,5,388492,0,1.7173471450805664,300,dolphins.graph,62,318,0.000000000,0,1,0.00000000,0.00000000
commdgi,dolphins,1,383852,0,10.0451,1001,dolphins.graph,62,318,0.398322851,40280,14,0.33223661,0.02002748
commdgi,dolphins,2,383852,0,7.9116,1001,dolphins.graph,62,318,0.375202721,37942,14,0.32953934,0.02182172
commdgi,dolphins,3,383852,0,7.8936,1001,dolphins.graph,62,318,0.396780190,40124,16,0.35346868,0.01630859
commdgi,dolphins,4,383852,0,7.8870,1001,dolphins.graph,62,318,0.401447727,40596,13,0.29086084,0.02101199
commdgi,dolphins,5,383852,0,7.9360,1001,dolphins.graph,62,318,0.416122779,42080,13,0.30022605,0.01951952
clustre_fast,dolphins,1,6144,0,0.00019598,0,dolphins.graph,62,318,0.355326134,35932,12,0.32714589,0.01983216
clustre_fast,dolphins,2,6144,0,0.000210047,0,dolphins.graph,62,318,0.355326134,35932,12,0.32714589,0.01983216
clustre_fast,dolphins,3,6144,0,0.000178099,0,dolphins.graph,62,318,0.355326134,35932,12,0.32714589,0.01983216
clustre_fast,dolphins,4,6144,0,0.000209093,0,dolphins.graph,62,318,0.355326134,35932,12,0.32714589,0.01983216
clustre_fast,dolphins,5,6144,0,0.000209093,0,dolphins.graph,62,318,0.355326134,35932,12,0.32714589,0.01983216
clustre_strong,dolphins,1,12288,0,,0,dolphins.graph,62,318,0.474684545,48002,4,0.13621147,0.01371882
clustre_strong,dolphins,2,10240,0,,0,dolphins.graph,62,318,0.474684545,48002,4,0.13621147,0.01371882
clustre_strong,dolphins,3,12288,0,,0,dolphins.graph,62,318,0.474684545,48002,4,0.13621147,0.01371882
clustre_strong,dolphins,4,12288,0,,0,dolphins.graph,62,318,0.474684545,48002,4,0.13621147,0.01371882
clustre_strong,dolphins,5,12288,0,,0,dolphins.graph,62,318,0.474684545,48002,4,0.13621147,0.01371882
walktrap,email,1,26228,0,0.0990,0,email.graph,1133,10902,0.530692632,63074732,49,0.25155379,0.00068184
walktrap,email,2,26228,0,0.0976,0,email.graph,1133,10902,0.530692632,63074732,49,0.25155379,0.00068184
walktrap,email,3,26228,0,0.0975,0,email.graph,1133,10902,0.530692632,63074732,49,0.25155379,0.00068184
walktrap,email,4,26228,0,0.0977,0,email.graph,1133,10902,0.530692632,63074732,49,0.25155379,0.00068184
walktrap,email,5,26228,0,0.0978,0,email.graph,1133,10902,0.530692632,63074732,49,0.25155379,0.00068184
vieclus,email,1,20480,0,2.78315,0,email.graph,1133,10902,0.582828973,69271324,10,0.16061912,0.00149041
vieclus,email,2,20480,0,3.99279,0,email.graph,1133,10902,0.582828973,69271324,10,0.16061912,0.00149041
vieclus,email,3,20480,0,4.33169,0,email.graph,1133,10902,0.582828973,69271324,10,0.16061912,0.00149041
vieclus,email,4,22528,0,1.99067,0,email.graph,1133,10902,0.582828973,69271324,10,0.16061912,0.00149041
vieclus,email,5,22528,0,1.84461,0,email.graph,1133,10902,0.582828973,69271324,10,0.16061912,0.00149041
ucode,email,1,401228,0,7.01169228553772,1000,email.graph,1133,10902,0.000000000,0,1,0.00000000,0.00000000
ucode,email,2,401228,0,6.672019958496094,1000,email.graph,1133,10902,0.000000000,0,1,0.00000000,0.00000000
ucode,email,3,401228,0,6.650445938110352,1000,email.graph,1133,10902,0.000000000,0,1,0.00000000,0.00000000
ucode,email,4,401228,0,6.681660890579224,1000,email.graph,1133,10902,-0.000000016,-2,2,0.50000000,0.00044170
ucode,email,5,401228,0,6.684355974197388,1000,email.graph,1133,10902,0.000000000,0,1,0.00000000,0.00000000
magi,email,1,416436,0,3.0940163135528564,100,email.graph,1133,10902,0.013445296,1598022,8,0.46494710,0.00225436
magi,email,2,416436,0,3.1318764686584473,100,email.graph,1133,10902,0.013445296,1598022,8,0.46494710,0.00225436
magi,email,3,416436,0,3.2558095455169678,100,email.graph,1133,10902,0.013445296,1598022,8,0.46494710,0.00225436
magi,email,4,416436,0,3.281139612197876,100,email.graph,1133,10902,0.013445296,1598022,8,0.46494710,0.00225436
magi,email,5,416436,0,3.30147647857666,100,email.graph,1133,10902,0.013445296,1598022,8,0.46494710,0.00225436
louvain,email,1,20480,0,0.0110,0,email.graph,1133,10902,0.570415130,67795894,12,0.17541406,0.00160685
louvain,email,2,20480,0,0.0124,0,email.graph,1133,10902,0.564056113,67040102,10,0.16471218,0.00149914
louvain,email,3,20480,0,0.0113,0,email.graph,1133,10902,0.574889878,68327734,11,0.16620828,0.00148179
louvain,email,4,20480,0,0.0113,0,email.graph,1133,10902,0.568564668,67575960,12,0.17068440,0.00149316
louvain,email,5,20480,0,0.0100,0,email.graph,1133,10902,0.566836677,67370582,11,0.15644212,0.00131518
leiden,email,1,20480,0,0.0106,0,email.graph,1133,10902,0.576522559,68521784,12,0.16162596,0.00131781
leiden,email,2,20480,0,0.0103,0,email.graph,1133,10902,0.579161907,68835480,11,0.16476103,0.00143910
leiden,email,3,20480,0,0.0100,0,email.graph,1133,10902,0.578964353,68812000,11,0.16754148,0.00151036
leiden,email,4,20480,0,0.0098,0,email.graph,1133,10902,0.578899012,68804234,12,0.16367821,0.00138405
leiden,email,5,20480,0,0.0097,0,email.graph,1133,10902,0.578283246,68731048,10,0.15479532,0.00141589
infomap,email,1,18432,0,0.0338,0,email.graph,1133,10902,0.537537608,63888282,47,0.23991032,0.00161395
infomap,email,2,18432,0,0.0314,0,email.graph,1133,10902,0.537537608,63888282,47,0.23991032,0.00161395
infomap,email,3,18432,0,0.0312,0,email.graph,1133,10902,0.537537608,63888282,47,0.23991032,0.00161395
infomap,email,4,18432,0,0.0315,0,email.graph,1133,10902,0.537537608,63888282,47,0.23991032,0.00161395
infomap,email,5,18432,0,0.0313,0,email.graph,1133,10902,0.537537608,63888282,47,0.23991032,0.00161395
hollocou,email,1,2048,0,0.000,0,email.graph,1133,10902,0.001281324,152290,64,0.49152476,0.00060263
hollocou,email,2,2048,0,0.001,0,email.graph,1133,10902,0.001625041,193142,64,0.48529999,0.00059562
hollocou,email,3,2048,0,0.001,0,email.graph,1133,10902,0.001090955,129664,69,0.49139574,0.00059280
hollocou,email,4,2048,0,0.000,0,email.graph,1133,10902,0.000568346,67550,70,0.49336439,0.00059624
hollocou,email,5,2048,0,0.000,0,email.graph,1133,10902,0.001686006,200388,58,0.48065871,0.00057945
gnns,email,1,575876,0,0.9428937435150146,50,email.graph,1133,10902,0.566478623,67328026,18,0.20459054,0.00157894
gnns,email,2,575876,0,0.9477524757385254,50,email.graph,1133,10902,0.565210239,67177274,18,0.19503673,0.00163163
gnns,email,3,575876,0,0.8923084735870361,50,email.graph,1133,10902,0.563778596,67007118,20,0.19210548,0.00143542
gnns,email,4,575876,0,0.8870654106140137,50,email.graph,1133,10902,0.566204000,67295386,20,0.22045398,0.00163460
gnns,email,5,575876,0,0.8963208198547363,50,email.graph,1133,10902,0.565339406,67192626,20,0.22924089,0.00168431
dmon,email,1,594368,0,36.8751,1000,email.graph,1133,10902,0.524028922,62282726,16,0.23561617,0.00165215
dmon,email,2,594368,0,36.7642,1000,email.graph,1133,10902,0.525926062,62508208,16,0.24307507,0.00155454
dmon,email,3,594368,0,36.8389,1000,email.graph,1133,10902,0.504801116,59997432,16,0.25669396,0.00178350
dmon,email,4,594368,0,36.9467,1000,email.graph,1133,10902,0.528008708,62755738,16,0.24740036,0.00168822
dmon,email,5,594368,0,37.0635,1000,email.graph,1133,10902,0.504094297,59913424,16,0.24518888,0.00176558
dgcluster,email,1,415972,0,10.251007080078125,300,email.graph,1133,10902,0.000000000,0,1,0.00000000,0.00000000
dgcluster,email,2,415972,0,10.179678916931152,300,email.graph,1133,10902,0.000000000,0,1,0.00000000,0.00000000
dgcluster,email,3,415972,0,10.119669675827026,300,email.graph,1133,10902,0.000000000,0,1,0.00000000,0.00000000
dgcluster,email,4,415972,0,10.195083856582642,300,email.graph,1133,10902,0.000000000,0,1,0.00000000,0.00000000
dgcluster,email,5,415972,0,10.085946559906006,300,email.graph,1133,10902,0.000000000,0,1,0.00000000,0.00000000
commdgi,email,1,499596,0,87.0984,1001,email.graph,1133,10902,0.504210389,59927222,11,0.21145872,0.00110691
commdgi,email,2,499596,0,87.1326,1001,email.graph,1133,10902,0.526645569,62593724,13,0.23708429,0.00086261
commdgi,email,3,499596,0,89.3499,1001,email.graph,1133,10902,0.539848147,64162898,12,0.21093082,0.00095958
commdgi,email,4,499596,0,87.3563,1001,email.graph,1133,10902,0.519102946,61697256,10,0.15411971,0.00095649
commdgi,email,5,499596,0,89.6536,1001,email.graph,1133,10902,0.519427126,61735786,11,0.19386460,0.00109347
clustre_fast,email,1,6144,0,0.00125408,0,email.graph,1133,10902,0.434399650,51629964,27,0.30204488,0.00217089
clustre_fast,email,2,6144,0,0.00125098,0,email.graph,1133,10902,0.434399650,51629964,27,0.30204488,0.00217089
clustre_fast,email,3,6144,0,0.00125098,0,email.graph,1133,10902,0.434399650,51629964,27,0.30204488,0.00217089
clustre_fast,email,4,6144,0,0.00125599,0,email.graph,1133,10902,0.434399650,51629964,27,0.30204488,0.00217089
clustre_fast,email,5,6144,0,0.00126195,0,email.graph,1133,10902,0.434399650,51629964,27,0.30204488,0.00217089
clustre_strong,email,1,14336,0,,0,email.graph,1133,10902,0.533799076,63443944,8,0.16482458,0.00142822
clustre_strong,email,2,14336,0,,0,email.graph,1133,10902,0.533799076,63443944,8,0.16482458,0.00142822
clustre_strong,email,3,14336,0,,0,email.graph,1133,10902,0.533799076,63443944,8,0.16482458,0.00142822
clustre_strong,email,4,14336,0,,0,email.graph,1133,10902,0.533799076,63443944,8,0.16482458,0.00142822
clustre_strong,email,5,14336,0,.001840119,0,email.graph,1133,10902,0.533799076,63443944,8,0.16482458,0.00142822
walktrap,football,1,20480,0,0.0067,0,football.graph,115,1226,0.602914290,906226,10,0.14707436,0.01520844
walktrap,football,2,20480,0,0.0065,0,football.graph,115,1226,0.602914290,906226,10,0.14707436,0.01520844
walktrap,football,3,20480,0,0.0064,0,football.graph,115,1226,0.602914290,906226,10,0.14707436,0.01520844
walktrap,football,4,20480,0,0.0062,0,football.graph,115,1226,0.602914290,906226,10,0.14707436,0.01520844
walktrap,football,5,20480,0,0.0061,0,football.graph,115,1226,0.602914290,906226,10,0.14707436,0.01520844
vieclus,football,1,20480,0,0.000317097,0,football.graph,115,1226,0.604569562,908714,10,0.14704979,0.01523999
vieclus,football,2,22528,0,0.000242949,0,football.graph,115,1226,0.604569562,908714,10,0.14704979,0.01523999
vieclus,football,3,20480,0,0.000252008,0,football.graph,115,1226,0.604569562,908714,10,0.14704979,0.01523999
vieclus,football,4,20480,0,0.000277996,0,football.graph,115,1226,0.604569562,908714,10,0.14704979,0.01523999
vieclus,football,5,22528,0,0.000290155,0,football.graph,115,1226,0.604569562,908714,10,0.14704979,0.01523999
ucode,football,1,371312,0,2.1654930114746094,1000,football.graph,115,1226,0.000000000,0,1,0.00000000,0.00000000
ucode,football,2,371312,0,2.1678199768066406,1000,football.graph,115,1226,0.000000000,0,1,0.00000000,0.00000000
ucode,football,3,371312,0,2.1747260093688965,1000,football.graph,115,1226,0.000000000,0,1,0.00000000,0.00000000
ucode,football,4,371312,0,2.1643717288970947,1000,football.graph,115,1226,0.000000000,0,1,0.00000000,0.00000000
ucode,football,5,371312,0,2.1778652667999268,1000,football.graph,115,1226,0.000000000,0,1,0.00000000,0.00000000
magi,football,1,402040,0,3.188386917114258,100,football.graph,115,1226,0.005470115,8222,3,0.45071685,0.03028969
magi,football,2,402040,0,3.2681238651275635,100,football.graph,115,1226,0.005470115,8222,3,0.45071685,0.03028969
magi,football,3,402040,0,3.284562587738037,100,football.graph,115,1226,0.005470115,8222,3,0.45071685,0.03028969
magi,football,4,402040,0,3.2842304706573486,100,football.graph,115,1226,0.005470115,8222,3,0.45071685,0.03028969
magi,football,5,402040,0,3.3227663040161133,100,football.graph,115,1226,0.005470115,8222,3,0.45071685,0.03028969
louvain,football,1,18432,0,0.0050,0,football.graph,115,1226,0.604569562,908714,10,0.14704979,0.01523999
louvain,football,2,18432,0,0.0047,0,football.graph,115,1226,0.604346021,908378,10,0.14696063,0.01523236
louvain,football,3,18432,0,0.0048,0,football.graph,115,1226,0.604346021,908378,10,0.14696063,0.01523236
louvain,football,4,18432,0,0.0045,0,football.graph,115,1226,0.604407228,908470,9,0.14093002,0.01475516
louvain,football,5,18432,0,0.0047,0,football.graph,115,1226,0.604569562,908714,10,0.14704979,0.01523999
leiden,football,1,18432,0,0.0052,0,football.graph,115,1226,0.604569562,908714,10,0.14704979,0.01523999
leiden,football,2,18432,0,0.0048,0,football.graph,115,1226,0.604569562,908714,10,0.14704979,0.01523999
leiden,football,3,18432,0,0.0050,0,football.graph,115,1226,0.604569562,908714,10,0.14704979,0.01523999
leiden,football,4,18432,0,0.0051,0,football.graph,115,1226,0.604569562,908714,10,0.14704979,0.01523999
leiden,football,5,18432,0,0.0051,0,football.graph,115,1226,0.604569562,908714,10,0.14704979,0.01523999
infomap,football,1,18432,0,0.0094,0,football.graph,115,1226,0.603063318,906450,11,0.15630593,0.01583774
infomap,football,2,18432,0,0.0093,0,football.graph,115,1226,0.603063318,906450,11,0.15630593,0.01583774
infomap,football,3,18432,0,0.0092,0,football.graph,115,1226,0.603063318,906450,11,0.15630593,0.01583774
infomap,football,4,18432,0,0.0090,0,football.graph,115,1226,0.603063318,906450,11,0.15630593,0.01583774
infomap,football,5,18432,0,0.0093,0,football.graph,115,1226,0.603063318,906450,11,0.15630593,0.01583774
hollocou,football,1,2048,0,0.000,0,football.graph,115,1226,0.000000000,0,1,0.00000000,0.00000000
hollocou,football,2,2048,0,0.000,0,football.graph,115,1226,0.000000000,0,1,0.00000000,0.00000000
hollocou,football,3,2048,0,0.000,0,football.graph,115,1226,0.000000000,0,1,0.00000000,0.00000000
hollocou,football,4,2048,0,0.000,0,football.graph,115,1226,0.000000000,0,1,0.00000000,0.00000000
hollocou,football,5,2048,0,0.000,0,football.graph,115,1226,0.000000000,0,1,0.00000000,0.00000000
gnns,football,1,253640,0,0.1199331283569336,50,football.graph,115,1226,0.603566286,907206,10,0.14767797,0.01528042
gnns,football,2,253640,0,0.11932134628295898,50,football.graph,115,1226,0.602871711,906162,10,0.14875767,0.01542769
gnns,football,3,253640,0,0.12756657600402832,50,football.graph,115,1226,0.603161782,906598,8,0.13242845,0.01412430
gnns,football,4,253640,0,0.11674284934997559,50,football.graph,115,1226,0.602049397,904926,9,0.14280202,0.01495932
gnns,football,5,253640,0,0.11489248275756836,50,football.graph,115,1226,0.603374679,906918,10,0.15204423,0.01550135
dmon,football,1,585728,0,26.8156,1000,football.graph,115,1226,0.553395836,831796,12,0.20879090,0.01969952
dmon,football,2,585728,0,26.6297,1000,football.graph,115,1226,0.561227775,843568,14,0.22499151,0.02074262
dmon,football,3,585728,0,26.6344,1000,football.graph,115,1226,0.578767806,869932,14,0.24112179,0.02227117
dmon,football,4,585728,0,26.5384,1000,football.graph,115,1226,0.586611721,881722,14,0.22999088,0.02081836
dmon,football,5,585728,0,26.7034,1000,football.graph,115,1226,0.532107491,799798,15,0.23880582,0.02279326
dgcluster,football,1,397312,0,2.277397394180298,300,football.graph,115,1226,0.000000000,0,1,0.00000000,0.00000000
dgcluster,football,2,397312,0,2.2530369758605957,300,football.graph,115,1226,0.000000000,0,1,0.00000000,0.00000000
dgcluster,football,3,397312,0,2.271293878555298,300,football.graph,115,1226,0.000000000,0,1,0.00000000,0.00000000
dgcluster,football,4,397312,0,2.2244369983673096,300,football.graph,115,1226,0.000000000,0,1,0.00000000,0.00000000
dgcluster,football,5,397312,0,2.2666897773742676,300,football.graph,115,1226,0.000000000,0,1,0.00000000,0.00000000
commdgi,football,1,378424,0,9.5084,1001,football.graph,115,1226,0.580834235,873038,11,0.19482382,0.01909185
commdgi,football,2,378424,0,9.5586,1001,football.graph,115,1226,0.580908749,873150,12,0.20739774,0.01959588
commdgi,football,3,378424,0,9.7645,1001,football.graph,115,1226,0.585231884,879648,13,0.20692063,0.01960040
commdgi,football,4,378424,0,9.4978,1001,football.graph,115,1226,0.576282237,866196,12,0.18432965,0.01809404
commdgi,football,5,378424,0,9.6476,1001,football.graph,115,1226,0.589793197,886504,12,0.17821164,0.01738105
clustre_fast,football,1,4096,0,0.000283957,0,football.graph,115,1226,0.419760544,630932,9,0.28536365,0.02870302
clustre_fast,football,2,6144,0,0.000262022,0,football.graph,115,1226,0.419760544,630932,9,0.28536365,0.02870302
clustre_fast,football,3,6144,0,0.000263214,0,football.graph,115,1226,0.419760544,630932,9,0.28536365,0.02870302
clustre_fast,football,4,6144,0,0.000267982,0,football.graph,115,1226,0.419760544,630932,9,0.28536365,0.02870302
clustre_fast,football,5,6144,0,0.00026989,0,football.graph,115,1226,0.419760544,630932,9,0.28536365,0.02870302
clustre_strong,football,1,12288,0,,0,football.graph,115,1226,0.540124384,811848,5,0.11865041,0.01380554
clustre_strong,football,2,8192,0,,0,football.graph,115,1226,0.540124384,811848,5,0.11865041,0.01380554
clustre_strong,football,3,12288,0,,0,football.graph,115,1226,0.540124384,811848,5,0.11865041,0.01380554
clustre_strong,football,4,12288,0,,0,football.graph,115,1226,0.540124384,811848,5,0.11865041,0.01380554
clustre_strong,football,5,12288,0,,0,football.graph,115,1226,0.540124384,811848,5,0.11865041,0.01380554
walktrap,hep-th,1,51332,0,0.9405,0,hep-th.graph,8361,31502,0.755695340,749933922,1097,0.03000951,0.00001020
walktrap,hep-th,2,51332,0,0.9444,0,hep-th.graph,8361,31502,0.755695340,749933922,1097,0.03000951,0.00001020
walktrap,hep-th,3,51332,0,0.9414,0,hep-th.graph,8361,31502,0.755695340,749933922,1097,0.03000951,0.00001020
walktrap,hep-th,4,51332,0,0.9410,0,hep-th.graph,8361,31502,0.755695340,749933922,1097,0.03000951,0.00001020
walktrap,hep-th,5,51332,0,0.9579,0,hep-th.graph,8361,31502,0.755695340,749933922,1097,0.03000951,0.00001020
vieclus,hep-th,1,22528,0,1690.27,0,hep-th.graph,8361,31502,0.858221995,851678914,628,0.00176075,0.00000097
vieclus,hep-th,2,26364,0,3110.86,0,hep-th.graph,8361,31502,0.858246520,851703252,628,0.00175998,0.00000097
vieclus,hep-th,3,24576,0,1585.86,0,hep-th.graph,8361,31502,0.858246520,851703252,628,0.00175998,0.00000097
vieclus,hep-th,4,22528,0,868.72,0,hep-th.graph,8361,31502,0.858246520,851703252,628,0.00175998,0.00000097
vieclus,hep-th,5,22528,0,1177.39,0,hep-th.graph,8361,31502,0.858246520,851703252,628,0.00175998,0.00000097
ucode,hep-th,1,1567640,0,362.6369981765747,1000,hep-th.graph,8361,31502,-0.000000018,-18,2,0.50000000,0.00017943
ucode,hep-th,2,1567640,0,364.4270420074463,1000,hep-th.graph,8361,31502,-0.000000002,-2,2,0.50000000,0.00005981
ucode,hep-th,3,1567640,0,363.5297749042511,1000,hep-th.graph,8361,31502,0.000000000,0,1,0.00000000,0.00000000
ucode,hep-th,4,1567640,0,362.37777495384216,1000,hep-th.graph,8361,31502,0.000000000,0,1,0.00000000,0.00000000
ucode,hep-th,5,1567640,0,363.7227063179016,1000,hep-th.graph,8361,31502,0.000000000,0,1,0.00000000,0.00000000
magi,hep-th,1,1162320,0,256.55987000465393,100,hep-th.graph,8361,31502,0.104858680,104059238,4,0.33479442,0.00037703
magi,hep-th,2,1162320,0,256.26026797294617,100,hep-th.graph,8361,31502,0.102488417,101707046,4,0.32465616,0.00023361
magi,hep-th,3,1162320,0,257.86107444763184,100,hep-th.graph,8361,31502,0.115768145,114885530,7,0.38121509,0.00027594
magi,hep-th,4,1162320,0,258.70545768737793,100,hep-th.graph,8361,31502,0.033951268,33692424,3,0.39732733,0.00014038
magi,hep-th,5,1162320,0,258.7367808818817,100,hep-th.graph,8361,31502,0.086938782,86275962,4,0.32881803,0.00035089
louvain,hep-th,1,22528,0,0.0390,0,hep-th.graph,8361,31502,0.850706273,844220492,629,0.00188960,0.00000105
louvain,hep-th,2,22528,0,0.0356,0,hep-th.graph,8361,31502,0.851382690,844891752,628,0.00185120,0.00000102
louvain,hep-th,3,22528,0,0.0345,0,hep-th.graph,8361,31502,0.850401148,843917694,627,0.00187061,0.00000104
louvain,hep-th,4,22528,0,0.0321,0,hep-th.graph,8361,31502,0.848880027,842408170,625,0.00185757,0.00000105
louvain,hep-th,5,22528,0,0.0385,0,hep-th.graph,8361,31502,0.849573041,843095900,626,0.00187360,0.00000106
leiden,hep-th,1,22528,0,0.0353,0,hep-th.graph,8361,31502,0.854212573,847700060,626,0.00185355,0.00000105
leiden,hep-th,2,22528,0,0.0353,0,hep-th.graph,8361,31502,0.853134558,846630264,630,0.00186687,0.00000104
leiden,hep-th,3,22528,0,0.0385,0,hep-th.graph,8361,31502,0.854971583,848453284,625,0.00175874,0.00000101
leiden,hep-th,4,22528,0,0.0377,0,hep-th.graph,8361,31502,0.852329825,845831666,629,0.00195079,0.00000109
leiden,hep-th,5,22528,0,0.0354,0,hep-th.graph,8361,31502,0.854436073,847921856,626,0.00177669,0.00000100
infomap,hep-th,1,30996,0,0.2319,0,hep-th.graph,8361,31502,0.825247453,818955770,617,0.00132174,0.00000069
infomap,hep-th,2,30996,0,0.2369,0,hep-th.graph,8361,31502,0.825247453,818955770,617,0.00132174,0.00000069
infomap,hep-th,3,30996,0,0.2358,0,hep-th.graph,8361,31502,0.825247453,818955770,617,0.00132174,0.00000069
infomap,hep-th,4,30996,0,0.2330,0,hep-th.graph,8361,31502,0.825247453,818955770,617,0.00132174,0.00000069
infomap,hep-th,5,30996,0,0.2327,0,hep-th.graph,8361,31502,0.825247453,818955770,617,0.00132174,0.00000069
hollocou,hep-th,1,2048,0,0.000,0,hep-th.graph,8361,31502,0.507245644,503378406,1369,0.22132236,0.00004922
hollocou,hep-th,2,2048,0,0.001,0,hep-th.graph,8361,31502,0.507605705,503735722,1352,0.22191684,0.00004747
hollocou,hep-th,3,2048,0,0.000,0,hep-th.graph,8361,31502,0.507651654,503781320,1350,0.22190964,0.00004689
hollocou,hep-th,4,2048,0,0.000,0,hep-th.graph,8361,31502,0.497696858,493902420,1335,0.21719647,0.00004678
hollocou,hep-th,5,2048,0,0.000,0,hep-th.graph,8361,31502,0.503353410,499515846,1322,0.21351926,0.00004619
gnns,hep-th,1,6217084,0,48.977789640426636,50,hep-th.graph,8361,31502,0.794508201,788450874,91,0.08119099,0.00003835
gnns,hep-th,2,6217084,0,48.09210515022278,50,hep-th.graph,8361,31502,0.791079976,785048786,91,0.08426028,0.00003970
gnns,hep-th,3,6217084,0,49.2103328704834,50,hep-th.graph,8361,31502,0.804116845,797986262,91,0.07560815,0.00003518
gnns,hep-th,4,6217084,0,46.449100494384766,50,hep-th.graph,8361,31502,0.798484083,792396444,91,0.08446489,0.00003961
gnns,hep-th,5,6217084,0,45.71531271934509,50,hep-th.graph,8361,31502,0.797632380,791551234,91,0.07658278,0.00003553
dmon,hep-th,1,1143040,0,85.7095,1000,hep-th.graph,8361,31502,0.735629226,730020792,16,0.07276957,0.00003637
dmon,hep-th,2,1143040,0,87.7009,1000,hep-th.graph,8361,31502,0.743211753,737545510,16,0.07646226,0.00003049
dmon,hep-th,3,1143040,0,85.4305,1000,hep-th.graph,8361,31502,0.735105680,729501238,16,0.07642627,0.00003285
dmon,hep-th,4,1143040,0,86.3477,1000,hep-th.graph,8361,31502,0.733956418,728360738,16,0.07353986,0.00002940
dmon,hep-th,5,1143040,0,86.9570,1000,hep-th.graph,8361,31502,0.727825200,722276264,16,0.06889485,0.00003236
dgcluster,hep-th,1,558432,0,44.93187236785889,300,hep-th.graph,8361,31502,0.000000000,0,1,0.00000000,0.00000000
dgcluster,hep-th,2,558432,0,44.16071105003357,300,hep-th.graph,8361,31502,0.000000000,0,1,0.00000000,0.00000000
dgcluster,hep-th,3,558432,0,44.14709138870239,300,hep-th.graph,8361,31502,0.000000000,0,1,0.00000000,0.00000000
dgcluster,hep-th,4,558432,0,42.447479009628296,300,hep-th.graph,8361,31502,0.000000000,0,1,0.00000000,0.00000000
dgcluster,hep-th,5,558432,0,42.41619801521301,300,hep-th.graph,8361,31502,0.000000000,0,1,0.00000000,0.00000000
commdgi,hep-th,1,2878760,0,1656.2664,1001,hep-th.graph,8361,31502,0.642835761,637934784,10,0.04155286,0.00001904
commdgi,hep-th,2,2878760,0,1661.7767,1001,hep-th.graph,8361,31502,0.608107172,603470966,9,0.04452982,0.00002256
commdgi,hep-th,3,2878760,0,1655.3181,1001,hep-th.graph,8361,31502,0.568749604,564413460,11,0.08018014,0.00001682
commdgi,hep-th,4,2878760,0,1636.7363,1001,hep-th.graph,8361,31502,0.619624970,614900952,8,0.04197381,0.00001830
commdgi,hep-th,5,2878760,0,1641.0262,1001,hep-th.graph,8361,31502,0.588741440,584252878,9,0.06447078,0.00002915
clustre_fast,hep-th,1,6144,0,0.00713897,0,hep-th.graph,8361,31502,0.731992904,726412194,1063,0.04452129,0.00001747
clustre_fast,hep-th,2,6144,0,0.00705218,0,hep-th.graph,8361,31502,0.731992904,726412194,1063,0.04452129,0.00001747
clustre_fast,hep-th,3,6144,0,0.0070641,0,hep-th.graph,8361,31502,0.731992904,726412194,1063,0.04452129,0.00001747
clustre_fast,hep-th,4,6144,0,0.007061,0,hep-th.graph,8361,31502,0.731992904,726412194,1063,0.04452129,0.00001747
clustre_fast,hep-th,5,6144,0,0.00708389,0,hep-th.graph,8361,31502,0.731992904,726412194,1063,0.04452129,0.00001747
clustre_strong,hep-th,1,18432,0,212.16112619,0,hep-th.graph,8361,31502,0.832290497,825945118,627,0.00195007,0.00000104
clustre_strong,hep-th,2,14336,0,61.55521726,0,hep-th.graph,8361,31502,0.832290497,825945118,627,0.00195007,0.00000104
clustre_strong,hep-th,3,18432,0,304.46714645,0,hep-th.graph,8361,31502,0.832290497,825945118,627,0.00195007,0.00000104
clustre_strong,hep-th,4,18432,0,203.30794713,0,hep-th.graph,8361,31502,0.832290497,825945118,627,0.00195007,0.00000104
clustre_strong,hep-th,5,18432,0,920.44407063,0,hep-th.graph,8361,31502,0.832290497,825945118,627,0.00195007,0.00000104
walktrap,eu-2005,1,268393508,0
walktrap,eu-2005,2,268393508,0
walktrap,eu-2005,3,268393508,0
walktrap,eu-2005,4,268393508,0
walktrap,eu-2005,5,268393508,0
vieclus,eu-2005,1,2081936,0,3265.7,0,eu-2005.graph,862664,32276936,0.941574290,980932658576448,286,0.01193573,0.00000033
vieclus,eu-2005,2,2091036,0,3521.27,0,eu-2005.graph,862664,32276936,0.941573367,980931696617034,319,0.01130165,0.00000031
vieclus,eu-2005,3,2257632,0,3555.52,0,eu-2005.graph,862664,32276936,0.941573358,980931687021706,276,0.01184013,0.00000034
vieclus,eu-2005,4,2231964,0,3266.68,0,eu-2005.graph,862664,32276936,0.941573438,980931770892012,283,0.01192457,0.00000033
vieclus,eu-2005,5,2257552,0,1597.03,0,eu-2005.graph,862664,32276936,0.941574111,980932472221510,311,0.01102003,0.00000031
ucode,eu-2005,1,12219184,1
ucode,eu-2005,2,12219184,1
ucode,eu-2005,3,12219184,1
ucode,eu-2005,4,12219184,1
ucode,eu-2005,5,12219184,1
magi,eu-2005,1,,124,3625.772975921631,3,eu-2005.graph,862664,32276936,0.000286129,298089552424,3,0.48422949,0.00000261
magi,eu-2005,2,,124,3628.584721326828,3,eu-2005.graph,862664,32276936,0.000000000,0,1,0.00000000,0.00000000
magi,eu-2005,3,,124,3628.5033729076385,3,eu-2005.graph,862664,32276936,0.001702252,1773407234702,4,0.46942663,0.00000293
magi,eu-2005,4,,124,3629.531934261322,3,eu-2005.graph,862664,32276936,0.001877159,1955625757158,3,0.31041614,0.00001542
magi,eu-2005,5,,124
louvain,eu-2005,1,2593116,0,81.2957,0,eu-2005.graph,862664,32276936,0.936872580,976034413793028,226,0.01155348,0.00000037
louvain,eu-2005,2,2593116,0,92.2825,0,eu-2005.graph,862664,32276936,0.937992116,977200747828172,239,0.01247310,0.00000036
louvain,eu-2005,3,2593116,0,52.2147,0,eu-2005.graph,862664,32276936,0.938198819,977416090732858,220,0.01159156,0.00000038
louvain,eu-2005,4,2593116,0,51.4407,0,eu-2005.graph,862664,32276936,0.937628126,976821542008256,229,0.01164766,0.00000037
louvain,eu-2005,5,2593116,0,44.1736,0,eu-2005.graph,862664,32276936,0.938998742,978249450724884,251,0.01182927,0.00000034
leiden,eu-2005,1,2593128,0,9.7176,0,eu-2005.graph,862664,32276936,0.940564674,979880839950102,288,0.01243124,0.00000033
leiden,eu-2005,2,2593128,0,9.8658,0,eu-2005.graph,862664,32276936,0.940379971,979688416450976,291,0.01250221,0.00000031
leiden,eu-2005,3,2593128,0,10.0295,0,eu-2005.graph,862664,32276936,0.941011519,980346363240274,300,0.01269659,0.00000032
leiden,eu-2005,4,2593128,0,9.9625,0,eu-2005.graph,862664,32276936,0.940820921,980147797929818,298,0.01277192,0.00000033
leiden,eu-2005,5,2593128,0,10.0063,0,eu-2005.graph,862664,32276936,0.940222674,979524544349180,324,0.01397134,0.00000031
infomap,eu-2005,1,9090552,0,102.9280,0,eu-2005.graph,862664,32276936,0.508304001,529551412969788,5,0.00168300,0.00000006
infomap,eu-2005,2,9090552,0,102.9079,0,eu-2005.graph,862664,32276936,0.508304001,529551412969788,5,0.00168300,0.00000006
infomap,eu-2005,3,9090552,0,104.0822,0,eu-2005.graph,862664,32276936,0.508304001,529551412969788,5,0.00168300,0.00000006
infomap,eu-2005,4,9090552,0,103.4806,0,eu-2005.graph,862664,32276936,0.508304001,529551412969788,5,0.00168300,0.00000006
infomap,eu-2005,5,9090552,0,103.1748,0,eu-2005.graph,862664,32276936,0.508304001,529551412969788,5,0.00168300,0.00000006
hollocou,eu-2005,1,320056,0,1.153,0,eu-2005.graph,862664,32276936,0.228410973,237958689016064,137331,0.47760902,0.00000623
hollocou,eu-2005,2,320056,0,1.150,0,eu-2005.graph,862664,32276936,0.225415462,234837963852680,134711,0.47753946,0.00000642
hollocou,eu-2005,3,320056,0,1.134,0,eu-2005.graph,862664,32276936,0.227773332,237294393971336,136365,0.47740562,0.00000619
hollocou,eu-2005,4,320056,0,1.137,0,eu-2005.graph,862664,32276936,0.229989761,239603470679204,138989,0.47807151,0.00000617
hollocou,eu-2005,5,320056,0,1.138,0,eu-2005.graph,862664,32276936,0.222296363,231588484497346,134978,0.47723450,0.00000643
gnns,eu-2005,1,66633796,0,3662.7323002815247,200,eu-2005.graph,862664,32276936,0.764937383,796912223671828,928,0.17160945,0.00000630
gnns,eu-2005,2,66633796,0,3736.1121962070465,200,eu-2005.graph,862664,32276936,0.797765048,831112103727436,927,0.15194559,0.00000539
gnns,eu-2005,3,66633796,0,3828.5935728549957,200,eu-2005.graph,862664,32276936,0.858788852,894686739428850,884,0.10316058,0.00000329
gnns,eu-2005,4,66633796,0,3813.165096282959,200,eu-2005.graph,862664,32276936,0.856947251,892768159056202,918,0.11925930,0.00000377
gnns,eu-2005,5,66633796,0,3700.7935926914215,200,eu-2005.graph,862664,32276936,0.842570375,877790320709864,921,0.12357372,0.00000404
dmon,eu-2005,1,2866640,1
dmon,eu-2005,2,2866640,1
dmon,eu-2005,3,2866640,1
dmon,eu-2005,4,2866640,1
dmon,eu-2005,5,2866640,1
dgcluster,eu-2005,1,48938524,0,3625.1650755405426,81,eu-2005.graph,862664,32276936,0.000000000,0,1,0.00000000,0.00000000
dgcluster,eu-2005,2,48938524,0,3646.9165642261505,79,eu-2005.graph,862664,32276936,0.000000000,0,1,0.00000000,0.00000000
dgcluster,eu-2005,3,48938524,0,3616.5461966991425,74,eu-2005.graph,862664,32276936,0.000000000,0,1,0.00000000,0.00000000
dgcluster,eu-2005,4,48938524,0,3604.540325164795,65,eu-2005.graph,862664,32276936,0.000000000,0,1,0.00000000,0.00000000
dgcluster,eu-2005,5,48938524,0,3638.7618589401245,66,eu-2005.graph,862664,32276936,0.000000000,0,1,0.00000000,0.00000000
commdgi,eu-2005,1,2787328,1
commdgi,eu-2005,2,2787328,1
commdgi,eu-2005,3,2787328,1
commdgi,eu-2005,4,2787328,1
commdgi,eu-2005,5,2787328,1
clustre_fast,eu-2005,1,14336,0,1.21585,0,eu-2005.graph,862664,32276936,0.736412424,767194903604392,57721,0.44621156,0.00000787
clustre_fast,eu-2005,2,14336,0,1.20659,0,eu-2005.graph,862664,32276936,0.736412424,767194903604392,57721,0.44621156,0.00000787
clustre_fast,eu-2005,3,14336,0,1.21138,0,eu-2005.graph,862664,32276936,0.736412424,767194903604392,57721,0.44621156,0.00000787
clustre_fast,eu-2005,4,14336,0,1.21366,0,eu-2005.graph,862664,32276936,0.736412424,767194903604392,57721,0.44621156,0.00000787
clustre_fast,eu-2005,5,14336,0,1.21425,0,eu-2005.graph,862664,32276936,0.736412424,767194903604392,57721,0.44621156,0.00000787
clustre_strong,eu-2005,1,137692,0,3590.65149,0,eu-2005.graph,862664,32276936,0.931636598,970579564588298,258,0.01420098,0.00000030
clustre_strong,eu-2005,2,140396,0,3054.35584,0,eu-2005.graph,862664,32276936,0.931637067,970580053758698,263,0.01432199,0.00000029
clustre_strong,eu-2005,3,141816,0,3246.65343,0,eu-2005.graph,862664,32276936,0.931636591,970579557364706,253,0.01401107,0.00000030
clustre_strong,eu-2005,4,142292,0,3496.98559,0,eu-2005.graph,862664,32276936,0.931636713,970579684699528,257,0.01412352,0.00000030
clustre_strong,eu-2005,5,141368,0,870.14234,0,eu-2005.graph,862664,32276936,0.931636592,970579558570990,254,0.01404965,0.00000030
walktrap,jazz,1,20480,0,0.0122,0,jazz.graph,198,5484,0.438421485,13185200,11,0.34153788,0.01043241
walktrap,jazz,2,20480,0,0.0112,0,jazz.graph,198,5484,0.438421485,13185200,11,0.34153788,0.01043241
walktrap,jazz,3,20480,0,0.0113,0,jazz.graph,198,5484,0.438421485,13185200,11,0.34153788,0.01043241
walktrap,jazz,4,20480,0,0.0113,0,jazz.graph,198,5484,0.438421485,13185200,11,0.34153788,0.01043241
walktrap,jazz,5,20480,0,0.0112,0,jazz.graph,198,5484,0.438421485,13185200,11,0.34153788,0.01043241
vieclus,jazz,1,20480,0,0.00370288,0,jazz.graph,198,5484,0.445143846,13387370,4,0.15880388,0.02943592
vieclus,jazz,2,20480,0,0.00396705,0,jazz.graph,198,5484,0.445143846,13387370,4,0.15880388,0.02943592
vieclus,jazz,3,20480,0,0.0024128,0,jazz.graph,198,5484,0.445143846,13387370,4,0.15880388,0.02943592
vieclus,jazz,4,20480,0,0.00238109,0,jazz.graph,198,5484,0.445143846,13387370,4,0.15880388,0.02943592
vieclus,jazz,5,20480,0,0.002424,0,jazz.graph,198,5484,0.445143846,13387370,4,0.15880388,0.02943592
ucode,jazz,1,375164,0,2.4182825088500977,1000,jazz.graph,198,5484,0.000000000,0,1,0.00000000,0.00000000
ucode,jazz,2,375164,0,2.3606345653533936,1000,jazz.graph,198,5484,0.000000000,0,1,0.00000000,0.00000000
ucode,jazz,3,375164,0,2.37733793258667,1000,jazz.graph,198,5484,0.000000000,0,1,0.00000000,0.00000000
ucode,jazz,4,375164,0,2.4034652709960938,1000,jazz.graph,198,5484,0.000000000,0,1,0.00000000,0.00000000
ucode,jazz,5,375164,0,2.337350606918335,1000,jazz.graph,198,5484,0.000000000,0,1,0.00000000,0.00000000
magi,jazz,1,399360,0,3.3285584449768066,100,jazz.graph,198,5484,0.008126884,244410,8,0.45347183,0.01111618
magi,jazz,2,399360,0,3.3449912071228027,100,jazz.graph,198,5484,0.008126884,244410,8,0.45347183,0.01111618
magi,jazz,3,399360,0,3.3468165397644043,100,jazz.graph,198,5484,0.008126884,244410,8,0.45347183,0.01111618
magi,jazz,4,399360,0,3.4089088439941406,100,jazz.graph,198,5484,0.008126884,244410,8,0.45347183,0.01111618
magi,jazz,5,399360,0,3.371241807937622,100,jazz.graph,198,5484,0.008126884,244410,8,0.45347183,0.01111618
louvain,jazz,1,20480,0,0.0065,0,jazz.graph,198,5484,0.444517929,13368546,4,0.15936224,0.02981057
louvain,jazz,2,20480,0,0.0059,0,jazz.graph,198,5484,0.440279087,13241066,4,0.16337111,0.02884567
louvain,jazz,3,20480,0,0.0057,0,jazz.graph,198,5484,0.440922694,13260422,4,0.16316070,0.02880207
louvain,jazz,4,20480,0,0.0057,0,jazz.graph,198,5484,0.443813007,13347346,4,0.15935744,0.02958477
louvain,jazz,5,20480,0,0.0059,0,jazz.graph,198,5484,0.435242421,13089592,3,0.09813376,0.02185535
leiden,jazz,1,20480,0,0.0064,0,jazz.graph,198,5484,0.445026802,13383850,4,0.15953357,0.02974884
leiden,jazz,2,20480,0,0.0055,0,jazz.graph,198,5484,0.445143846,13387370,4,0.15880388,0.02943592
leiden,jazz,3,20480,0,0.0054,0,jazz.graph,198,5484,0.444847579,13378460,4,0.18712685,0.02912995
leiden,jazz,4,20480,0,0.0052,0,jazz.graph,198,5484,0.444989029,13382714,4,0.15964614,0.02948152
leiden,jazz,5,20480,0,0.0062,0,jazz.graph,198,5484,0.444469382,13367086,3,0.10127777,0.02192638
infomap,jazz,1,18432,0,0.0146,0,jazz.graph,198,5484,0.287359993,8642138,5,0.22063530,0.02344109
infomap,jazz,2,18432,0,0.0150,0,jazz.graph,198,5484,0.287359993,8642138,5,0.22063530,0.02344109
infomap,jazz,3,18432,0,0.0132,0,jazz.graph,198,5484,0.287359993,8642138,5,0.22063530,0.02344109
infomap,jazz,4,18432,0,0.0133,0,jazz.graph,198,5484,0.287359993,8642138,5,0.22063530,0.02344109
infomap,jazz,5,18432,0,0.0137,0,jazz.graph,198,5484,0.287359993,8642138,5,0.22063530,0.02344109
hollocou,jazz,1,2048,0,0.000,0,jazz.graph,198,5484,-0.000000199,-6,3,0.50000000,0.00254239
hollocou,jazz,2,2048,0,0.000,0,jazz.graph,198,5484,0.002182797,65646,2,0.16666667,0.00256410
hollocou,jazz,3,2048,0,0.000,0,jazz.graph,198,5484,0.000000000,0,1,0.00000000,0.00000000
hollocou,jazz,4,2048,0,0.000,0,jazz.graph,198,5484,0.000726535,21850,3,0.39682540,0.00397121
hollocou,jazz,5,2048,0,0.001,0,jazz.graph,198,5484,-0.000000266,-8,2,0.50000000,0.00507614
gnns,jazz,1,272588,0,0.19654011726379395,50,jazz.graph,198,5484,0.444787129,13376642,5,0.16071119,0.02415263
gnns,jazz,2,272588,0,0.20837712287902832,50,jazz.graph,198,5484,0.445143846,13387370,4,0.15880388,0.02943592
gnns,jazz,3,272588,0,0.2028346061706543,50,jazz.graph,198,5484,0.445143846,13387370,4,0.15880388,0.02943592
gnns,jazz,4,272588,0,0.20273089408874512,50,jazz.graph,198,5484,0.444787129,13376642,5,0.16071119,0.02415263
gnns,jazz,5,272588,0,0.19567275047302246,50,jazz.graph,198,5484,0.445143846,13387370,4,0.15880388,0.02943592
dmon,jazz,1,576736,0,30.6962,1000,jazz.graph,198,5484,0.256472712,7713226,16,0.38558450,0.05478945
dmon,jazz,2,576736,0,30.3331,1000,jazz.graph,198,5484,0.252523753,7594464,16,0.37031529,0.05970307
dmon,jazz,3,576736,0,29.8761,1000,jazz.graph,198,5484,0.276891704,8327312,16,0.38020469,0.05353484
dmon,jazz,4,576736,0,29.8438,1000,jazz.graph,198,5484,0.255518141,7684518,16,0.37429505,0.05466957
dmon,jazz,5,576736,0,30.4064,1000,jazz.graph,198,5484,0.254840152,7664128,16,0.39211540,0.05833096
dgcluster,jazz,1,401280,0,4.784017562866211,300,jazz.graph,198,5484,0.000000000,0,1,0.00000000,0.00000000
dgcluster,jazz,2,401280,0,4.736374616622925,300,jazz.graph,198,5484,0.000000000,0,1,0.00000000,0.00000000
dgcluster,jazz,3,401280,0,4.749422073364258,300,jazz.graph,198,5484,0.000000000,0,1,0.00000000,0.00000000
dgcluster,jazz,4,401280,0,4.893863916397095,300,jazz.graph,198,5484,0.000000000,0,1,0.00000000,0.00000000
dgcluster,jazz,5,401280,0,4.893083333969116,300,jazz.graph,198,5484,0.000000000,0,1,0.00000000,0.00000000
commdgi,jazz,1,391564,0,18.9156,1001,jazz.graph,198,5484,0.420799703,12655238,14,0.32470871,0.01991460
commdgi,jazz,2,391564,0,15.9243,1001,jazz.graph,198,5484,0.415162456,12485702,14,0.34524177,0.01787101
commdgi,jazz,3,391564,0,17.0822,1001,jazz.graph,198,5484,0.423569514,12738538,13,0.33769881,0.01678018
commdgi,jazz,4,391564,0,12.9689,1001,jazz.graph,198,5484,0.432165437,12997054,13,0.33079794,0.01633599
commdgi,jazz,5,391564,0,19.1297,1001,jazz.graph,198,5484,0.428016307,12872272,13,0.33192412,0.01421376
clustre_fast,jazz,1,6144,0,0.000400066,0,jazz.graph,198,5484,0.382135538,11492442,17,0.36135644,0.02428113
clustre_fast,jazz,2,6144,0,0.000411034,0,jazz.graph,198,5484,0.382135538,11492442,17,0.36135644,0.02428113
clustre_fast,jazz,3,6144,0,0.000364065,0,jazz.graph,198,5484,0.382135538,11492442,17,0.36135644,0.02428113
clustre_fast,jazz,4,6144,0,0.000365973,0,jazz.graph,198,5484,0.382135538,11492442,17,0.36135644,0.02428113
clustre_fast,jazz,5,4096,0,0.000392199,0,jazz.graph,198,5484,0.382135538,11492442,17,0.36135644,0.02428113
clustre_strong,jazz,1,12288,0,,0,jazz.graph,198,5484,0.444347683,13363426,3,0.10150039,0.02196354
clustre_strong,jazz,2,12288,0,,0,jazz.graph,198,5484,0.444347683,13363426,3,0.10150039,0.02196354
clustre_strong,jazz,3,12288,0,,0,jazz.graph,198,5484,0.444347683,13363426,3,0.10150039,0.02196354
clustre_strong,jazz,4,12288,0,,0,jazz.graph,198,5484,0.444347683,13363426,3,0.10150039,0.02196354
clustre_strong,jazz,5,12288,0,,0,jazz.graph,198,5484,0.444347683,13363426,3,0.10150039,0.02196354
walktrap,karate,1,20480,0,0.0046,0,karate.graph,34,156,0.353221564,8596,5,0.20404762,0.03409460
walktrap,karate,2,20480,0,0.0050,0,karate.graph,34,156,0.353221564,8596,5,0.20404762,0.03409460
walktrap,karate,3,20480,0,0.0043,0,karate.graph,34,156,0.353221564,8596,5,0.20404762,0.03409460
walktrap,karate,4,20480,0,0.0047,0,karate.graph,34,156,0.353221564,8596,5,0.20404762,0.03409460
walktrap,karate,5,20480,0,0.0043,0,karate.graph,34,156,0.353221564,8596,5,0.20404762,0.03409460
vieclus,karate,1,20480,0,9.799e-05,0,karate.graph,34,156,0.419789612,10216,4,0.14375000,0.02443454
vieclus,karate,2,20480,0,9.20296e-05,0,karate.graph,34,156,0.419789612,10216,4,0.14375000,0.02443454
vieclus,karate,3,20480,0,9.98974e-05,0,karate.graph,34,156,0.419789612,10216,4,0.14375000,0.02443454
vieclus,karate,4,20480,0,9.29832e-05,0,karate.graph,34,156,0.419789612,10216,4,0.14375000,0.02443454
vieclus,karate,5,20480,0,9.89437e-05,0,karate.graph,34,156,0.419789612,10216,4,0.14375000,0.02443454
ucode,karate,1,372140,0,1.6365423202514648,1000,karate.graph,34,156,0.000000000,0,1,0.00000000,0.00000000
ucode,karate,2,372140,0,1.6262943744659424,1000,karate.graph,34,156,0.000000000,0,1,0.00000000,0.00000000
ucode,karate,3,372140,0,1.6432178020477295,1000,karate.graph,34,156,0.000000000,0,1,0.00000000,0.00000000
ucode,karate,4,372140,0,1.6485028266906738,1000,karate.graph,34,156,0.000000000,0,1,0.00000000,0.00000000
ucode,karate,5,372140,0,1.639340877532959,1000,karate.graph,34,156,0.000000000,0,1,0.00000000,0.00000000
magi,karate,1,403320,0,2.8806262016296387,100,karate.graph,34,156,-0.139299802,-3390,6,0.46249086,0.08487317
magi,karate,2,403320,0,3.0483601093292236,100,karate.graph,34,156,-0.139299802,-3390,6,0.46249086,0.08487317
magi,karate,3,403320,0,2.9506659507751465,100,karate.graph,34,156,-0.139299802,-3390,6,0.46249086,0.08487317
magi,karate,4,403320,0,2.8622686862945557,100,karate.graph,34,156,-0.139299802,-3390,6,0.46249086,0.08487317
magi,karate,5,403320,0,2.980233669281006,100,karate.graph,34,156,-0.139299802,-3390,6,0.46249086,0.08487317
louvain,karate,1,20480,0,0.0045,0,karate.graph,34,156,0.418803418,10192,4,0.14396655,0.02443454
louvain,karate,2,20480,0,0.0045,0,karate.graph,34,156,0.418803418,10192,4,0.14396655,0.02443454
louvain,karate,3,20480,0,0.0046,0,karate.graph,34,156,0.398093359,9688,4,0.17396442,0.03063952
louvain,karate,4,20480,0,0.0042,0,karate.graph,34,156,0.415598290,10114,4,0.14360279,0.02332111
louvain,karate,5,20480,0,0.0039,0,karate.graph,34,156,0.415105193,10102,4,0.14375000,0.02346051
leiden,karate,1,20480,0,0.0051,0,karate.graph,34,156,0.419789612,10216,4,0.14375000,0.02443454
leiden,karate,2,20480,0,0.0044,0,karate.graph,34,156,0.419789612,10216,4,0.14375000,0.02443454
leiden,karate,3,20480,0,0.0042,0,karate.graph,34,156,0.419789612,10216,4,0.14375000,0.02443454
leiden,karate,4,20480,0,0.0039,0,karate.graph,34,156,0.419789612,10216,4,0.14375000,0.02443454
leiden,karate,5,20480,0,0.0040,0,karate.graph,34,156,0.419789612,10216,4,0.14375000,0.02443454
infomap,karate,1,18432,0,0.0072,0,karate.graph,34,156,0.402038132,9784,3,0.10066860,0.01920310
infomap,karate,2,18432,0,0.0070,0,karate.graph,34,156,0.402038132,9784,3,0.10066860,0.01920310
infomap,karate,3,18432,0,0.0066,0,karate.graph,34,156,0.402038132,9784,3,0.10066860,0.01920310
infomap,karate,4,18432,0,0.0068,0,karate.graph,34,156,0.402038132,9784,3,0.10066860,0.01920310
infomap,karate,5,18432,0,0.0066,0,karate.graph,34,156,0.402038132,9784,3,0.10066860,0.01920310
hollocou,karate,1,2048,134,,0,karate.graph,34,156,-0.010437212,-254,3,0.43833017,0.09884327
hollocou,karate,2,2048,134
hollocou,karate,3,2048,134
hollocou,karate,4,2048,134
hollocou,karate,5,2048,134
gnns,karate,1,245760,0,0.04189634323120117,50,karate.graph,34,156,0.419789612,10216,4,0.14375000,0.02443454
gnns,karate,2,245760,0,0.03808426856994629,50,karate.graph,34,156,0.419789612,10216,4,0.14375000,0.02443454
gnns,karate,3,245760,0,0.03808426856994629,50,karate.graph,34,156,0.419789612,10216,4,0.14375000,0.02443454
gnns,karate,4,245760,0,0.036980390548706055,50,karate.graph,34,156,0.419789612,10216,4,0.14375000,0.02443454
gnns,karate,5,245760,0,0.03714871406555176,50,karate.graph,34,156,0.419789612,10216,4,0.14375000,0.02443454
dmon,karate,1,592436,0,26.8672,1000,karate.graph,34,156,0.245479947,5974,12,0.38184671,0.04020260
dmon,karate,2,592436,0,26.6072,1000,karate.graph,34,156,0.222961867,5426,11,0.40695251,0.04607273
dmon,karate,3,592436,0,26.2637,1000,karate.graph,34,156,0.221893491,5400,11,0.39523793,0.04979269
dmon,karate,4,592436,0,26.4561,1000,karate.graph,34,156,0.140039447,3408,12,0.41892753,0.05553788
dmon,karate,5,592436,0,26.2712,1000,karate.graph,34,156,0.221811308,5398,11,0.37672170,0.04790761
dgcluster,karate,1,397652,0,1.5336668491363525,300,karate.graph,34,156,0.000000000,0,1,0.00000000,0.00000000
dgcluster,karate,2,397652,0,1.399397850036621,300,karate.graph,34,156,0.000000000,0,1,0.00000000,0.00000000
dgcluster,karate,3,397652,0,1.4181878566741943,300,karate.graph,34,156,0.000000000,0,1,0.00000000,0.00000000
dgcluster,karate,4,397652,0,1.611421823501587,300,karate.graph,34,156,0.000000000,0,1,0.00000000,0.00000000
dgcluster,karate,5,397652,0,1.4032063484191895,300,karate.graph,34,156,0.000000000,0,1,0.00000000,0.00000000
commdgi,karate,1,383008,0,8.6057,1001,karate.graph,34,156,0.225345167,5484,15,0.41904731,0.03918968
commdgi,karate,2,383008,0,6.7426,1001,karate.graph,34,156,0.255752794,6224,12,0.38866342,0.04108768
commdgi,karate,3,383008,0,6.5894,1001,karate.graph,34,156,0.230522682,5610,15,0.40434268,0.04526674
commdgi,karate,4,383008,0,7.0478,1001,karate.graph,34,156,0.185157790,4506,14,0.43997114,0.04518003
commdgi,karate,5,383008,0,6.2061,1001,karate.graph,34,156,0.238165680,5796,12,0.40467488,0.04519300
clustre_fast,karate,1,6144,0,0.000168085,0,karate.graph,34,156,0.250657462,6100,11,0.38494801,0.04420974
clustre_fast,karate,2,6144,0,0.000735998,0,karate.graph,34,156,0.250657462,6100,11,0.38494801,0.04420974
clustre_fast,karate,3,6144,0,0.000749826,0,karate.graph,34,156,0.250657462,6100,11,0.38494801,0.04420974
clustre_fast,karate,4,6144,0,0.000507832,0,karate.graph,34,156,0.250657462,6100,11,0.38494801,0.04420974
clustre_fast,karate,5,6144,0,0.000728846,0,karate.graph,34,156,0.250657462,6100,11,0.38494801,0.04420974
clustre_strong,karate,1,12288,0,,0,karate.graph,34,156,0.415105193,10102,4,0.14375000,0.02346051
clustre_strong,karate,2,14336,0,,0,karate.graph,34,156,0.415105193,10102,4,0.14375000,0.02346051
clustre_strong,karate,3,12288,0,,0,karate.graph,34,156,0.415105193,10102,4,0.14375000,0.02346051
clustre_strong,karate,4,12288,0,,0,karate.graph,34,156,0.415105193,10102,4,0.14375000,0.02346051
clustre_strong,karate,5,10240,0,,0,karate.graph,34,156,0.415105193,10102,4,0.14375000,0.02346051
walktrap,G_n_pin_pout,1,12213628,0,938.5175,0,G_n_pin_pout.graph,100000,1002396,0.350546087,352227916724,537,0.34340819,0.00002282
walktrap,G_n_pin_pout,2,12213628,0,944.8616,0,G_n_pin_pout.graph,100000,1002396,0.350546087,352227916724,537,0.34340819,0.00002282
walktrap,G_n_pin_pout,3,12213628,0,951.2589,0,G_n_pin_pout.graph,100000,1002396,0.350546087,352227916724,537,0.34340819,0.00002282
walktrap,G_n_pin_pout,4,12213628,0,938.8269,0,G_n_pin_pout.graph,100000,1002396,0.350546087,352227916724,537,0.34340819,0.00002282
walktrap,G_n_pin_pout,5,12213628,0,939.8204,0,G_n_pin_pout.graph,100000,1002396,0.350546087,352227916724,537,0.34340819,0.00002282
vieclus,G_n_pin_pout,1,506432,0,3598.49,0,G_n_pin_pout.graph,100000,1002396,0.500428523,502829449546,155,0.23907314,0.00002404
vieclus,G_n_pin_pout,2,514108,0,3556.78,0,G_n_pin_pout.graph,100000,1002396,0.500425699,502826611978,151,0.23880629,0.00002402
vieclus,G_n_pin_pout,3,514048,0,3586.38,0,G_n_pin_pout.graph,100000,1002396,0.500416367,502817235904,152,0.23886197,0.00002403
vieclus,G_n_pin_pout,4,516448,0,3601.88,0,G_n_pin_pout.graph,100000,1002396,0.500432947,502833895262,154,0.23901372,0.00002405
vieclus,G_n_pin_pout,5,522644,0,3562.79,0,G_n_pin_pout.graph,100000,1002396,0.500466159,502867266202,150,0.23865660,0.00002402
ucode,G_n_pin_pout,1,159452776,0,3654.934130191803,42,G_n_pin_pout.graph,100000,1002396,0.000000000,0,1,0.00000000,0.00000000
ucode,G_n_pin_pout,2,159452776,0,3623.965589284897,42,G_n_pin_pout.graph,100000,1002396,0.000000000,0,1,0.00000000,0.00000000
ucode,G_n_pin_pout,3,159452776,0,3633.2712485790253,45,G_n_pin_pout.graph,100000,1002396,0.000000000,0,1,0.00000000,0.00000000
ucode,G_n_pin_pout,4,159452776,0,3659.052023410797,47,G_n_pin_pout.graph,100000,1002396,0.000000000,0,1,0.00000000,0.00000000
ucode,G_n_pin_pout,5,159452776,0,3656.6887636184692,47,G_n_pin_pout.graph,100000,1002396,0.000000000,0,1,0.00000000,0.00000000
magi,G_n_pin_pout,1,13100568,0,3606.391852378845,8,G_n_pin_pout.graph,100000,1002396,0.000524849,527367340,5,0.39935602,0.00004175
magi,G_n_pin_pout,2,13100568,0,3612.8071863651276,8,G_n_pin_pout.graph,100000,1002396,-0.000192931,-193857160,6,0.41667386,0.00003663
magi,G_n_pin_pout,3,13100568,0,3612.3624229431152,7,G_n_pin_pout.graph,100000,1002396,0.000202095,203064602,4,0.38412529,0.00003735
magi,G_n_pin_pout,4,13100568,0,3615.277253627777,8,G_n_pin_pout.graph,100000,1002396,-0.000058373,-58653176,6,0.41694373,0.00003729
magi,G_n_pin_pout,5,13100568,0,3612.847184896469,8,G_n_pin_pout.graph,100000,1002396,0.000242866,244031400,5,0.39946273,0.00003564
louvain,G_n_pin_pout,1,103520,0,9.3521,0,G_n_pin_pout.graph,100000,1002396,0.384868593,386715093016,103,0.28778956,0.00002912
louvain,G_n_pin_pout,2,103520,0,6.8045,0,G_n_pin_pout.graph,100000,1002396,0.382750636,384586975232,108,0.29006499,0.00002935
louvain,G_n_pin_pout,3,103520,0,8.3834,0,G_n_pin_pout.graph,100000,1002396,0.384808770,386654983658,106,0.28894462,0.00002923
louvain,G_n_pin_pout,4,103520,0,12.9384,0,G_n_pin_pout.graph,100000,1002396,0.388940181,390806215956,104,0.28542397,0.00002890
louvain,G_n_pin_pout,5,103520,0,8.9046,0,G_n_pin_pout.graph,100000,1002396,0.387338970,389197322000,106,0.28668842,0.00002904
leiden,G_n_pin_pout,1,101856,0,1.4119,0,G_n_pin_pout.graph,100000,1002396,0.488617122,490961381280,95,0.23456408,0.00002371
leiden,G_n_pin_pout,2,101856,0,1.3585,0,G_n_pin_pout.graph,100000,1002396,0.495716841,498095162558,113,0.23728824,0.00002393
leiden,G_n_pin_pout,3,101856,0,1.4221,0,G_n_pin_pout.graph,100000,1002396,0.488405964,490749209842,96,0.23507309,0.00002374
leiden,G_n_pin_pout,4,101856,0,1.3920,0,G_n_pin_pout.graph,100000,1002396,0.478561622,480857637604,97,0.23754550,0.00002407
leiden,G_n_pin_pout,5,101856,0,1.3869,0,G_n_pin_pout.graph,100000,1002396,0.486005345,488337072766,99,0.23542960,0.00002378
infomap,G_n_pin_pout,1,370084,0,7.1161,0,G_n_pin_pout.graph,100000,1002396,0.473923796,476197559872,851,0.33903705,0.00002961
infomap,G_n_pin_pout,2,370084,0,7.1611,0,G_n_pin_pout.graph,100000,1002396,0.473923796,476197559872,851,0.33903705,0.00002961
infomap,G_n_pin_pout,3,370084,0,7.1134,0,G_n_pin_pout.graph,100000,1002396,0.473923796,476197559872,851,0.33903705,0.00002961
infomap,G_n_pin_pout,4,370084,0,7.1675,0,G_n_pin_pout.graph,100000,1002396,0.473923796,476197559872,851,0.33903705,0.00002961
infomap,G_n_pin_pout,5,370084,0,7.0442,0,G_n_pin_pout.graph,100000,1002396,0.473923796,476197559872,851,0.33903705,0.00002961
hollocou,G_n_pin_pout,1,15932,0,0.020,0,G_n_pin_pout.graph,100000,1002396,0.153255281,153990560610,1765,0.48619997,0.00003040
hollocou,G_n_pin_pout,2,15932,0,0.019,0,G_n_pin_pout.graph,100000,1002396,0.152812309,153545463214,1752,0.48696685,0.00003083
hollocou,G_n_pin_pout,3,15932,0,0.018,0,G_n_pin_pout.graph,100000,1002396,0.152588726,153320807764,1776,0.48716202,0.00003080
hollocou,G_n_pin_pout,4,15932,0,0.018,0,G_n_pin_pout.graph,100000,1002396,0.153021501,153755658646,1791,0.48677818,0.00003057
hollocou,G_n_pin_pout,5,15932,0,0.017,0,G_n_pin_pout.graph,100000,1002396,0.153161343,153896171730,1779,0.48755196,0.00003089
gnns,G_n_pin_pout,1,8131744,0,2148.241946220398,1700,G_n_pin_pout.graph,100000,1002396,0.496367016,498748456808,200,0.25121183,0.00002517
gnns,G_n_pin_pout,2,8131744,0,2165.246067762375,1700,G_n_pin_pout.graph,100000,1002396,0.495996385,498376047766,201,0.25355825,0.00002523
gnns,G_n_pin_pout,3,8131744,0,2204.3121616840363,1700,G_n_pin_pout.graph,100000,1002396,0.496382778,498764294902,195,0.25051721,0.00002498
gnns,G_n_pin_pout,4,8131744,0,2172.713891029358,1700,G_n_pin_pout.graph,100000,1002396,0.496377712,498759204330,199,0.25076170,0.00002506
gnns,G_n_pin_pout,5,8131744,0,2239.740483045578,1700,G_n_pin_pout.graph,100000,1002396,0.496714150,499097256258,208,0.25108498,0.00002510
dmon,G_n_pin_pout,1,79122576,0,3605.4726,816,G_n_pin_pout.graph,100000,1002396,0.058237048,58516454674,16,0.44015341,0.00004713
dmon,G_n_pin_pout,2,79122576,0,3604.8437,819,G_n_pin_pout.graph,100000,1002396,0.048002819,48233124618,16,0.44635900,0.00004827
dmon,G_n_pin_pout,3,79122576,0,3606.2660,820,G_n_pin_pout.graph,100000,1002396,0.047341447,47568579222,16,0.44585876,0.00004828
dmon,G_n_pin_pout,4,79122576,0,3605.2805,821,G_n_pin_pout.graph,100000,1002396,0.046766977,46991353642,16,0.44568239,0.00004760
dmon,G_n_pin_pout,5,79122576,0,3603.7653,821,G_n_pin_pout.graph,100000,1002396,0.050850831,51094800298,16,0.44466295,0.00004742
dgcluster,G_n_pin_pout,1,3140336,0,802.5035285949707,300,G_n_pin_pout.graph,100000,1002396,0.000000000,0,1,0.00000000,0.00000000
dgcluster,G_n_pin_pout,2,3140336,0,795.1831593513489,300,G_n_pin_pout.graph,100000,1002396,0.000000000,0,1,0.00000000,0.00000000
dgcluster,G_n_pin_pout,3,3140336,0,790.1392753124237,300,G_n_pin_pout.graph,100000,1002396,0.000000000,0,1,0.00000000,0.00000000
dgcluster,G_n_pin_pout,4,3140336,0,833.8042359352112,300,G_n_pin_pout.graph,100000,1002396,0.000000000,0,1,0.00000000,0.00000000
dgcluster,G_n_pin_pout,5,3140336,0,797.2543749809265,300,G_n_pin_pout.graph,100000,1002396,0.000000000,0,1,0.00000000,0.00000000
commdgi,G_n_pin_pout,1,236203528,1
commdgi,G_n_pin_pout,2,236203528,1
commdgi,G_n_pin_pout,3,236203528,1
commdgi,G_n_pin_pout,4,236203528,1
commdgi,G_n_pin_pout,5,236203528,1
clustre_fast,G_n_pin_pout,1,6144,0,0.105402,0,G_n_pin_pout.graph,100000,1002396,0.199869974,200828898640,3971,0.39949882,0.00004020
clustre_fast,G_n_pin_pout,2,6144,0,0.10493,0,G_n_pin_pout.graph,100000,1002396,0.199869974,200828898640,3971,0.39949882,0.00004020
clustre_fast,G_n_pin_pout,3,6144,0,0.105986,0,G_n_pin_pout.graph,100000,1002396,0.199869974,200828898640,3971,0.39949882,0.00004020
clustre_fast,G_n_pin_pout,4,6144,0,0.104622,0,G_n_pin_pout.graph,100000,1002396,0.199869974,200828898640,3971,0.39949882,0.00004020
clustre_fast,G_n_pin_pout,5,6144,0,0.105352,0,G_n_pin_pout.graph,100000,1002396,0.199869974,200828898640,3971,0.39949882,0.00004020
clustre_strong,G_n_pin_pout,1,1027296,0,2985.413098,0,G_n_pin_pout.graph,100000,1002396,0.376343650,378149250174,55,0.27760034,0.00002832
clustre_strong,G_n_pin_pout,2,1029724,0,3553.382009,0,G_n_pin_pout.graph,100000,1002396,0.391014699,392890686814,56,0.27189693,0.00002771
clustre_strong,G_n_pin_pout,3,1025208,0,3422.158458,0,G_n_pin_pout.graph,100000,1002396,0.390241366,392113643258,58,0.27282847,0.00002781
clustre_strong,G_n_pin_pout,4,1021188,0,3510.151468,0,G_n_pin_pout.graph,100000,1002396,0.377854420,379667268086,58,0.27860361,0.00002839
clustre_strong,G_n_pin_pout,5,1023568,0,3361.091364,0,G_n_pin_pout.graph,100000,1002396,0.379815134,381637388820,60,0.27857014,0.00002838
walktrap,lesmis,1,20480,0,0.0055,0,lesmis.graph,77,508,0.498552201,1340906,8,0.15001534,0.02679324
walktrap,lesmis,2,20480,0,0.0051,0,lesmis.graph,77,508,0.498552201,1340906,8,0.15001534,0.02679324
walktrap,lesmis,3,20480,0,0.0050,0,lesmis.graph,77,508,0.498552201,1340906,8,0.15001534,0.02679324
walktrap,lesmis,4,20480,0,0.0047,0,lesmis.graph,77,508,0.498552201,1340906,8,0.15001534,0.02679324
walktrap,lesmis,5,20480,0,0.0051,0,lesmis.graph,77,508,0.498552201,1340906,8,0.15001534,0.02679324
vieclus,lesmis,1,22528,0,0.000458002,0,lesmis.graph,77,508,0.566687983,1524164,6,0.09526807,0.02856357
vieclus,lesmis,2,22528,0,0.000360012,0,lesmis.graph,77,508,0.566687983,1524164,6,0.09526807,0.02856357
vieclus,lesmis,3,20480,0,0.000426054,0,lesmis.graph,77,508,0.566687983,1524164,6,0.09526807,0.02856357
vieclus,lesmis,4,20480,0,0.00041008,0,lesmis.graph,77,508,0.566687983,1524164,6,0.09526807,0.02856357
vieclus,lesmis,5,22528,0,0.000365973,0,lesmis.graph,77,508,0.566687983,1524164,6,0.09526807,0.02856357
ucode,lesmis,1,374508,0,1.9707751274108887,1000,lesmis.graph,77,508,0.000000000,0,1,0.00000000,0.00000000
ucode,lesmis,2,374508,0,1.907465934753418,1000,lesmis.graph,77,508,0.000000000,0,1,0.00000000,0.00000000
ucode,lesmis,3,374508,0,1.939133882522583,1000,lesmis.graph,77,508,0.000000000,0,1,0.00000000,0.00000000
ucode,lesmis,4,374508,0,1.947913408279419,1000,lesmis.graph,77,508,0.000000000,0,1,0.00000000,0.00000000
ucode,lesmis,5,374508,0,1.9554932117462158,1000,lesmis.graph,77,508,0.000000000,0,1,0.00000000,0.00000000
magi,lesmis,1,400764,0,3.001241445541382,100,lesmis.graph,77,508,0.163170731,438864,7,0.34692860,0.05008181
magi,lesmis,2,400764,0,3.0797805786132812,100,lesmis.graph,77,508,0.163170731,438864,7,0.34692860,0.05008181
magi,lesmis,3,400764,0,3.2257184982299805,100,lesmis.graph,77,508,0.163170731,438864,7,0.34692860,0.05008181
magi,lesmis,4,400764,0,3.0831611156463623,100,lesmis.graph,77,508,0.163170731,438864,7,0.34692860,0.05008181
magi,lesmis,5,400764,0,3.0691895484924316,100,lesmis.graph,77,508,0.163170731,438864,7,0.34692860,0.05008181
louvain,lesmis,1,20480,0,0.0046,0,lesmis.graph,77,508,0.531151844,1428586,6,0.13620602,0.04169110
louvain,lesmis,2,20480,0,0.0046,0,lesmis.graph,77,508,0.530177721,1425966,5,0.13395411,0.04398813
louvain,lesmis,3,20480,0,0.0044,0,lesmis.graph,77,508,0.489166418,1315662,6,0.15507725,0.04273217
louvain,lesmis,4,20480,0,0.0042,0,lesmis.graph,77,508,0.530946609,1428034,6,0.13577339,0.04250933
louvain,lesmis,5,20480,0,0.0040,0,lesmis.graph,77,508,0.531151844,1428586,6,0.13620602,0.04169110
leiden,lesmis,1,20480,0,0.0048,0,lesmis.graph,77,508,0.566687983,1524164,6,0.09526807,0.02856357
leiden,lesmis,2,20480,0,0.0047,0,lesmis.graph,77,508,0.566687983,1524164,6,0.09526807,0.02856357
leiden,lesmis,3,20480,0,0.0046,0,lesmis.graph,77,508,0.566687983,1524164,6,0.09526807,0.02856357
leiden,lesmis,4,20480,0,0.0047,0,lesmis.graph,77,508,0.565821683,1521834,6,0.09460284,0.02841639
leiden,lesmis,5,20480,0,0.0043,0,lesmis.graph,77,508,0.566687983,1524164,6,0.09526807,0.02856357
infomap,lesmis,1,18432,0,0.0083,0,lesmis.graph,77,508,0.559118084,1503804,9,0.14908674,0.02608477
infomap,lesmis,2,18432,0,0.0080,0,lesmis.graph,77,508,0.559118084,1503804,9,0.14908674,0.02608477
infomap,lesmis,3,18432,0,0.0080,0,lesmis.graph,77,508,0.559118084,1503804,9,0.14908674,0.02608477
infomap,lesmis,4,18432,0,0.0077,0,lesmis.graph,77,508,0.559118084,1503804,9,0.14908674,0.02608477
infomap,lesmis,5,18432,0,0.0078,0,lesmis.graph,77,508,0.559118084,1503804,9,0.14908674,0.02608477
hollocou,lesmis,1,2048,0,0.000,0,lesmis.graph,77,508,-0.000031975,-86,5,0.50000000,0.00894289
hollocou,lesmis,2,2048,0,0.000,0,lesmis.graph,77,508,0.001609161,4328,8,0.46554487,0.02170807
hollocou,lesmis,3,2048,0,0.000,0,lesmis.graph,77,508,-0.000017102,-46,5,0.50000000,0.00994953
hollocou,lesmis,4,2048,0,0.000,0,lesmis.graph,77,508,-0.000119720,-322,4,0.50000000,0.00872947
hollocou,lesmis,5,2048,0,0.000,0,lesmis.graph,77,508,0.038341017,103122,6,0.41749464,0.03921407
gnns,lesmis,1,251904,0,0.0683443546295166,50,lesmis.graph,77,508,0.531151844,1428586,6,0.13620602,0.04169110
gnns,lesmis,2,251904,0,0.0673973560333252,50,lesmis.graph,77,508,0.531151844,1428586,6,0.13620602,0.04169110
gnns,lesmis,3,251904,0,0.06635046005249023,50,lesmis.graph,77,508,0.531151844,1428586,6,0.13620602,0.04169110
gnns,lesmis,4,251904,0,0.06671380996704102,50,lesmis.graph,77,508,0.531151844,1428586,6,0.13620602,0.04169110
gnns,lesmis,5,251904,0,0.06706857681274414,50,lesmis.graph,77,508,0.531151844,1428586,6,0.13620602,0.04169110
dmon,lesmis,1,594536,0,26.0000,1000,lesmis.graph,77,508,0.502727543,1352136,14,0.30337019,0.03785718
dmon,lesmis,2,594536,0,25.7203,1000,lesmis.graph,77,508,0.497262046,1337436,15,0.33274070,0.03796660
dmon,lesmis,3,594536,0,25.5312,1000,lesmis.graph,77,508,0.459112135,1234828,16,0.34636753,0.04771340
dmon,lesmis,4,594536,0,25.2642,1000,lesmis.graph,77,508,0.496354848,1334996,15,0.32312509,0.03983496
dmon,lesmis,5,594536,0,25.3686,1000,lesmis.graph,77,508,0.472436049,1270664,15,0.32703120,0.04599778
dgcluster,lesmis,1,396684,0,1.8677165508270264,300,lesmis.graph,77,508,0.000000000,0,1,0.00000000,0.00000000
dgcluster,lesmis,2,396684,0,1.8869261741638184,300,lesmis.graph,77,508,0.000000000,0,1,0.00000000,0.00000000
dgcluster,lesmis,3,396684,0,1.9265472888946533,300,lesmis.graph,77,508,0.000000000,0,1,0.00000000,0.00000000
dgcluster,lesmis,4,396684,0,1.8589797019958496,300,lesmis.graph,77,508,0.000000000,0,1,0.00000000,0.00000000
dgcluster,lesmis,5,396684,0,1.9499540328979492,300,lesmis.graph,77,508,0.000000000,0,1,0.00000000,0.00000000
commdgi,lesmis,1,378880,0,8.1214,1001,lesmis.graph,77,508,0.504799226,1357708,14,0.29164478,0.02934203
commdgi,lesmis,2,378880,0,8.3390,1001,lesmis.graph,77,508,0.504636377,1357270,14,0.30016372,0.02996561
commdgi,lesmis,3,378880,0,8.1046,1001,lesmis.graph,77,508,0.478346966,1286562,13,0.25839586,0.03350083
commdgi,lesmis,4,378880,0,8.0635,1001,lesmis.graph,77,508,0.475263236,1278268,14,0.27621285,0.03203324
commdgi,lesmis,5,378880,0,8.1939,1001,lesmis.graph,77,508,0.450395597,1211384,15,0.27570712,0.05542636
clustre_fast,lesmis,1,6144,0,0.000213861,0,lesmis.graph,77,508,0.408911362,1099808,12,0.26222821,0.08766242
clustre_fast,lesmis,2,6144,0,0.000212908,0,lesmis.graph,77,508,0.408911362,1099808,12,0.26222821,0.08766242
clustre_fast,lesmis,3,6144,0,0.000237942,0,lesmis.graph,77,508,0.408911362,1099808,12,0.26222821,0.08766242
clustre_fast,lesmis,4,6144,0,0.000216961,0,lesmis.graph,77,508,0.408911362,1099808,12,0.26222821,0.08766242
clustre_fast,lesmis,5,6144,0,0.000225782,0,lesmis.graph,77,508,0.408911362,1099808,12,0.26222821,0.08766242
clustre_strong,lesmis,1,12288,0,,0,lesmis.graph,77,508,0.531426234,1429324,6,0.13234458,0.04079281
clustre_strong,lesmis,2,12288,0,,0,lesmis.graph,77,508,0.531426234,1429324,6,0.13234458,0.04079281
clustre_strong,lesmis,3,12288,0,,0,lesmis.graph,77,508,0.531426234,1429324,6,0.13234458,0.04079281
clustre_strong,lesmis,4,12288,0,,0,lesmis.graph,77,508,0.531426234,1429324,6,0.13234458,0.04079281
clustre_strong,lesmis,5,10240,0,,0,lesmis.graph,77,508,0.531426234,1429324,6,0.13234458,0.04079281
walktrap,in-2004,1,97479740,0
walktrap,in-2004,2,97479740,0
walktrap,in-2004,3,97479740,0
walktrap,in-2004,4,97479740,0
walktrap,in-2004,5,97479740,0
vieclus,in-2004,1,1916352,0,3548.15,0,in-2004.graph,1382908,27182946,0.980644419,724610471752448,1005,0.00140608,0.00000002
vieclus,in-2004,2,1906964,0,3607.15,0,in-2004.graph,1382908,27182946,0.980597108,724575513320510,1000,0.00140869,0.00000002
vieclus,in-2004,3,1830140,0,3621.08,0,in-2004.graph,1382908,27182946,0.980607516,724583203763750,1035,0.00145013,0.00000002
vieclus,in-2004,4,1828120,0,3619.31,0,in-2004.graph,1382908,27182946,0.980630307,724600044635352,971,0.00141818,0.00000002
vieclus,in-2004,5,1819224,0,3555.04,0,in-2004.graph,1382908,27182946,0.980626044,724596894396002,1006,0.00141296,0.00000002
ucode,in-2004,1,10610756,1
ucode,in-2004,2,10610756,1
ucode,in-2004,3,10610756,1
ucode,in-2004,4,10610756,1
ucode,in-2004,5,10610756,1
magi,in-2004,1,,124,3621.4808089733124,2,in-2004.graph,1382908,27182946,0.018231221,13471278420942,2,0.26398197,0.00000106
magi,in-2004,2,,124,3621.1503698825836,2,in-2004.graph,1382908,27182946,0.000000000,0,1,0.00000000,0.00000000
magi,in-2004,3,,124,3620.6299974918365,2,in-2004.graph,1382908,27182946,0.005041020,3724873466458,3,0.19474716,0.00000296
magi,in-2004,4,,124,3620.933711528778,2,in-2004.graph,1382908,27182946,0.008527091,6300775132734,2,0.13396273,0.00000546
magi,in-2004,5,,124
louvain,in-2004,1,2215700,0,205.0469,0,in-2004.graph,1382908,27182946,0.980195963,724279102162576,895,0.00151424,0.00000002
louvain,in-2004,2,2215700,0,132.3691,0,in-2004.graph,1382908,27182946,0.980182071,724268836832074,970,0.00146913,0.00000002
louvain,in-2004,3,2215700,0,239.1077,0,in-2004.graph,1382908,27182946,0.980194854,724278282590776,941,0.00143387,0.00000002
louvain,in-2004,4,2215700,0,207.8667,0,in-2004.graph,1382908,27182946,0.980175522,724263997965516,904,0.00146417,0.00000002
louvain,in-2004,5,2215700,0,194.5420,0,in-2004.graph,1382908,27182946,0.980159588,724252224104562,964,0.00155029,0.00000002
leiden,in-2004,1,2213716,0,8.6779,0,in-2004.graph,1382908,27182946,0.980533184,724528278927812,1102,0.00147992,0.00000002
leiden,in-2004,2,2213716,0,8.6567,0,in-2004.graph,1382908,27182946,0.980513341,724513616774590,1053,0.00148032,0.00000002
leiden,in-2004,3,2213716,0,8.6194,0,in-2004.graph,1382908,27182946,0.980467351,724479633732630,1051,0.00147817,0.00000002
leiden,in-2004,4,2213716,0,8.6381,0,in-2004.graph,1382908,27182946,0.980481711,724490244843932,1037,0.00146155,0.00000002
leiden,in-2004,5,2213716,0,8.5968,0,in-2004.graph,1382908,27182946,0.980462301,724475902286052,1023,0.00145176,0.00000002
infomap,in-2004,1,9649960,0,81.1555,0,in-2004.graph,1382908,27182946,0.869633324,642582980417626,142,0.00014470,0.00000000
infomap,in-2004,2,9649960,0,79.7705,0,in-2004.graph,1382908,27182946,0.869633324,642582980417626,142,0.00014470,0.00000000
infomap,in-2004,3,9649960,0,81.2899,0,in-2004.graph,1382908,27182946,0.869633324,642582980417626,142,0.00014470,0.00000000
infomap,in-2004,4,9649960,0,81.1882,0,in-2004.graph,1382908,27182946,0.869633324,642582980417626,142,0.00014470,0.00000000
infomap,in-2004,5,9649960,0,81.7134,0,in-2004.graph,1382908,27182946,0.869633324,642582980417626,142,0.00014470,0.00000000
hollocou,in-2004,1,320500,0,1.037,0,in-2004.graph,1382908,27182946,0.602037462,444853038819806,208282,0.46137339,0.00000254
hollocou,in-2004,2,320500,0,1.014,0,in-2004.graph,1382908,27182946,0.567588336,419398147143482,206825,0.46196046,0.00000260
hollocou,in-2004,3,320500,0,1.015,0,in-2004.graph,1382908,27182946,0.589490672,435582058100578,205604,0.46170935,0.00000257
hollocou,in-2004,4,320500,0,1.006,0,in-2004.graph,1382908,27182946,0.592380119,437717106592620,206366,0.46105422,0.00000257
hollocou,in-2004,5,320500,0,1.017,0,in-2004.graph,1382908,27182946,0.592585353,437868756613198,209638,0.46191364,0.00000259
gnns,in-2004,1,130615064,0,3800.8598198890686,110,in-2004.graph,1382908,27182946,0.955895586,706323248686556,1175,0.02778416,0.00000023
gnns,in-2004,2,130615064,0,3728.8135743141174,100,in-2004.graph,1382908,27182946,0.956554551,706810166307048,1175,0.02666296,0.00000024
gnns,in-2004,3,130615064,0,3893.069345474243,110,in-2004.graph,1382908,27182946,0.680322758,502699026522834,1175,0.14396248,0.00000239
gnns,in-2004,4,130615064,0,3869.5921573638916,110,in-2004.graph,1382908,27182946,0.968179943,715400313804672,1172,0.01737803,0.00000016
gnns,in-2004,5,130615064,0,3819.369836330414,110,in-2004.graph,1382908,27182946,0.858963663,634699033371852,1175,0.10532142,0.00000095
dmon,in-2004,1,2528332,1
dmon,in-2004,2,2528332,1
dmon,in-2004,3,2528332,1
dmon,in-2004,4,2528332,1
dmon,in-2004,5,2528332,1
dgcluster,in-2004,1,46784636,0,3614.1685020923615,70,in-2004.graph,1382908,27182946,0.071922564,53144485414992,2,0.28253757,0.00000527
dgcluster,in-2004,2,46784636,0,3630.4047935009003,71,in-2004.graph,1382908,27182946,0.000000000,0,1,0.00000000,0.00000000
dgcluster,in-2004,3,46784636,0,3636.935054540634,70,in-2004.graph,1382908,27182946,0.000000000,0,1,0.00000000,0.00000000
dgcluster,in-2004,4,46784636,0,3637.663899421692,71,in-2004.graph,1382908,27182946,0.000000000,0,1,0.00000000,0.00000000
dgcluster,in-2004,5,46784636,0,3649.237139940262,70,in-2004.graph,1382908,27182946,0.000000000,0,1,0.00000000,0.00000000
commdgi,in-2004,1,2416640,1
commdgi,in-2004,2,2416640,1
commdgi,in-2004,3,2416640,1
commdgi,in-2004,4,2416640,1
commdgi,in-2004,5,2416640,1
clustre_fast,in-2004,1,18432,0,1.51299,0,in-2004.graph,1382908,27182946,0.711804647,525961389667588,212437,0.42017884,0.00000228
clustre_fast,in-2004,2,18432,0,1.51529,0,in-2004.graph,1382908,27182946,0.711804647,525961389667588,212437,0.42017884,0.00000228
clustre_fast,in-2004,3,18432,0,1.51023,0,in-2004.graph,1382908,27182946,0.711804647,525961389667588,212437,0.42017884,0.00000228
clustre_fast,in-2004,4,18432,0,1.51433,0,in-2004.graph,1382908,27182946,0.711804647,525961389667588,212437,0.42017884,0.00000228
clustre_fast,in-2004,5,18432,0,1.51537,0,in-2004.graph,1382908,27182946,0.711804647,525961389667588,212437,0.42017884,0.00000228
clustre_strong,in-2004,1,268436,0,2047.71913,0,in-2004.graph,1382908,27182946,0.978773420,723227967395070,1085,0.00155311,0.00000002
clustre_strong,in-2004,2,269948,0,2775.45711,0,in-2004.graph,1382908,27182946,0.978773607,723228105333738,1080,0.00155055,0.00000002
clustre_strong,in-2004,3,272564,0,2282.56968,0,in-2004.graph,1382908,27182946,0.978773188,723227796105516,1081,0.00153412,0.00000002
clustre_strong,in-2004,4,268892,0,3327.1854,0,in-2004.graph,1382908,27182946,0.978772369,723227190643070,1076,0.00155309,0.00000002
clustre_strong,in-2004,5,267976,0,1928.41515,0,in-2004.graph,1382908,27182946,0.978772406,723227217881058,1077,0.00154370,0.00000002
walktrap,netscience,1,20480,0,0.0253,0,netscience.graph,1589,5484,0.955972776,28750170,288,0.00189586,0.00000422
walktrap,netscience,2,20480,0,0.0253,0,netscience.graph,1589,5484,0.955972776,28750170,288,0.00189586,0.00000422
walktrap,netscience,3,20480,0,0.0249,0,netscience.graph,1589,5484,0.955972776,28750170,288,0.00189586,0.00000422
walktrap,netscience,4,20480,0,0.0251,0,netscience.graph,1589,5484,0.955972776,28750170,288,0.00189586,0.00000422
walktrap,netscience,5,20480,0,0.0249,0,netscience.graph,1589,5484,0.955972776,28750170,288,0.00189586,0.00000422
vieclus,netscience,1,20480,0,0.0417271,0,netscience.graph,1589,5484,0.959899988,28868278,279,0.00054503,0.00000166
vieclus,netscience,2,22528,0,0.036397,0,netscience.graph,1589,5484,0.959899988,28868278,279,0.00054503,0.00000166
vieclus,netscience,3,20480,0,0.085464,0,netscience.graph,1589,5484,0.959899988,28868278,279,0.00054503,0.00000166
vieclus,netscience,4,24576,0,0.0533669,0,netscience.graph,1589,5484,0.959899988,28868278,279,0.00054503,0.00000166
vieclus,netscience,5,20480,0,0.027282,0,netscience.graph,1589,5484,0.959899988,28868278,279,0.00054503,0.00000166
ucode,netscience,1,433712,0,11.277461528778076,1000,netscience.graph,1589,5484,0.000000000,0,1,0.00000000,0.00000000
ucode,netscience,2,433712,0,11.325763940811157,1000,netscience.graph,1589,5484,0.000000000,0,1,0.00000000,0.00000000
ucode,netscience,3,433712,0,11.285513162612915,1000,netscience.graph,1589,5484,0.000000000,0,1,0.00000000,0.00000000
ucode,netscience,4,433712,0,11.26503324508667,1000,netscience.graph,1589,5484,0.000000000,0,1,0.00000000,0.00000000
ucode,netscience,5,433712,0,11.202442407608032,1000,netscience.graph,1589,5484,0.000000000,0,1,0.00000000,0.00000000
magi,netscience,1,414032,0,3.307804822921753,100,netscience.graph,1589,5484,0.397362647,11950386,8,0.24430595,0.00099342
magi,netscience,2,414032,0,3.3247809410095215,100,netscience.graph,1589,5484,0.397362647,11950386,8,0.24430595,0.00099342
magi,netscience,3,414032,0,3.4314162731170654,100,netscience.graph,1589,5484,0.397362647,11950386,8,0.24430595,0.00099342
magi,netscience,4,414032,0,3.5086212158203125,100,netscience.graph,1589,5484,0.397362647,11950386,8,0.24430595,0.00099342
magi,netscience,5,414032,0,3.5097596645355225,100,netscience.graph,1589,5484,0.397362647,11950386,8,0.24430595,0.00099342
louvain,netscience,1,20480,0,0.0083,0,netscience.graph,1589,5484,0.958737466,28833316,276,0.00038077,0.00000113
louvain,netscience,2,20480,0,0.0076,0,netscience.graph,1589,5484,0.959291694,28849984,277,0.00045970,0.00000136
louvain,netscience,3,20480,0,0.0077,0,netscience.graph,1589,5484,0.959291694,28849984,277,0.00045970,0.00000136
louvain,netscience,4,20480,0,0.0075,0,netscience.graph,1589,5484,0.959370100,28852342,276,0.00036711,0.00000106
louvain,netscience,5,20480,0,0.0072,0,netscience.graph,1589,5484,0.959178109,28846568,277,0.00045444,0.00000137
leiden,netscience,1,20480,0,0.0100,0,netscience.graph,1589,5484,0.959899988,28868278,279,0.00054503,0.00000166
leiden,netscience,2,20480,0,0.0101,0,netscience.graph,1589,5484,0.959087799,28843852,278,0.00051213,0.00000152
leiden,netscience,3,20480,0,0.0096,0,netscience.graph,1589,5484,0.959804624,28865410,279,0.00054931,0.00000168
leiden,netscience,4,20480,0,0.0098,0,netscience.graph,1589,5484,0.959271344,28849372,278,0.00049888,0.00000149
leiden,netscience,5,20480,0,0.0097,0,netscience.graph,1589,5484,0.959899988,28868278,279,0.00054503,0.00000166
infomap,netscience,1,18432,0,0.0315,0,netscience.graph,1589,5484,0.929782070,27962504,269,0.00001111,0.00000004
infomap,netscience,2,18432,0,0.0312,0,netscience.graph,1589,5484,0.929782070,27962504,269,0.00001111,0.00000004
infomap,netscience,3,18432,0,0.0317,0,netscience.graph,1589,5484,0.929782070,27962504,269,0.00001111,0.00000004
infomap,netscience,4,18432,0,0.0311,0,netscience.graph,1589,5484,0.929782070,27962504,269,0.00001111,0.00000004
infomap,netscience,5,18432,0,0.0317,0,netscience.graph,1589,5484,0.929782070,27962504,269,0.00001111,0.00000004
hollocou,netscience,1,2048,0,0.000,0,netscience.graph,1589,5484,0.866442913,26057626,310,0.04289160,0.00006508
hollocou,netscience,2,2048,0,0.000,0,netscience.graph,1589,5484,0.888735269,26728052,321,0.06157842,0.00007773
hollocou,netscience,3,2048,0,0.000,0,netscience.graph,1589,5484,0.837341479,25182422,314,0.05387609,0.00008002
hollocou,netscience,4,2048,0,0.000,0,netscience.graph,1589,5484,0.868015288,26104914,318,0.05952157,0.00008716
hollocou,netscience,5,2048,0,0.000,0,netscience.graph,1589,5484,0.869392413,26146330,322,0.05968848,0.00008295
gnns,netscience,1,822848,0,3.5269391536712646,50,netscience.graph,1589,5484,0.919660123,27658094,39,0.01457983,0.00003694
gnns,netscience,2,822848,0,3.4655301570892334,50,netscience.graph,1589,5484,0.921637230,27717554,39,0.01883227,0.00004166
gnns,netscience,3,822848,0,3.007225275039673,50,netscience.graph,1589,5484,0.924440026,27801846,39,0.01318458,0.00003370
gnns,netscience,4,822848,0,2.2756099700927734,50,netscience.graph,1589,5484,0.921994745,27728306,39,0.01691575,0.00004158
gnns,netscience,5,822848,0,3.4941813945770264,50,netscience.graph,1589,5484,0.926616438,27867300,39,0.01479397,0.00003226
dmon,netscience,1,593188,0,36.7848,1000,netscience.graph,1589,5484,0.894100123,26889396,16,0.01297730,0.00003219
dmon,netscience,2,593188,0,36.6081,1000,netscience.graph,1589,5484,0.895760147,26939320,16,0.00998403,0.00002655
dmon,netscience,3,593188,0,36.7096,1000,netscience.graph,1589,5484,0.884969257,26614792,16,0.01561096,0.00003904
dmon,netscience,4,593188,0,36.7031,1000,netscience.graph,1589,5484,0.878222024,26411874,16,0.01343179,0.00003216
dmon,netscience,5,593188,0,36.6884,1000,netscience.graph,1589,5484,0.883071288,26557712,16,0.01244310,0.00003213
dgcluster,netscience,1,415668,0,10.881300687789917,300,netscience.graph,1589,5484,0.000000000,0,1,0.00000000,0.00000000
dgcluster,netscience,2,415668,0,10.810745000839233,300,netscience.graph,1589,5484,0.000000000,0,1,0.00000000,0.00000000
dgcluster,netscience,3,415668,0,10.720261096954346,300,netscience.graph,1589,5484,0.000000000,0,1,0.00000000,0.00000000
dgcluster,netscience,4,415668,0,10.89315915107727,300,netscience.graph,1589,5484,0.000000000,0,1,0.00000000,0.00000000
dgcluster,netscience,5,415668,0,11.097951412200928,300,netscience.graph,1589,5484,0.000000000,0,1,0.00000000,0.00000000
commdgi,netscience,1,576292,0,96.6772,1001,netscience.graph,1589,5484,0.874330789,26294848,14,0.01162504,0.00003022
commdgi,netscience,2,576292,0,96.8190,1001,netscience.graph,1589,5484,0.871845807,26220114,12,0.00721503,0.00001933
commdgi,netscience,3,576292,0,97.1493,1001,netscience.graph,1589,5484,0.863212376,25960470,13,0.01000957,0.00002110
commdgi,netscience,4,576292,0,97.5096,1001,netscience.graph,1589,5484,0.871092072,26197446,12,0.00316529,0.00000988
commdgi,netscience,5,576292,0,97.2928,1001,netscience.graph,1589,5484,0.808978017,24329412,12,0.00367327,0.00000980
clustre_fast,netscience,1,6144,0,0.00145197,0,netscience.graph,1589,5484,0.928504365,27924078,302,0.00995408,0.00001907
clustre_fast,netscience,2,6144,0,0.00146198,0,netscience.graph,1589,5484,0.928504365,27924078,302,0.00995408,0.00001907
clustre_fast,netscience,3,6144,0,0.00145793,0,netscience.graph,1589,5484,0.928504365,27924078,302,0.00995408,0.00001907
clustre_fast,netscience,4,6144,0,0.00144601,0,netscience.graph,1589,5484,0.928504365,27924078,302,0.00995408,0.00001907
clustre_fast,netscience,5,6144,0,0.00146198,0,netscience.graph,1589,5484,0.928504365,27924078,302,0.00995408,0.00001907
clustre_strong,netscience,1,14336,0,.002063278,0,netscience.graph,1589,5484,0.958231518,28818100,277,0.00043984,0.00000143
clustre_strong,netscience,2,14336,0,.002138611,0,netscience.graph,1589,5484,0.958231518,28818100,277,0.00043984,0.00000143
clustre_strong,netscience,3,14336,0,.002079963,0,netscience.graph,1589,5484,0.958231518,28818100,277,0.00043984,0.00000143
clustre_strong,netscience,4,10240,0,.002020355,0,netscience.graph,1589,5484,0.958231518,28818100,277,0.00043984,0.00000143
clustre_strong,netscience,5,14336,0,.002202516,0,netscience.graph,1589,5484,0.958231518,28818100,277,0.00043984,0.00000143
walktrap,polblogs,1,31920,0,0.2937,0,polblogs.graph,1490,33430,0.425405640,475418412,12,0.00770841,0.00001822
walktrap,polblogs,2,31920,0,0.2956,0,polblogs.graph,1490,33430,0.425405640,475418412,12,0.00770841,0.00001822
walktrap,polblogs,3,31920,0,0.2953,0,polblogs.graph,1490,33430,0.425405640,475418412,12,0.00770841,0.00001822
walktrap,polblogs,4,31920,0,0.2947,0,polblogs.graph,1490,33430,0.425405640,475418412,12,0.00770841,0.00001822
walktrap,polblogs,5,31920,0,0.2949,0,polblogs.graph,1490,33430,0.425405640,475418412,12,0.00770841,0.00001822
vieclus,polblogs,1,29340,0,0.010181,0,polblogs.graph,1490,33430,0.427105105,477317674,12,0.00853097,0.00002647
vieclus,polblogs,2,28672,0,0.00416708,0,polblogs.graph,1490,33430,0.427105105,477317674,12,0.00853097,0.00002647
vieclus,polblogs,3,28672,0,0.0032649,0,polblogs.graph,1490,33430,0.427105105,477317674,12,0.00853097,0.00002647
vieclus,polblogs,4,30720,0,0.00326896,0,polblogs.graph,1490,33430,0.427105105,477317674,12,0.00853097,0.00002647
vieclus,polblogs,5,28672,0,0.00336003,0,polblogs.graph,1490,33430,0.427105105,477317674,12,0.00853097,0.00002647
ucode,polblogs,1,426168,0,10.231520891189575,1000,polblogs.graph,1490,33430,0.000000000,0,1,0.00000000,0.00000000
ucode,polblogs,2,426168,0,10.141080617904663,1000,polblogs.graph,1490,33430,0.000000000,0,1,0.00000000,0.00000000
ucode,polblogs,3,426168,0,10.1636803150177,1000,polblogs.graph,1490,33430,0.000000000,0,1,0.00000000,0.00000000
ucode,polblogs,4,426168,0,10.160442113876343,1000,polblogs.graph,1490,33430,0.000000000,0,1,0.00000000,0.00000000
ucode,polblogs,5,426168,0,10.167781591415405,1000,polblogs.graph,1490,33430,0.000000000,0,1,0.00000000,0.00000000
magi,polblogs,1,419056,0,3.256216049194336,100,polblogs.graph,1490,33430,0.001198117,1338974,8,0.49135328,0.00159791
magi,polblogs,2,419056,0,3.3723809719085693,100,polblogs.graph,1490,33430,0.001198117,1338974,8,0.49135328,0.00159791
magi,polblogs,3,419056,0,3.5679471492767334,100,polblogs.graph,1490,33430,0.001198117,1338974,8,0.49135328,0.00159791
magi,polblogs,4,419056,0,3.590852737426758,100,polblogs.graph,1490,33430,0.001198117,1338974,8,0.49135328,0.00159791
magi,polblogs,5,419056,0,3.5907692909240723,100,polblogs.graph,1490,33430,0.001198117,1338974,8,0.49135328,0.00159791
louvain,polblogs,1,22528,0,0.0141,0,polblogs.graph,1490,33430,0.427065121,477272990,12,0.00853847,0.00002654
louvain,polblogs,2,22528,0,0.0136,0,polblogs.graph,1490,33430,0.426801613,476978502,13,0.00990057,0.00004055
louvain,polblogs,3,22528,0,0.0129,0,polblogs.graph,1490,33430,0.426764267,476936766,12,0.00758683,0.00002334
louvain,polblogs,4,22528,0,0.0159,0,polblogs.graph,1490,33430,0.426829940,477010160,10,0.00679151,0.00002208
louvain,polblogs,5,22528,0,0.0142,0,polblogs.graph,1490,33430,0.426912108,477101988,11,0.00689472,0.00002192
leiden,polblogs,1,22528,0,0.0145,0,polblogs.graph,1490,33430,0.427105105,477317674,12,0.00853097,0.00002647
leiden,polblogs,2,22528,0,0.0136,0,polblogs.graph,1490,33430,0.427105105,477317674,12,0.00853097,0.00002647
leiden,polblogs,3,22528,0,0.0138,0,polblogs.graph,1490,33430,0.426962602,477158418,10,0.00708268,0.00002420
leiden,polblogs,4,22528,0,0.0135,0,polblogs.graph,1490,33430,0.426741879,476911746,11,0.00704972,0.00002264
leiden,polblogs,5,22528,0,0.0137,0,polblogs.graph,1490,33430,0.427105105,477317674,12,0.00853097,0.00002647
infomap,polblogs,1,20480,0,0.0534,0,polblogs.graph,1490,33430,0.424468411,474370998,33,0.03534150,0.00015714
infomap,polblogs,2,20480,0,0.0528,0,polblogs.graph,1490,33430,0.424468411,474370998,33,0.03534150,0.00015714
infomap,polblogs,3,20480,0,0.0519,0,polblogs.graph,1490,33430,0.424468411,474370998,33,0.03534150,0.00015714
infomap,polblogs,4,20480,0,0.0535,0,polblogs.graph,1490,33430,0.424468411,474370998,33,0.03534150,0.00015714
infomap,polblogs,5,20480,0,0.0527,0,polblogs.graph,1490,33430,0.424468411,474370998,33,0.03534150,0.00015714
hollocou,polblogs,1,2048,0,0.001,0,polblogs.graph,1490,33430,0.002209070,2468780,238,0.48648113,0.00080517
hollocou,polblogs,2,2048,0,0.001,0,polblogs.graph,1490,33430,0.001724517,1927260,226,0.48792301,0.00088200
hollocou,polblogs,3,2048,0,0.000,0,polblogs.graph,1490,33430,0.003335562,3727708,216,0.48473827,0.00078297
hollocou,polblogs,4,2048,0,0.000,0,polblogs.graph,1490,33430,0.002151531,2404476,217,0.48449355,0.00078231
hollocou,polblogs,5,2048,0,0.000,0,polblogs.graph,1490,33430,0.002829913,3162612,225,0.48459916,0.00077598
gnns,polblogs,1,768724,0,3.2527873516082764,50,polblogs.graph,1490,33430,0.426993469,477192914,14,0.19725661,0.00058882
gnns,polblogs,2,768724,0,3.3705546855926514,50,polblogs.graph,1490,33430,0.427018574,477220970,12,0.18973411,0.00057456
gnns,polblogs,3,768724,0,3.264950752258301,50,polblogs.graph,1490,33430,0.426951932,477146494,13,0.21178302,0.00059219
gnns,polblogs,4,768724,0,3.244859457015991,50,polblogs.graph,1490,33430,0.426977921,477175538,10,0.20871339,0.00077715
gnns,polblogs,5,768724,0,2.5833749771118164,50,polblogs.graph,1490,33430,0.426983470,477181740,12,0.19667319,0.00062338
dmon,polblogs,1,619552,0,53.3817,1000,polblogs.graph,1490,33430,0.317926550,355303554,16,0.39433310,0.00281893
dmon,polblogs,2,619552,0,53.3643,1000,polblogs.graph,1490,33430,0.314379070,351339014,16,0.40018421,0.00295069
dmon,polblogs,3,619552,0,52.7686,1000,polblogs.graph,1490,33430,0.320647475,358344364,16,0.39099122,0.00285971
dmon,polblogs,4,619552,0,53.0279,1000,polblogs.graph,1490,33430,0.313145695,349960638,16,0.39527386,0.00293431
dmon,polblogs,5,619552,0,53.0024,1000,polblogs.graph,1490,33430,0.314476048,351447394,16,0.39737736,0.00291787
dgcluster,polblogs,1,461896,0,16.78911256790161,300,polblogs.graph,1490,33430,0.000000000,0,1,0.00000000,0.00000000
dgcluster,polblogs,2,461896,0,16.70717477798462,300,polblogs.graph,1490,33430,0.000000000,0,1,0.00000000,0.00000000
dgcluster,polblogs,3,461896,0,16.6636962890625,300,polblogs.graph,1490,33430,0.000000000,0,1,0.00000000,0.00000000
dgcluster,polblogs,4,461896,0,16.630622148513794,300,polblogs.graph,1490,33430,0.000000000,0,1,0.00000000,0.00000000
dgcluster,polblogs,5,461896,0,16.65799856185913,300,polblogs.graph,1490,33430,0.000000000,0,1,0.00000000,0.00000000
commdgi,polblogs,1,587796,0,156.1709,1001,polblogs.graph,1490,33430,0.420952077,470441266,10,0.28417187,0.00038110
commdgi,polblogs,2,587796,0,156.6924,1001,polblogs.graph,1490,33430,0.420548812,469990592,12,0.32680952,0.00036453
commdgi,polblogs,3,587796,0,156.1697,1001,polblogs.graph,1490,33430,0.420062673,469447300,10,0.33026105,0.00044519
commdgi,polblogs,4,587796,0,156.6453,1001,polblogs.graph,1490,33430,0.420979234,470471616,8,0.32830730,0.00044973
commdgi,polblogs,5,587796,0,154.2982,1001,polblogs.graph,1490,33430,0.421139606,470650842,10,0.34638204,0.00053174
clustre_fast,polblogs,1,6144,0,0.00194812,0,polblogs.graph,1490,33430,0.275911938,308349498,175,0.18306157,0.00054549
clustre_fast,polblogs,2,6144,0,0.00197005,0,polblogs.graph,1490,33430,0.275911938,308349498,175,0.18306157,0.00054549
clustre_fast,polblogs,3,6144,0,0.00195408,0,polblogs.graph,1490,33430,0.275911938,308349498,175,0.18306157,0.00054549
clustre_fast,polblogs,4,6144,0,0.00194097,0,polblogs.graph,1490,33430,0.275911938,308349498,175,0.18306157,0.00054549
clustre_fast,polblogs,5,6144,0,0.00195599,0,polblogs.graph,1490,33430,0.275911938,308349498,175,0.18306157,0.00054549
clustre_strong,polblogs,1,14336,0,.00310087,0,polblogs.graph,1490,33430,0.426335909,476458048,10,0.00627195,0.00001914
clustre_strong,polblogs,2,14336,0,.00304913,0,polblogs.graph,1490,33430,0.426335909,476458048,10,0.00627195,0.00001914
clustre_strong,polblogs,3,14336,0,.00307488,0,polblogs.graph,1490,33430,0.426335909,476458048,10,0.00627195,0.00001914
clustre_strong,polblogs,4,14336,0,.00311732,0,polblogs.graph,1490,33430,0.426335909,476458048,10,0.00627195,0.00001914
clustre_strong,polblogs,5,14336,0,.003110168,0,polblogs.graph,1490,33430,0.426335909,476458048,10,0.00627195,0.00001914
walktrap,PGPgiantcompo,1,120684,0,2.2579,0,PGPgiantcompo.graph,10680,48632,0.789420203,1867035164,1574,0.11988500,0.00002414
walktrap,PGPgiantcompo,2,120684,0,2.2440,0,PGPgiantcompo.graph,10680,48632,0.789420203,1867035164,1574,0.11988500,0.00002414
walktrap,PGPgiantcompo,3,120684,0,2.2660,0,PGPgiantcompo.graph,10680,48632,0.789420203,1867035164,1574,0.11988500,0.00002414
walktrap,PGPgiantcompo,4,120684,0,2.2727,0,PGPgiantcompo.graph,10680,48632,0.789420203,1867035164,1574,0.11988500,0.00002414
walktrap,PGPgiantcompo,5,120684,0,2.2992,0,PGPgiantcompo.graph,10680,48632,0.789420203,1867035164,1574,0.11988500,0.00002414
vieclus,PGPgiantcompo,1,26624,0,334.694,0,PGPgiantcompo.graph,10680,48632,0.886839579,2097438946,98,0.02419079,0.00000923
vieclus,PGPgiantcompo,2,26624,0,385.477,0,PGPgiantcompo.graph,10680,48632,0.886853043,2097470790,98,0.02420293,0.00000934
vieclus,PGPgiantcompo,3,26624,0,327.553,0,PGPgiantcompo.graph,10680,48632,0.886844416,2097450386,98,0.02415052,0.00000921
vieclus,PGPgiantcompo,4,29080,0,1831.98,0,PGPgiantcompo.graph,10680,48632,0.886844416,2097450386,98,0.02415052,0.00000921
vieclus,PGPgiantcompo,5,26624,0,696.504,0,PGPgiantcompo.graph,10680,48632,0.886853043,2097470790,98,0.02420293,0.00000934
ucode,PGPgiantcompo,1,2358228,0,625.2922587394714,1000,PGPgiantcompo.graph,10680,48632,0.000000000,0,1,0.00000000,0.00000000
ucode,PGPgiantcompo,2,2358228,0,626.3000943660736,1000,PGPgiantcompo.graph,10680,48632,0.000000000,0,1,0.00000000,0.00000000
ucode,PGPgiantcompo,3,2358228,0,627.0835943222046,1000,PGPgiantcompo.graph,10680,48632,-0.000015640,-36992,2,0.50000000,0.00010166
ucode,PGPgiantcompo,4,2358228,0,627.0482842922211,1000,PGPgiantcompo.graph,10680,48632,0.000000000,0,1,0.00000000,0.00000000
ucode,PGPgiantcompo,5,2358228,0,628.4958333969116,1000,PGPgiantcompo.graph,10680,48632,-0.000000013,-32,2,0.50000000,0.00004683
magi,PGPgiantcompo,1,1372004,0,386.1635353565216,100,PGPgiantcompo.graph,10680,48632,0.030535942,72219684,5,0.37657871,0.00022539
magi,PGPgiantcompo,2,1372004,0,377.6680233478546,100,PGPgiantcompo.graph,10680,48632,0.113822652,269198702,5,0.36993009,0.00018040
magi,PGPgiantcompo,3,1372004,0,375.9655649662018,100,PGPgiantcompo.graph,10680,48632,0.022826350,53985950,6,0.39920030,0.00020035
magi,PGPgiantcompo,4,1372004,0,377.4129295349121,100,PGPgiantcompo.graph,10680,48632,0.020901184,49432794,4,0.36262236,0.00026217
magi,PGPgiantcompo,5,1372004,0,378.728640794754,100,PGPgiantcompo.graph,10680,48632,0.134474248,318041202,6,0.38037653,0.00022514
louvain,PGPgiantcompo,1,24576,0,0.0351,0,PGPgiantcompo.graph,10680,48632,0.883709697,2090036552,110,0.02617630,0.00000921
louvain,PGPgiantcompo,2,24576,0,0.0423,0,PGPgiantcompo.graph,10680,48632,0.883575669,2089719568,97,0.02493950,0.00000927
louvain,PGPgiantcompo,3,24576,0,0.0433,0,PGPgiantcompo.graph,10680,48632,0.882334761,2086784732,99,0.02466578,0.00000896
louvain,PGPgiantcompo,4,24576,0,0.0454,0,PGPgiantcompo.graph,10680,48632,0.879888655,2080999516,110,0.02797954,0.00000963
louvain,PGPgiantcompo,5,24576,0,0.0429,0,PGPgiantcompo.graph,10680,48632,0.882474069,2087114204,101,0.02429436,0.00000865
leiden,PGPgiantcompo,1,24576,0,0.0364,0,PGPgiantcompo.graph,10680,48632,0.885712271,2094772784,94,0.02460926,0.00000963
leiden,PGPgiantcompo,2,24576,0,0.0366,0,PGPgiantcompo.graph,10680,48632,0.885719105,2094788946,93,0.02406913,0.00000955
leiden,PGPgiantcompo,3,24576,0,0.0363,0,PGPgiantcompo.graph,10680,48632,0.885333063,2093875930,97,0.02388132,0.00000938
leiden,PGPgiantcompo,4,24576,0,0.0370,0,PGPgiantcompo.graph,10680,48632,0.885904288,2095226918,94,0.02396295,0.00000955
leiden,PGPgiantcompo,5,24576,0,0.0361,0,PGPgiantcompo.graph,10680,48632,0.885907722,2095235038,94,0.02528649,0.00000962
infomap,PGPgiantcompo,1,44236,0,0.3816,0,PGPgiantcompo.graph,10680,48632,0.080733818,190941246,2,0.00649351,0.00000172
infomap,PGPgiantcompo,2,44236,0,0.3800,0,PGPgiantcompo.graph,10680,48632,0.080733818,190941246,2,0.00649351,0.00000172
infomap,PGPgiantcompo,3,44236,0,0.3848,0,PGPgiantcompo.graph,10680,48632,0.080733818,190941246,2,0.00649351,0.00000172
infomap,PGPgiantcompo,4,44236,0,0.3852,0,PGPgiantcompo.graph,10680,48632,0.080733818,190941246,2,0.00649351,0.00000172
infomap,PGPgiantcompo,5,44236,0,0.3827,0,PGPgiantcompo.graph,10680,48632,0.080733818,190941246,2,0.00649351,0.00000172
hollocou,PGPgiantcompo,1,2048,0,0.001,0,PGPgiantcompo.graph,10680,48632,0.489538939,1157794556,2158,0.38371276,0.00004894
hollocou,PGPgiantcompo,2,2048,0,0.001,0,PGPgiantcompo.graph,10680,48632,0.488393500,1155085512,2313,0.37733770,0.00004964
hollocou,PGPgiantcompo,3,2048,0,0.001,0,PGPgiantcompo.graph,10680,48632,0.494341811,1169153692,2187,0.37401269,0.00004845
hollocou,PGPgiantcompo,4,2048,0,0.001,0,PGPgiantcompo.graph,10680,48632,0.490208902,1159379066,2136,0.37167711,0.00004815
hollocou,PGPgiantcompo,5,2048,0,0.001,0,PGPgiantcompo.graph,10680,48632,0.495960648,1172982358,2242,0.37520739,0.00004793
gnns,PGPgiantcompo,1,8024116,0,64.09676241874695,100,PGPgiantcompo.graph,10680,48632,0.851012517,2012705386,102,0.05579478,0.00001987
gnns,PGPgiantcompo,2,8024116,0,63.923200845718384,100,PGPgiantcompo.graph,10680,48632,0.841707906,1990699318,103,0.06564783,0.00002266
gnns,PGPgiantcompo,3,8024116,0,64.20354461669922,100,PGPgiantcompo.graph,10680,48632,0.842798356,1993278310,102,0.06189334,0.00002187
gnns,PGPgiantcompo,4,8024116,0,64.20436406135559,100,PGPgiantcompo.graph,10680,48632,0.847205696,2003701984,103,0.05864741,0.00002077
gnns,PGPgiantcompo,5,8024116,0,64.36441993713379,100,PGPgiantcompo.graph,10680,48632,0.850611547,2011757064,103,0.05775634,0.00002058
dmon,PGPgiantcompo,1,1502860,0,110.3812,1000,PGPgiantcompo.graph,10680,48632,0.753961034,1783171698,16,0.07460434,0.00002397
dmon,PGPgiantcompo,2,1502860,0,112.0015,1000,PGPgiantcompo.graph,10680,48632,0.769230034,1819283972,16,0.07425273,0.00002437
dmon,PGPgiantcompo,3,1502860,0,112.1706,1000,PGPgiantcompo.graph,10680,48632,0.755555489,1786942698,16,0.07358494,0.00002394
dmon,PGPgiantcompo,4,1502860,0,110.9508,1000,PGPgiantcompo.graph,10680,48632,0.765832111,1811247642,16,0.07163630,0.00002343
dmon,PGPgiantcompo,5,1502860,0,112.5726,1000,PGPgiantcompo.graph,10680,48632,0.765904372,1811418544,16,0.07417226,0.00002381
dgcluster,PGPgiantcompo,1,670400,0,61.41152739524841,300,PGPgiantcompo.graph,10680,48632,0.000000000,0,1,0.00000000,0.00000000
dgcluster,PGPgiantcompo,2,670400,0,60.93136405944824,300,PGPgiantcompo.graph,10680,48632,0.000000000,0,1,0.00000000,0.00000000
dgcluster,PGPgiantcompo,3,670400,0,61.37164640426636,300,PGPgiantcompo.graph,10680,48632,0.000000000,0,1,0.00000000,0.00000000
dgcluster,PGPgiantcompo,4,670400,0,61.648446798324585,300,PGPgiantcompo.graph,10680,48632,0.000000000,0,1,0.00000000,0.00000000
dgcluster,PGPgiantcompo,5,670400,0,61.28875374794006,300,PGPgiantcompo.graph,10680,48632,0.000000000,0,1,0.00000000,0.00000000
commdgi,PGPgiantcompo,1,4368488,0,2352.6661,1001,PGPgiantcompo.graph,10680,48632,0.588658253,1392218814,13,0.12460213,0.00002635
commdgi,PGPgiantcompo,2,4368488,0,2356.5662,1001,PGPgiantcompo.graph,10680,48632,0.623197155,1473905784,10,0.07811194,0.00002154
commdgi,PGPgiantcompo,3,4368488,0,2397.4979,1001,PGPgiantcompo.graph,10680,48632,0.506303246,1197443340,14,0.15663354,0.00003219
commdgi,PGPgiantcompo,4,4368488,0,2370.2479,1001,PGPgiantcompo.graph,10680,48632,0.530947874,1255729646,11,0.17662372,0.00003719
commdgi,PGPgiantcompo,5,4368488,0,2371.5018,1001,PGPgiantcompo.graph,10680,48632,0.510073678,1206360680,9,0.12836210,0.00003233
clustre_fast,PGPgiantcompo,1,6144,0,0.00915098,0,PGPgiantcompo.graph,10680,48632,0.599350104,1417505804,3564,0.32730613,0.00006026
clustre_fast,PGPgiantcompo,2,6144,0,0.00917697,0,PGPgiantcompo.graph,10680,48632,0.599350104,1417505804,3564,0.32730613,0.00006026
clustre_fast,PGPgiantcompo,3,6144,0,0.00915098,0,PGPgiantcompo.graph,10680,48632,0.599350104,1417505804,3564,0.32730613,0.00006026
clustre_fast,PGPgiantcompo,4,6144,0,0.00922108,0,PGPgiantcompo.graph,10680,48632,0.599350104,1417505804,3564,0.32730613,0.00006026
clustre_fast,PGPgiantcompo,5,6144,0,0.00919104,0,PGPgiantcompo.graph,10680,48632,0.599350104,1417505804,3564,0.32730613,0.00006026
clustre_strong,PGPgiantcompo,1,18432,0,122.4121174,0,PGPgiantcompo.graph,10680,48632,0.880436245,2082294606,116,0.02672691,0.00000901
clustre_strong,PGPgiantcompo,2,16384,0,29.0789577,0,PGPgiantcompo.graph,10680,48632,0.880526927,2082509074,116,0.02672503,0.00000901
clustre_strong,PGPgiantcompo,3,16384,0,45.7508025,0,PGPgiantcompo.graph,10680,48632,0.880526927,2082509074,116,0.02672503,0.00000901
clustre_strong,PGPgiantcompo,4,18432,0,9.6069481,0,PGPgiantcompo.graph,10680,48632,0.880526927,2082509074,116,0.02672503,0.00000901
clustre_strong,PGPgiantcompo,5,16384,0,74.8115293,0,PGPgiantcompo.graph,10680,48632,0.880526927,2082509074,116,0.02672503,0.00000901
walktrap,polbooks,1,20480,0,0.0065,0,polbooks.graph,105,882,0.506972403,394386,4,0.10325972,0.00744574
walktrap,polbooks,2,20480,0,0.0062,0,polbooks.graph,105,882,0.506972403,394386,4,0.10325972,0.00744574
walktrap,polbooks,3,20480,0,0.0071,0,polbooks.graph,105,882,0.506972403,394386,4,0.10325972,0.00744574
walktrap,polbooks,4,20480,0,0.0049,0,polbooks.graph,105,882,0.506972403,394386,4,0.10325972,0.00744574
walktrap,polbooks,5,20480,0,0.0049,0,polbooks.graph,105,882,0.506972403,394386,4,0.10325972,0.00744574
vieclus,polbooks,1,22528,0,0.000799894,0,polbooks.graph,105,882,0.527236593,410150,5,0.13891785,0.00919755
vieclus,polbooks,2,22528,0,0.00105214,0,polbooks.graph,105,882,0.527236593,410150,5,0.13891785,0.00919755
vieclus,polbooks,3,22528,0,0.00111198,0,polbooks.graph,105,882,0.527236593,410150,5,0.13891785,0.00919755
vieclus,polbooks,4,20480,0,0.000755072,0,polbooks.graph,105,882,0.527236593,410150,5,0.13891785,0.00919755
vieclus,polbooks,5,20480,0,0.000761032,0,polbooks.graph,105,882,0.527236593,410150,5,0.13891785,0.00919755
ucode,polbooks,1,372736,0,2.05747652053833,1000,polbooks.graph,105,882,0.000000000,0,1,0.00000000,0.00000000
ucode,polbooks,2,372736,0,2.0986528396606445,1000,polbooks.graph,105,882,0.000000000,0,1,0.00000000,0.00000000
ucode,polbooks,3,372736,0,2.1577227115631104,1000,polbooks.graph,105,882,0.000000000,0,1,0.00000000,0.00000000
ucode,polbooks,4,372736,0,2.1456785202026367,1000,polbooks.graph,105,882,0.000000000,0,1,0.00000000,0.00000000
ucode,polbooks,5,372736,0,2.1516592502593994,1000,polbooks.graph,105,882,0.000000000,0,1,0.00000000,0.00000000
magi,polbooks,1,405264,0,3.1195766925811768,100,polbooks.graph,105,882,-0.034679480,-26978,8,0.45757488,0.02827029
magi,polbooks,2,405264,0,3.231795072555542,100,polbooks.graph,105,882,-0.034679480,-26978,8,0.45757488,0.02827029
magi,polbooks,3,405264,0,3.2029130458831787,100,polbooks.graph,105,882,-0.034679480,-26978,8,0.45757488,0.02827029
magi,polbooks,4,405264,0,3.2218306064605713,100,polbooks.graph,105,882,-0.034679480,-26978,8,0.45757488,0.02827029
magi,polbooks,5,405264,0,3.251392126083374,100,polbooks.graph,105,882,-0.034679480,-26978,8,0.45757488,0.02827029
louvain,polbooks,1,20480,0,0.0049,0,polbooks.graph,105,882,0.526789249,409802,5,0.13776635,0.00930327
louvain,polbooks,2,20480,0,0.0050,0,polbooks.graph,105,882,0.526789249,409802,5,0.13776635,0.00930327
louvain,polbooks,3,20480,0,0.0047,0,polbooks.graph,105,882,0.526966644,409940,5,0.13801113,0.00922825
louvain,polbooks,4,20480,0,0.0047,0,polbooks.graph,105,882,0.526897229,409886,5,0.13840681,0.00931842
louvain,polbooks,5,20480,0,0.0044,0,polbooks.graph,105,882,0.518485096,403342,4,0.10327660,0.00891246
leiden,polbooks,1,20480,0,0.0051,0,polbooks.graph,105,882,0.526796962,409808,5,0.11986879,0.00953302
leiden,polbooks,2,20480,0,0.0051,0,polbooks.graph,105,882,0.526938364,409918,4,0.09138044,0.00682949
leiden,polbooks,3,20480,0,0.0050,0,polbooks.graph,105,882,0.527236593,410150,5,0.13891785,0.00919755
leiden,polbooks,4,20480,0,0.0047,0,polbooks.graph,105,882,0.526938364,409918,4,0.09138044,0.00682949
leiden,polbooks,5,20480,0,0.0045,0,polbooks.graph,105,882,0.526830384,409834,5,0.13083683,0.00953024
infomap,polbooks,1,18432,0,0.0088,0,polbooks.graph,105,882,0.525904844,409114,5,0.13557722,0.00901078
infomap,polbooks,2,18432,0,0.0090,0,polbooks.graph,105,882,0.525904844,409114,5,0.13557722,0.00901078
infomap,polbooks,3,18432,0,0.0087,0,polbooks.graph,105,882,0.525904844,409114,5,0.13557722,0.00901078
infomap,polbooks,4,18432,0,0.0085,0,polbooks.graph,105,882,0.525904844,409114,5,0.13557722,0.00901078
infomap,polbooks,5,18432,0,0.0081,0,polbooks.graph,105,882,0.525904844,409114,5,0.13557722,0.00901078
hollocou,polbooks,1,2048,0,0.000,0,polbooks.graph,105,882,0.004378319,3406,3,0.39629630,0.01265008
hollocou,polbooks,2,2048,0,0.000,0,polbooks.graph,105,882,-0.000100266,-78,3,0.50000000,0.01688138
hollocou,polbooks,3,2048,0,0.000,0,polbooks.graph,105,882,0.216298764,168264,2,0.16666667,0.01725589
hollocou,polbooks,4,2048,0,0.000,0,polbooks.graph,105,882,0.004234346,3294,3,0.43518519,0.01274574
hollocou,polbooks,5,2048,0,0.000,0,polbooks.graph,105,882,0.024411124,18990,2,0.31818182,0.01530612
gnns,polbooks,1,252244,0,0.11060881614685059,50,polbooks.graph,105,882,0.526365043,409472,6,0.15201495,0.01034348
gnns,polbooks,2,252244,0,0.10766220092773438,50,polbooks.graph,105,882,0.524259439,407834,6,0.15331968,0.01087599
gnns,polbooks,3,252244,0,0.1060645580291748,50,polbooks.graph,105,882,0.526796962,409808,5,0.11986879,0.00953302
gnns,polbooks,4,252244,0,0.10803103446960449,50,polbooks.graph,105,882,0.525902273,409112,6,0.13614676,0.01064529
gnns,polbooks,5,252244,0,0.10796427726745605,50,polbooks.graph,105,882,0.526796962,409808,5,0.11986879,0.00953302
dmon,polbooks,1,589824,0,26.3714,1000,polbooks.graph,105,882,0.316997547,246600,16,0.34930538,0.02841579
dmon,polbooks,2,589824,0,26.1214,1000,polbooks.graph,105,882,0.348766717,271314,15,0.31040047,0.02479076
dmon,polbooks,3,589824,0,26.1285,1000,polbooks.graph,105,882,0.364434057,283502,14,0.32340576,0.03016784
dmon,polbooks,4,589824,0,26.1174,1000,polbooks.graph,105,882,0.352749111,274412,15,0.31378516,0.02754899
dmon,polbooks,5,589824,0,26.2541,1000,polbooks.graph,105,882,0.366287709,284944,15,0.32295063,0.02274862
dgcluster,polbooks,1,393216,0,2.1084446907043457,300,polbooks.graph,105,882,0.000000000,0,1,0.00000000,0.00000000
dgcluster,polbooks,2,393216,0,2.1066701412200928,300,polbooks.graph,105,882,0.000000000,0,1,0.00000000,0.00000000
dgcluster,polbooks,3,393216,0,2.095508575439453,300,polbooks.graph,105,882,0.000000000,0,1,0.00000000,0.00000000
dgcluster,polbooks,4,393216,0,2.099919080734253,300,polbooks.graph,105,882,0.000000000,0,1,0.00000000,0.00000000
dgcluster,polbooks,5,393216,0,2.100553274154663,300,polbooks.graph,105,882,0.000000000,0,1,0.00000000,0.00000000
commdgi,polbooks,1,381552,0,9.1725,1001,polbooks.graph,105,882,0.448010345,348518,14,0.31070073,0.01655311
commdgi,polbooks,2,381552,0,9.0675,1001,polbooks.graph,105,882,0.487314956,379094,12,0.26180472,0.01433489
commdgi,polbooks,3,381552,0,9.4832,1001,polbooks.graph,105,882,0.431579434,335736,13,0.28794268,0.01738910
commdgi,polbooks,4,381552,0,9.0506,1001,polbooks.graph,105,882,0.484286382,376738,12,0.25719576,0.01347894
commdgi,polbooks,5,381552,0,9.3902,1001,polbooks.graph,105,882,0.463816516,360814,10,0.23160065,0.01528313
clustre_fast,polbooks,1,6144,0,0.00023818,0,polbooks.graph,105,882,0.482427589,375292,6,0.17078664,0.01389982
clustre_fast,polbooks,2,6144,0,0.000267029,0,polbooks.graph,105,882,0.482427589,375292,6,0.17078664,0.01389982
clustre_fast,polbooks,3,6144,0,0.000233889,0,polbooks.graph,105,882,0.482427589,375292,6,0.17078664,0.01389982
clustre_fast,polbooks,4,6144,0,0.000244141,0,polbooks.graph,105,882,0.482427589,375292,6,0.17078664,0.01389982
clustre_fast,polbooks,5,6144,0,0.000247955,0,polbooks.graph,105,882,0.482427589,375292,6,0.17078664,0.01389982
clustre_strong,polbooks,1,12288,0,,0,polbooks.graph,105,882,0.520829798,405166,4,0.10178584,0.00894676
clustre_strong,polbooks,2,12288,0,,0,polbooks.graph,105,882,0.520829798,405166,4,0.10178584,0.00894676
clustre_strong,polbooks,3,12288,0,,0,polbooks.graph,105,882,0.520829798,405166,4,0.10178584,0.00894676
clustre_strong,polbooks,4,12288,0,,0,polbooks.graph,105,882,0.520829798,405166,4,0.10178584,0.00894676
clustre_strong,polbooks,5,12288,0,,0,polbooks.graph,105,882,0.520829798,405166,4,0.10178584,0.00894676
walktrap,power,1,22528,0,0.2044,0,power.graph,4941,13188,0.830961840,144523662,364,0.07660206,0.00003273
walktrap,power,2,22528,0,0.2041,0,power.graph,4941,13188,0.830961840,144523662,364,0.07660206,0.00003273
walktrap,power,3,22528,0,0.2039,0,power.graph,4941,13188,0.830961840,144523662,364,0.07660206,0.00003273
walktrap,power,4,22528,0,0.2042,0,power.graph,4941,13188,0.830961840,144523662,364,0.07660206,0.00003273
walktrap,power,5,22528,0,0.2038,0,power.graph,4941,13188,0.830961840,144523662,364,0.07660206,0.00003273
vieclus,power,1,20480,0,60.0053,0,power.graph,4941,13188,0.940976652,163657806,41,0.01607100,0.00000869
vieclus,power,2,18432,0,126.159,0,power.graph,4941,13188,0.940976652,163657806,41,0.01607100,0.00000869
vieclus,power,3,20480,0,193.196,0,power.graph,4941,13188,0.940976652,163657806,41,0.01607100,0.00000869
vieclus,power,4,22528,0,23.2374,0,power.graph,4941,13188,0.940974225,163657384,42,0.01624005,0.00000878
vieclus,power,5,20480,0,134.278,0,power.graph,4941,13188,0.940976652,163657806,41,0.01607100,0.00000869
ucode,power,1,799584,0,106.9848268032074,1000,power.graph,4941,13188,0.000000000,0,1,0.00000000,0.00000000
ucode,power,2,799584,0,108.05078148841858,1000,power.graph,4941,13188,0.000000000,0,1,0.00000000,0.00000000
ucode,power,3,799584,0,108.33455181121826,1000,power.graph,4941,13188,0.000000000,0,1,0.00000000,0.00000000
ucode,power,4,799584,0,107.69050288200378,1000,power.graph,4941,13188,-0.000002943,-512,2,0.50000000,0.00023163
ucode,power,5,799584,0,107.94906759262085,1000,power.graph,4941,13188,0.000000000,0,1,0.00000000,0.00000000
magi,power,1,896836,0,93.58547043800354,100,power.graph,4941,13188,0.029334912,5102026,9,0.43352267,0.00054923
magi,power,2,896836,0,93.02674341201782,100,power.graph,4941,13188,0.025234093,4388798,7,0.41855411,0.00048827
magi,power,3,896836,0,92.43494653701782,100,power.graph,4941,13188,0.010828782,1883378,6,0.44350875,0.00065033
magi,power,4,896836,0,92.14928245544434,100,power.graph,4941,13188,0.045792817,7964440,7,0.41071749,0.00051669
magi,power,5,896836,0,93.88336277008057,100,power.graph,4941,13188,0.023706777,4123162,7,0.42256989,0.00049352
louvain,power,1,22528,0,0.0188,0,power.graph,4941,13188,0.935882925,162771888,40,0.01908996,0.00001032
louvain,power,2,22528,0,0.0181,0,power.graph,4941,13188,0.935839653,162764362,40,0.01762735,0.00000956
louvain,power,3,22528,0,0.0172,0,power.graph,4941,13188,0.935960074,162785306,39,0.01817081,0.00000991
louvain,power,4,22528,0,0.0172,0,power.graph,4941,13188,0.936025114,162796618,41,0.01791324,0.00000968
louvain,power,5,22528,0,0.0186,0,power.graph,4941,13188,0.935539210,162712108,42,0.01834609,0.00000985
leiden,power,1,22528,0,0.0181,0,power.graph,4941,13188,0.938655629,163254126,45,0.01906324,0.00001020
leiden,power,2,22528,0,0.0181,0,power.graph,4941,13188,0.938079490,163153922,41,0.01806409,0.00000978
leiden,power,3,22528,0,0.0179,0,power.graph,4941,13188,0.939053092,163323254,43,0.01772560,0.00000960
leiden,power,4,22528,0,0.0178,0,power.graph,4941,13188,0.938247679,163183174,45,0.01892788,0.00001031
leiden,power,5,22528,0,0.0181,0,power.graph,4941,13188,0.937891212,163121176,39,0.01688699,0.00000905
infomap,power,1,23608,0,0.1562,0,power.graph,4941,13188,0.812264764,141271804,6,0.00360298,0.00000228
infomap,power,2,23608,0,0.1561,0,power.graph,4941,13188,0.812264764,141271804,6,0.00360298,0.00000228
infomap,power,3,23608,0,0.1561,0,power.graph,4941,13188,0.812264764,141271804,6,0.00360298,0.00000228
infomap,power,4,23608,0,0.1574,0,power.graph,4941,13188,0.812264764,141271804,6,0.00360298,0.00000228
infomap,power,5,23608,0,0.1547,0,power.graph,4941,13188,0.812264764,141271804,6,0.00360298,0.00000228
hollocou,power,1,2048,0,0.000,0,power.graph,4941,13188,0.620390796,107900442,917,0.32913893,0.00010803
hollocou,power,2,2048,0,0.001,0,power.graph,4941,13188,0.624252486,108572080,922,0.32983479,0.00010722
hollocou,power,3,2048,0,0.000,0,power.graph,4941,13188,0.615397999,107032078,916,0.33245602,0.00010847
hollocou,power,4,2048,0,0.000,0,power.graph,4941,13188,0.614964187,106956628,915,0.33154642,0.00010920
hollocou,power,5,2048,0,0.000,0,power.graph,4941,13188,0.626123000,108897406,898,0.32244212,0.00010817
gnns,power,1,2967372,0,19.536410093307495,50,power.graph,4941,13188,0.830757255,144488080,70,0.07787234,0.00004219
gnns,power,2,2967372,0,19.50489091873169,50,power.graph,4941,13188,0.814925039,141734488,70,0.08778981,0.00004725
gnns,power,3,2967372,0,19.463379621505737,50,power.graph,4941,13188,0.822756029,143096480,69,0.08304949,0.00004497
gnns,power,4,2967372,0,19.636249780654907,50,power.graph,4941,13188,0.840688481,146215352,70,0.07517421,0.00004058
gnns,power,5,2967372,0,19.611207485198975,50,power.graph,4941,13188,0.816872311,142073164,70,0.08575771,0.00004589
dmon,power,1,785060,0,59.2899,1000,power.graph,4941,13188,0.777291517,135189140,16,0.08437731,0.00004530
dmon,power,2,785060,0,59.8797,1000,power.graph,4941,13188,0.768678953,133691214,16,0.09066615,0.00004865
dmon,power,3,785060,0,60.1359,1000,power.graph,4941,13188,0.782907807,136165944,16,0.08134689,0.00004485
dmon,power,4,785060,0,58.7993,1000,power.graph,4941,13188,0.762269048,132576382,16,0.09369650,0.00004984
dmon,power,5,785060,0,59.4961,1000,power.graph,4941,13188,0.767241906,133441278,16,0.08797498,0.00004855
dgcluster,power,1,506728,0,25.58587408065796,300,power.graph,4941,13188,0.000000000,0,1,0.00000000,0.00000000
dgcluster,power,2,506728,0,25.18203043937683,300,power.graph,4941,13188,0.000000000,0,1,0.00000000,0.00000000
dgcluster,power,3,506728,0,25.537236213684082,300,power.graph,4941,13188,0.000000000,0,1,0.00000000,0.00000000
dgcluster,power,4,506728,0,25.543766736984253,300,power.graph,4941,13188,0.000000000,0,1,0.00000000,0.00000000
dgcluster,power,5,506728,0,25.224238634109497,300,power.graph,4941,13188,0.000000000,0,1,0.00000000,0.00000000
commdgi,power,1,1356636,0,582.8751,1001,power.graph,4941,13188,0.616581222,107237868,11,0.11724717,0.00006611
commdgi,power,2,1356636,0,616.5291,1001,power.graph,4941,13188,0.625792866,108839988,8,0.09520421,0.00005055
commdgi,power,3,1356636,0,600.2239,1001,power.graph,4941,13188,0.628763025,109356568,11,0.08419945,0.00004029
commdgi,power,4,1356636,0,602.1276,1001,power.graph,4941,13188,0.609540407,106013306,8,0.12956062,0.00006422
commdgi,power,5,1356636,0,600.7109,1001,power.graph,4941,13188,0.592433468,103038010,9,0.10673688,0.00005411
clustre_fast,power,1,6144,0,0.00404,0,power.graph,4941,13188,0.633183570,110125404,1236,0.23337243,0.00010685
clustre_fast,power,2,6144,0,0.00403094,0,power.graph,4941,13188,0.633183570,110125404,1236,0.23337243,0.00010685
clustre_fast,power,3,6144,0,0.00405288,0,power.graph,4941,13188,0.633183570,110125404,1236,0.23337243,0.00010685
clustre_fast,power,4,6144,0,0.00403404,0,power.graph,4941,13188,0.633183570,110125404,1236,0.23337243,0.00010685
clustre_fast,power,5,6144,0,0.00407124,0,power.graph,4941,13188,0.633183570,110125404,1236,0.23337243,0.00010685
clustre_strong,power,1,14336,0,11.58058928,0,power.graph,4941,13188,0.938016808,163143020,40,0.01722927,0.00000923
clustre_strong,power,2,12288,0,2.41283998,0,power.graph,4941,13188,0.938016808,163143020,40,0.01722927,0.00000923
clustre_strong,power,3,14336,0,4.91280315,0,power.graph,4941,13188,0.938016808,163143020,40,0.01722927,0.00000923
clustre_strong,power,4,14336,0,8.12253702,0,power.graph,4941,13188,0.938016808,163143020,40,0.01722927,0.00000923
clustre_strong,power,5,14336,0,5.0005888,0,power.graph,4941,13188,0.938016808,163143020,40,0.01722927,0.00000923
walktrap,preferentialAttachment,1,68441824,0,914.4806,0,preferentialAttachment.graph,100000,999970,0.150566924,150557890656,9008,0.37412301,0.00002467
walktrap,preferentialAttachment,2,68441824,0,912.5322,0,preferentialAttachment.graph,100000,999970,0.150566924,150557890656,9008,0.37412301,0.00002467
walktrap,preferentialAttachment,3,68441824,0,917.1447,0,preferentialAttachment.graph,100000,999970,0.150566924,150557890656,9008,0.37412301,0.00002467
walktrap,preferentialAttachment,4,68441824,0,914.5631,0,preferentialAttachment.graph,100000,999970,0.150566924,150557890656,9008,0.37412301,0.00002467
walktrap,preferentialAttachment,5,68441824,0,916.8238,0,preferentialAttachment.graph,100000,999970,0.150566924,150557890656,9008,0.37412301,0.00002467
vieclus,preferentialAttachment,1,691516,0,3601.4,0,preferentialAttachment.graph,100000,999970,0.312193049,312174318026,12,0.31866738,0.00002890
vieclus,preferentialAttachment,2,687956,0,3594.14,0,preferentialAttachment.graph,100000,999970,0.311726775,311708072290,7,0.27157945,0.00003118
vieclus,preferentialAttachment,3,690372,0,3596.03,0,preferentialAttachment.graph,100000,999970,0.312676070,312657309946,8,0.28006986,0.00003098
vieclus,preferentialAttachment,4,692040,0,3600,0,preferentialAttachment.graph,100000,999970,0.312481729,312462980738,7,0.27126257,0.00003123
vieclus,preferentialAttachment,5,690236,0,3602.06,0,preferentialAttachment.graph,100000,999970,0.312132590,312113862958,7,0.27131531,0.00003120
ucode,preferentialAttachment,1,161013952,0,3677.2577879428864,44,preferentialAttachment.graph,100000,999970,0.000000000,0,1,0.00000000,0.00000000
ucode,preferentialAttachment,2,161013952,0,3629.1942076683044,39,preferentialAttachment.graph,100000,999970,0.000000000,0,1,0.00000000,0.00000000
ucode,preferentialAttachment,3,161013952,0,3650.493639945984,36,preferentialAttachment.graph,100000,999970,0.000000000,0,1,0.00000000,0.00000000
ucode,preferentialAttachment,4,161013952,0,3652.763728618622,36,preferentialAttachment.graph,100000,999970,0.000000000,0,1,0.00000000,0.00000000
ucode,preferentialAttachment,5,161013952,0,3639.9822657108307,36,preferentialAttachment.graph,100000,999970,0.000000000,0,1,0.00000000,0.00000000
magi,preferentialAttachment,1,10496032,0,3611.8355445861816,11,preferentialAttachment.graph,100000,999970,-0.057337639,-57334199034,3,0.39801139,0.00004651
magi,preferentialAttachment,2,10496032,0,3610.0723536014557,10,preferentialAttachment.graph,100000,999970,-0.010355665,-10355044050,2,0.50000000,0.00002920
magi,preferentialAttachment,3,10496032,0,3606.4745905399323,10,preferentialAttachment.graph,100000,999970,-0.024549599,-24548126268,3,0.34849386,0.00005733
magi,preferentialAttachment,4,10496032,0,3607.8844859600067,11,preferentialAttachment.graph,100000,999970,-0.015247356,-15246441220,4,0.41357973,0.00005239
magi,preferentialAttachment,5,10496032,0,3608.199911594391,11,preferentialAttachment.graph,100000,999970,-0.050869168,-50866116570,2,0.41267951,0.00004456
louvain,preferentialAttachment,1,102752,0,31.0377,0,preferentialAttachment.graph,100000,999970,0.258140712,258125224634,20,0.34845857,0.00003458
louvain,preferentialAttachment,2,102752,0,44.5915,0,preferentialAttachment.graph,100000,999970,0.271256245,271239970558,19,0.34239574,0.00003253
louvain,preferentialAttachment,3,102752,0,44.0549,0,preferentialAttachment.graph,100000,999970,0.243711398,243696776090,23,0.35728530,0.00003635
louvain,preferentialAttachment,4,102752,0,45.3436,0,preferentialAttachment.graph,100000,999970,0.271486446,271470157508,21,0.34576111,0.00003295
louvain,preferentialAttachment,5,102752,0,31.8204,0,preferentialAttachment.graph,100000,999970,0.271972939,271956621746,18,0.33923240,0.00003155
leiden,preferentialAttachment,1,101680,0,1.7269,0,preferentialAttachment.graph,100000,999970,0.294128108,294110460744,24,0.33934583,0.00002855
leiden,preferentialAttachment,2,101680,0,2.0719,0,preferentialAttachment.graph,100000,999970,0.295013203,294995503462,23,0.33762749,0.00002870
leiden,preferentialAttachment,3,101680,0,1.5457,0,preferentialAttachment.graph,100000,999970,0.296164794,296147024586,17,0.33434218,0.00003262
leiden,preferentialAttachment,4,101680,0,1.8693,0,preferentialAttachment.graph,100000,999970,0.293914590,293896956332,25,0.33929738,0.00002825
leiden,preferentialAttachment,5,101680,0,1.7244,0,preferentialAttachment.graph,100000,999970,0.293618170,293600553340,23,0.33964702,0.00002956
infomap,preferentialAttachment,1,392388,0,8.2036,0,preferentialAttachment.graph,100000,999970,0.191862749,191851237992,7620,0.38624545,0.00003895
infomap,preferentialAttachment,2,392388,0,8.8809,0,preferentialAttachment.graph,100000,999970,0.191862749,191851237992,7620,0.38624545,0.00003895
infomap,preferentialAttachment,3,392388,0,8.0122,0,preferentialAttachment.graph,100000,999970,0.191862749,191851237992,7620,0.38624545,0.00003895
infomap,preferentialAttachment,4,392388,0,7.8971,0,preferentialAttachment.graph,100000,999970,0.191862749,191851237992,7620,0.38624545,0.00003895
infomap,preferentialAttachment,5,392388,0,8.0085,0,preferentialAttachment.graph,100000,999970,0.191862749,191851237992,7620,0.38624545,0.00003895
hollocou,preferentialAttachment,1,15924,0,0.019,0,preferentialAttachment.graph,100000,999970,0.134804122,134796034626,4776,0.48409586,0.00002811
hollocou,preferentialAttachment,2,15924,0,0.019,0,preferentialAttachment.graph,100000,999970,0.134005019,133996979432,4895,0.48493810,0.00002817
hollocou,preferentialAttachment,3,15924,0,0.017,0,preferentialAttachment.graph,100000,999970,0.133697745,133689724164,5006,0.48388604,0.00002809
hollocou,preferentialAttachment,4,15924,0,0.016,0,preferentialAttachment.graph,100000,999970,0.134565662,134557588272,4934,0.48467833,0.00002816
hollocou,preferentialAttachment,5,15924,0,0.017,0,preferentialAttachment.graph,100000,999970,0.134331294,134323234264,4955,0.48437405,0.00002826
gnns,preferentialAttachment,1,8076696,0,2322.2396080493927,1700,preferentialAttachment.graph,100000,999970,0.228136790,228123102536,316,0.38849987,0.00003831
gnns,preferentialAttachment,2,8076696,0,2365.8979806900024,1700,preferentialAttachment.graph,100000,999970,0.226323500,226309921210,316,0.38607964,0.00003822
gnns,preferentialAttachment,3,8076696,0,2315.4071085453033,1700,preferentialAttachment.graph,100000,999970,0.230221262,230207449118,316,0.38450509,0.00003715
gnns,preferentialAttachment,4,8076696,0,2293.8066325187683,1700,preferentialAttachment.graph,100000,999970,0.235856993,235842842162,316,0.38302710,0.00003675
gnns,preferentialAttachment,5,8076696,0,2235.61372423172,1700,preferentialAttachment.graph,100000,999970,0.245180558,245165848338,315,0.39161684,0.00003906
dmon,preferentialAttachment,1,79119760,0,3606.6674,796,preferentialAttachment.graph,100000,999970,0.046653373,46650574642,16,0.44307462,0.00004738
dmon,preferentialAttachment,2,79119760,0,3603.3166,797,preferentialAttachment.graph,100000,999970,0.042424058,42421513402,16,0.44614540,0.00004921
dmon,preferentialAttachment,3,79119760,0,3605.8771,799,preferentialAttachment.graph,100000,999970,0.027426221,27424576316,16,0.45269543,0.00005274
dmon,preferentialAttachment,4,79119760,0,3605.1723,794,preferentialAttachment.graph,100000,999970,0.028537491,28535779506,16,0.44936149,0.00004450
dmon,preferentialAttachment,5,79119760,0,3605.9380,791,preferentialAttachment.graph,100000,999970,0.029936177,29934381378,16,0.44998518,0.00004731
dgcluster,preferentialAttachment,1,3152692,0,861.4223895072937,300,preferentialAttachment.graph,100000,999970,0.000000000,0,1,0.00000000,0.00000000
dgcluster,preferentialAttachment,2,3152692,0,823.5262265205383,300,preferentialAttachment.graph,100000,999970,0.000000000,0,1,0.00000000,0.00000000
dgcluster,preferentialAttachment,3,3152692,0,790.00208735466,300,preferentialAttachment.graph,100000,999970,0.000000000,0,1,0.00000000,0.00000000
dgcluster,preferentialAttachment,4,3152692,0,786.8945028781891,300,preferentialAttachment.graph,100000,999970,0.000000000,0,1,0.00000000,0.00000000
dgcluster,preferentialAttachment,5,3152692,0,788.3303220272064,300,preferentialAttachment.graph,100000,999970,0.000000000,0,1,0.00000000,0.00000000
commdgi,preferentialAttachment,1,236187484,1
commdgi,preferentialAttachment,2,236187484,1
commdgi,preferentialAttachment,3,236187484,1
commdgi,preferentialAttachment,4,236187484,1
commdgi,preferentialAttachment,5,236187484,1
clustre_fast,preferentialAttachment,1,6144,0,0.102542,0,preferentialAttachment.graph,100000,999970,0.260303287,260287669258,16,0.34027351,0.00003530
clustre_fast,preferentialAttachment,2,6144,0,0.10038,0,preferentialAttachment.graph,100000,999970,0.260303287,260287669258,16,0.34027351,0.00003530
clustre_fast,preferentialAttachment,3,6144,0,0.10095,0,preferentialAttachment.graph,100000,999970,0.260303287,260287669258,16,0.34027351,0.00003530
clustre_fast,preferentialAttachment,4,6144,0,0.101593,0,preferentialAttachment.graph,100000,999970,0.260303287,260287669258,16,0.34027351,0.00003530
clustre_fast,preferentialAttachment,5,6144,0,0.10049,0,preferentialAttachment.graph,100000,999970,0.260303287,260287669258,16,0.34027351,0.00003530
clustre_strong,preferentialAttachment,1,12288,0,,0,preferentialAttachment.graph,100000,999970,0.276110670,276094103676,16,0.33249927,0.00003487
clustre_strong,preferentialAttachment,2,12288,0,,0,preferentialAttachment.graph,100000,999970,0.276110670,276094103676,16,0.33249927,0.00003487
clustre_strong,preferentialAttachment,3,12288,0,,0,preferentialAttachment.graph,100000,999970,0.276110670,276094103676,16,0.33249927,0.00003487
clustre_strong,preferentialAttachment,4,12288,0,,0,preferentialAttachment.graph,100000,999970,0.276110670,276094103676,16,0.33249927,0.00003487
clustre_strong,preferentialAttachment,5,12288,0,,0,preferentialAttachment.graph,100000,999970,0.276110670,276094103676,16,0.33249927,0.00003487
walktrap,road_central,1,6036232,0
walktrap,road_central,2,6036232,0
walktrap,road_central,3,6036232,0
walktrap,road_central,4,6036232,0
walktrap,road_central,5,6036232,0
vieclus,road_central,1,4623636,0,4029.12,0,road_central.graph,14081816,33866826,0.997745942,1144376584892586,1272,0.00062411,0.00000000
vieclus,road_central,2,4511080,0,3639.53,0,road_central.graph,14081816,33866826,0.997740821,1144370711658072,1282,0.00062993,0.00000000
vieclus,road_central,3,4489340,0,4276.4,0,road_central.graph,14081816,33866826,0.997742784,1144372962735846,1310,0.00063959,0.00000000
vieclus,road_central,4,4409640,0,3904.51,0,road_central.graph,14081816,33866826,0.997718856,1144345519079320,1244,0.00062461,0.00000000
vieclus,road_central,5,4542712,0,4069.57,0,road_central.graph,14081816,33866826,0.997733543,1144362364609036,1260,0.00062147,0.00000000
ucode,road_central,1,22341800,1
ucode,road_central,2,22341800,1
ucode,road_central,3,22341800,1
ucode,road_central,4,22341800,1
ucode,road_central,5,22341800,1
magi,road_central,1,,124
magi,road_central,2,,124
magi,road_central,3,,124
magi,road_central,4,,124
magi,road_central,5,,124
louvain,road_central,1,3406584,0,371.7890,0,road_central.graph,14081816,33866826,0.997375898,1143952159136274,1164,0.00074406,0.00000000
louvain,road_central,2,3406584,0,434.4480,0,road_central.graph,14081816,33866826,0.997378081,1143954662622864,1193,0.00075591,0.00000000
louvain,road_central,3,3406584,0,370.5366,0,road_central.graph,14081816,33866826,0.997380518,1143957458097060,1187,0.00074232,0.00000000
louvain,road_central,4,3406584,0,426.5365,0,road_central.graph,14081816,33866826,0.997371465,1143947074133166,1193,0.00074940,0.00000000
louvain,road_central,5,3406584,0,376.1446,0,road_central.graph,14081816,33866826,0.997380125,1143957007524792,1193,0.00075316,0.00000000
leiden,road_central,1,4429668,0,99.4333,0,road_central.graph,14081816,33866826,0.997567102,1144171462982682,1209,0.00067897,0.00000000
leiden,road_central,2,4429668,0,100.6395,0,road_central.graph,14081816,33866826,0.997556609,1144159427488704,1210,0.00068213,0.00000000
leiden,road_central,3,4429668,0,99.6599,0,road_central.graph,14081816,33866826,0.997554867,1144157429322598,1207,0.00068034,0.00000000
leiden,road_central,4,4429668,0,99.1149,0,road_central.graph,14081816,33866826,0.997556055,1144158791682366,1193,0.00066907,0.00000000
leiden,road_central,5,4429668,0,99.5900,0,road_central.graph,14081816,33866826,0.997557591,1144160553743694,1198,0.00067470,0.00000000
infomap,road_central,1,96299380,0,2296.6222,0,road_central.graph,14081816,33866826,0.658998403,755846062613038,3,0.00000425,0.00000000
infomap,road_central,2,96299380,0,2295.1230,0,road_central.graph,14081816,33866826,0.658998403,755846062613038,3,0.00000425,0.00000000
infomap,road_central,3,96299380,0,2292.7431,0,road_central.graph,14081816,33866826,0.658998403,755846062613038,3,0.00000425,0.00000000
infomap,road_central,4,96299380,0,2292.8909,0,road_central.graph,14081816,33866826,0.658998403,755846062613038,3,0.00000425,0.00000000
infomap,road_central,5,96299380,0,2281.1534,0,road_central.graph,14081816,33866826,0.658998403,755846062613038,3,0.00000425,0.00000000
hollocou,road_central,1,1295004,0,2.305,0,road_central.graph,14081816,33866826,0.671282275,769935196302920,2997924,0.28521740,0.00000003
hollocou,road_central,2,1295004,0,2.246,0,road_central.graph,14081816,33866826,0.671335543,769996292338868,2997390,0.28506272,0.00000003
hollocou,road_central,3,1295004,0,2.229,0,road_central.graph,14081816,33866826,0.671354263,770017763879722,2997880,0.28504896,0.00000003
hollocou,road_central,4,1295004,0,2.198,0,road_central.graph,14081816,33866826,0.671192158,769831835455146,2998590,0.28526577,0.00000003
hollocou,road_central,5,1295004,0,2.279,0,road_central.graph,14081816,33866826,0.671234677,769880603716068,2998022,0.28521806,0.00000003
gnns,road_central,1,13720584,1
gnns,road_central,2,13720584,1
gnns,road_central,3,13720584,1
gnns,road_central,4,13720584,1
gnns,road_central,5,13720584,1
dmon,road_central,1,3394796,1
dmon,road_central,2,3394796,1
dmon,road_central,3,3394796,1
dmon,road_central,4,3394796,1
dmon,road_central,5,3394796,1
dgcluster,road_central,1,,124,,,road_central.graph,14081816,33866826,0.000000000,0,1,0.00000000,0.00000000
dgcluster,road_central,2,,124,,,road_central.graph,14081816,33866826,0.000000000,0,1,0.00000000,0.00000000
dgcluster,road_central,3,,124,,,road_central.graph,14081816,33866826,0.000000000,0,1,0.00000000,0.00000000
dgcluster,road_central,4,,124,,,road_central.graph,14081816,33866826,0.000000000,0,1,0.00000000,0.00000000
dgcluster,road_central,5,,124
commdgi,road_central,1,3188736,1
commdgi,road_central,2,3188736,1
commdgi,road_central,3,3188736,1
commdgi,road_central,4,3188736,1
commdgi,road_central,5,3188736,1
clustre_fast,road_central,1,298248,0,12.8949,0,road_central.graph,14081816,33866826,0.595189272,682659420425852,4480856,0.22380683,0.00000004
clustre_fast,road_central,2,298212,0,12.8363,0,road_central.graph,14081816,33866826,0.595189272,682659420425852,4480856,0.22380683,0.00000004
clustre_fast,road_central,3,297568,0,12.7519,0,road_central.graph,14081816,33866826,0.595189272,682659420425852,4480856,0.22380683,0.00000004
clustre_fast,road_central,4,298248,0,13.4286,0,road_central.graph,14081816,33866826,0.595189272,682659420425852,4480856,0.22380683,0.00000004
clustre_fast,road_central,5,298140,0,13.319,0,road_central.graph,14081816,33866826,0.595189272,682659420425852,4480856,0.22380683,0.00000004
clustre_strong,road_central,1,2270540,0,3640.633,0,road_central.graph,14081816,33866826,0.997728066,1144356082334778,1303,0.00064494,0.00000000
clustre_strong,road_central,2,2276924,0,3667.673,0,road_central.graph,14081816,33866826,0.997724685,1144352204531376,1281,0.00063876,0.00000000
clustre_strong,road_central,3,2309688,0,3724.5471,0,road_central.graph,14081816,33866826,0.997726102,1144353830068222,1295,0.00064523,0.00000000
clustre_strong,road_central,4,2308760,0,3678.9009,0,road_central.graph,14081816,33866826,0.997728244,1144356286420942,1300,0.00064396,0.00000000
clustre_strong,road_central,5,2303972,0,3676.341,0,road_central.graph,14081816,33866826,0.997725395,1144353018946054,1272,0.00063649,0.00000000
walktrap,road_usa,1,10118924,0
walktrap,road_usa,2,10118924,0
walktrap,road_usa,3,10118924,0
walktrap,road_usa,4,10118924,0
walktrap,road_usa,5,10118924,0
vieclus,road_usa,1,7395980,0,4177.16,0,road_usa.graph,23947347,57708624,0.998284030,3324570617544176,1660,0.00046215,0.00000000
vieclus,road_usa,2,7863796,0,4236.23,0,road_usa.graph,23947347,57708624,0.998267155,3324514416670140,1585,0.00045735,0.00000000
vieclus,road_usa,3,7492212,0,4089.91,0,road_usa.graph,23947347,57708624,0.998296834,3324613258544944,1610,0.00044877,0.00000000
vieclus,road_usa,4,8243324,0,3727.68,0,road_usa.graph,23947347,57708624,0.998299851,3324623303669124,1667,0.00045842,0.00000000
vieclus,road_usa,5,7492644,0,3715.49,0,road_usa.graph,23947347,57708624,0.998303535,3324635573890994,1697,0.00046427,0.00000000
ucode,road_usa,1,38762960,1
ucode,road_usa,2,38762960,1
ucode,road_usa,3,38762960,1
ucode,road_usa,4,38762960,1
ucode,road_usa,5,38762960,1
magi,road_usa,1,,124
magi,road_usa,2,,124
magi,road_usa,3,,124
magi,road_usa,4,,124
magi,road_usa,5,,124
louvain,road_usa,1,5809972,0,694.7782,0,road_usa.graph,23947347,57708624,0.998028101,3323718299569008,1564,0.00055601,0.00000000
louvain,road_usa,2,5809972,0,772.5969,0,road_usa.graph,23947347,57708624,0.998027599,3323716627829120,1574,0.00055625,0.00000000
louvain,road_usa,3,5809972,0,691.8244,0,road_usa.graph,23947347,57708624,0.998040634,3323760036652088,1569,0.00054666,0.00000000
louvain,road_usa,4,5809972,0,778.6816,0,road_usa.graph,23947347,57708624,0.998033658,3323736807192146,1563,0.00055407,0.00000000
louvain,road_usa,5,5809972,0,668.3172,0,road_usa.graph,23947347,57708624,0.998035391,3323742576409264,1570,0.00055144,0.00000000
leiden,road_usa,1,7546484,0,157.6398,0,road_usa.graph,23947347,57708624,0.998173462,3324202393936924,1596,0.00049300,0.00000000
leiden,road_usa,2,7546484,0,155.6987,0,road_usa.graph,23947347,57708624,0.998168283,3324185143872748,1612,0.00050157,0.00000000
leiden,road_usa,3,7546484,0,155.9825,0,road_usa.graph,23947347,57708624,0.998167664,3324183082682142,1602,0.00049667,0.00000000
leiden,road_usa,4,7546484,0,159.1331,0,road_usa.graph,23947347,57708624,0.998168532,3324185974941170,1591,0.00049135,0.00000000
leiden,road_usa,5,7546484,0,157.6901,0,road_usa.graph,23947347,57708624,0.998169989,3324190828405072,1617,0.00049918,0.00000000
infomap,road_usa,1,51767812,0
infomap,road_usa,2,51767812,0
infomap,road_usa,3,51767812,0
infomap,road_usa,4,51767812,0
infomap,road_usa,5,51767812,0
hollocou,road_usa,1,2201568,0,4.087,0,road_usa.graph,23947347,57708624,0.670805803,2233974696688828,5105169,0.28632287,0.00000002
hollocou,road_usa,2,2201568,0,3.916,0,road_usa.graph,23947347,57708624,0.670713443,2233667109965006,5105592,0.28636807,0.00000002
hollocou,road_usa,3,2201568,0,3.861,0,road_usa.graph,23947347,57708624,0.670751635,2233794299876392,5105544,0.28641150,0.00000002
hollocou,road_usa,4,2201568,0,3.928,0,road_usa.graph,23947347,57708624,0.670750248,2233789682980600,5104743,0.28630683,0.00000002
hollocou,road_usa,5,2201568,0,3.881,0,road_usa.graph,23947347,57708624,0.670788717,2233917796057098,5106769,0.28634901,0.00000002
gnns,road_usa,1,23692016,1
gnns,road_usa,2,23692016,1
gnns,road_usa,3,23692016,1
gnns,road_usa,4,23692016,1
gnns,road_usa,5,23692016,1
dmon,road_usa,1,5380020,1
dmon,road_usa,2,5380020,1
dmon,road_usa,3,5380020,1
dmon,road_usa,4,5380020,1
dmon,road_usa,5,5380020,1
dgcluster,road_usa,1,252357904,1,3875.441370010376,7,road_usa.graph,23947347,57708624,0.000000000,0,1,0.00000000,0.00000000
dgcluster,road_usa,2,252357904,1
dgcluster,road_usa,3,252357904,1
dgcluster,road_usa,4,252357904,1
dgcluster,road_usa,5,252357904,1
commdgi,road_usa,1,5156864,1
commdgi,road_usa,2,5156864,1
commdgi,road_usa,3,5156864,1
commdgi,road_usa,4,5156864,1
commdgi,road_usa,5,5156864,1
clustre_fast,road_usa,1,347184,0,18.9381,0,road_usa.graph,23947347,57708624,0.643283490,2142317542219922,6392288,0.20076358,0.00000002
clustre_fast,road_usa,2,347368,0,18.8528,0,road_usa.graph,23947347,57708624,0.643283490,2142317542219922,6392288,0.20076358,0.00000002
clustre_fast,road_usa,3,345856,0,18.8671,0,road_usa.graph,23947347,57708624,0.643283490,2142317542219922,6392288,0.20076358,0.00000002
clustre_fast,road_usa,4,347188,0,18.9175,0,road_usa.graph,23947347,57708624,0.643283490,2142317542219922,6392288,0.20076358,0.00000002
clustre_fast,road_usa,5,344688,0,18.9463,0,road_usa.graph,23947347,57708624,0.643283490,2142317542219922,6392288,0.20076358,0.00000002
clustre_strong,road_usa,1,3185756,0,3734.214,0,road_usa.graph,23947347,57708624,0.998278436,3324551984749416,1713,0.00047664,0.00000000
clustre_strong,road_usa,2,3149840,0,3844.617,0,road_usa.graph,23947347,57708624,0.998277158,3324547729480946,1683,0.00047119,0.00000000
clustre_strong,road_usa,3,3134956,0,3757.812,0,road_usa.graph,23947347,57708624,0.998282443,3324565329215266,1697,0.00046919,0.00000000
clustre_strong,road_usa,4,3134056,0,3625.326,0,road_usa.graph,23947347,57708624,0.998281311,3324561561597300,1690,0.00046946,0.00000000
clustre_strong,road_usa,5,3158168,0,3780.122,0,road_usa.graph,23947347,57708624,0.998282280,3324564787960276,1708,0.00047091,0.00000000
walktrap,smallworld,1,2130092,0,195.2155,0,smallworld.graph,100000,999996,0.744574796,744568839804,2313,0.12374353,0.00001236
walktrap,smallworld,2,2130092,0,201.1284,0,smallworld.graph,100000,999996,0.744574796,744568839804,2313,0.12374353,0.00001236
walktrap,smallworld,3,2130092,0,194.6446,0,smallworld.graph,100000,999996,0.744574796,744568839804,2313,0.12374353,0.00001236
walktrap,smallworld,4,2130092,0,201.2832,0,smallworld.graph,100000,999996,0.744574796,744568839804,2313,0.12374353,0.00001236
walktrap,smallworld,5,2130092,0,194.9201,0,smallworld.graph,100000,999996,0.744574796,744568839804,2313,0.12374353,0.00001236
vieclus,smallworld,1,267904,0,3401.7,0,smallworld.graph,100000,999996,0.793186646,793180301262,229,0.10118519,0.00001016
vieclus,smallworld,2,265040,0,2662.97,0,smallworld.graph,100000,999996,0.793184975,793178630324,230,0.10119615,0.00001016
vieclus,smallworld,3,265472,0,3571.89,0,smallworld.graph,100000,999996,0.793180245,793173900208,231,0.10119582,0.00001016
vieclus,smallworld,4,268308,0,2977.16,0,smallworld.graph,100000,999996,0.793180352,793174007438,230,0.10121607,0.00001017
vieclus,smallworld,5,268500,0,3375.51,0,smallworld.graph,100000,999996,0.793181951,793175606192,233,0.10122737,0.00001017
ucode,smallworld,1,158184748,0,3620.4126493930817,35,smallworld.graph,100000,999996,0.000000000,0,1,0.00000000,0.00000000
ucode,smallworld,2,158184748,0,3689.490400314331,31,smallworld.graph,100000,999996,0.000000000,0,1,0.00000000,0.00000000
ucode,smallworld,3,158184748,0,3628.003773212433,27,smallworld.graph,100000,999996,0.000000000,0,1,0.00000000,0.00000000
ucode,smallworld,4,158184748,0,3670.0996866226196,28,smallworld.graph,100000,999996,0.000000000,0,1,0.00000000,0.00000000
ucode,smallworld,5,158184748,0,3628.983355283737,40,smallworld.graph,100000,999996,0.000000000,0,1,0.00000000,0.00000000
magi,smallworld,1,11645312,0,3613.638330221176,9,smallworld.graph,100000,999996,0.003158850,3158825330,4,0.37596186,0.00004109
magi,smallworld,2,11645312,0,3610.211399793625,9,smallworld.graph,100000,999996,0.004388923,4388888702,4,0.37445997,0.00004361
magi,smallworld,3,11645312,0,3610.404844045639,10,smallworld.graph,100000,999996,0.004191255,4191221854,5,0.40411098,0.00003987
magi,smallworld,4,11645312,0,3607.1839253902435,11,smallworld.graph,100000,999996,0.004209074,4209040962,5,0.39966949,0.00003994
magi,smallworld,5,11645312,0,3609.6083059310913,10,smallworld.graph,100000,999996,0.003684193,3684163958,5,0.40004529,0.00004199
louvain,smallworld,1,103540,0,0.9306,0,smallworld.graph,100000,999996,0.793016833,793010489092,229,0.10126972,0.00001017
louvain,smallworld,2,103540,0,0.9662,0,smallworld.graph,100000,999996,0.793036180,793029836508,225,0.10124020,0.00001017
louvain,smallworld,3,103540,0,0.9192,0,smallworld.graph,100000,999996,0.793004849,792998505672,233,0.10129545,0.00001017
louvain,smallworld,4,103540,0,0.9227,0,smallworld.graph,100000,999996,0.793010761,793004417206,232,0.10128882,0.00001017
louvain,smallworld,5,103540,0,0.9344,0,smallworld.graph,100000,999996,0.793021564,793015220356,231,0.10138749,0.00001018
leiden,smallworld,1,103540,0,0.5661,0,smallworld.graph,100000,999996,0.793063089,793056745272,229,0.10122811,0.00001017
leiden,smallworld,2,103540,0,0.6148,0,smallworld.graph,100000,999996,0.793052569,793046224646,231,0.10139519,0.00001018
leiden,smallworld,3,103540,0,0.5664,0,smallworld.graph,100000,999996,0.793070950,793064605854,237,0.10137699,0.00001018
leiden,smallworld,4,103540,0,0.6237,0,smallworld.graph,100000,999996,0.793076967,793070623310,238,0.10139448,0.00001018
leiden,smallworld,5,103540,0,0.5691,0,smallworld.graph,100000,999996,0.793060770,793054425624,236,0.10141298,0.00001018
infomap,smallworld,1,380016,0,5.5135,0,smallworld.graph,100000,999996,0.790778036,790771710008,484,0.10387580,0.00001041
infomap,smallworld,2,380016,0,5.5086,0,smallworld.graph,100000,999996,0.790778036,790771710008,484,0.10387580,0.00001041
infomap,smallworld,3,380016,0,5.7333,0,smallworld.graph,100000,999996,0.790778036,790771710008,484,0.10387580,0.00001041
infomap,smallworld,4,380016,0,5.8616,0,smallworld.graph,100000,999996,0.790778036,790771710008,484,0.10387580,0.00001041
infomap,smallworld,5,380016,0,5.8557,0,smallworld.graph,100000,999996,0.790778036,790771710008,484,0.10387580,0.00001041
hollocou,smallworld,1,15924,0,0.021,0,smallworld.graph,100000,999996,0.321771402,321768828270,1109,0.45705861,0.00004269
hollocou,smallworld,2,15924,0,0.020,0,smallworld.graph,100000,999996,0.320958927,320956359434,1124,0.45787008,0.00004280
hollocou,smallworld,3,15924,0,0.019,0,smallworld.graph,100000,999996,0.322785494,322782912478,1071,0.45707746,0.00004276
hollocou,smallworld,4,15924,0,0.018,0,smallworld.graph,100000,999996,0.322934119,322931535638,1133,0.45933533,0.00004290
hollocou,smallworld,5,15924,0,0.018,0,smallworld.graph,100000,999996,0.322169733,322167155860,1113,0.45800561,0.00004271
gnns,smallworld,1,8006844,0,2019.9838075637817,1700,smallworld.graph,100000,999996,0.676100807,676095398832,316,0.16066776,0.00001612
gnns,smallworld,2,8006844,0,2042.3155024051666,1700,smallworld.graph,100000,999996,0.674150587,674145194386,316,0.16156299,0.00001621
gnns,smallworld,3,8006844,0,1990.1994643211365,1700,smallworld.graph,100000,999996,0.688754494,688748984444,316,0.15445381,0.00001549
gnns,smallworld,4,8006844,0,1974.60080742836,1700,smallworld.graph,100000,999996,0.687606268,687600767898,316,0.15505470,0.00001555
gnns,smallworld,5,8006844,0,2155.39052939415,1700,smallworld.graph,100000,999996,0.683574341,683568872874,316,0.15699401,0.00001575
dmon,smallworld,1,79115816,0,3602.9507,834,smallworld.graph,100000,999996,0.170807094,170805727880,16,0.38406481,0.00004099
dmon,smallworld,2,79115816,0,3606.1617,842,smallworld.graph,100000,999996,0.185160868,185159387668,16,0.37790770,0.00004036
dmon,smallworld,3,79115816,0,3605.8193,843,smallworld.graph,100000,999996,0.172534129,172532749340,16,0.38330724,0.00004087
dmon,smallworld,4,79115816,0,3602.7268,846,smallworld.graph,100000,999996,0.173330491,173329105076,16,0.38320766,0.00004087
dmon,smallworld,5,79115816,0,3603.2824,845,smallworld.graph,100000,999996,0.188753934,188752424152,16,0.37650071,0.00004016
dgcluster,smallworld,1,3109752,0,763.2856433391571,300,smallworld.graph,100000,999996,0.000000000,0,1,0.00000000,0.00000000
dgcluster,smallworld,2,3109752,0,765.4187612533569,300,smallworld.graph,100000,999996,0.000000000,0,1,0.00000000,0.00000000
dgcluster,smallworld,3,3109752,0,803.0677349567413,300,smallworld.graph,100000,999996,0.000000000,0,1,0.00000000,0.00000000
dgcluster,smallworld,4,3109752,0,782.0067677497864,300,smallworld.graph,100000,999996,0.000000000,0,1,0.00000000,0.00000000
dgcluster,smallworld,5,3109752,0,745.5134789943695,300,smallworld.graph,100000,999996,0.000000000,0,1,0.00000000,0.00000000
commdgi,smallworld,1,236211840,1
commdgi,smallworld,2,236211840,1
commdgi,smallworld,3,236211840,1
commdgi,smallworld,4,236211840,1
commdgi,smallworld,5,236211840,1
clustre_fast,smallworld,1,6144,0,0.0964761,0,smallworld.graph,100000,999996,0.693999140,693993588056,35,0.40164171,0.00002653
clustre_fast,smallworld,2,6144,0,0.0944688,0,smallworld.graph,100000,999996,0.693999140,693993588056,35,0.40164171,0.00002653
clustre_fast,smallworld,3,6144,0,0.0937681,0,smallworld.graph,100000,999996,0.693999140,693993588056,35,0.40164171,0.00002653
clustre_fast,smallworld,4,6144,0,0.094347,0,smallworld.graph,100000,999996,0.693999140,693993588056,35,0.40164171,0.00002653
clustre_fast,smallworld,5,6144,0,0.0933971,0,smallworld.graph,100000,999996,0.693999140,693993588056,35,0.40164171,0.00002653
clustre_strong,smallworld,1,12288,0,,0,smallworld.graph,100000,999996,0.694822398,694816839714,8,0.08753859,0.00001001
clustre_strong,smallworld,2,12288,0,,0,smallworld.graph,100000,999996,0.694822398,694816839714,8,0.08753859,0.00001001
clustre_strong,smallworld,3,12288,0,.105218911,0,smallworld.graph,100000,999996,0.694822398,694816839714,8,0.08753859,0.00001001
clustre_strong,smallworld,4,12288,0,,0,smallworld.graph,100000,999996,0.694822398,694816839714,8,0.08753859,0.00001001
clustre_strong,smallworld,5,12288,0,,0,smallworld.graph,100000,999996,0.694822398,694816839714,8,0.08753859,0.00001001
walktrap,uk-2007-05,1,263374572,1
walktrap,uk-2007-05,2,263374572,1
walktrap,uk-2007-05,3,263374572,1
walktrap,uk-2007-05,4,263374572,1
walktrap,uk-2007-05,5,263374572,1
vieclus,uk-2007-05,1,,0,,0,
vieclus,uk-2007-05,2,,0,,0,
vieclus,uk-2007-05,3,,0,,0,
vieclus,uk-2007-05,4,,0,,0,
vieclus,uk-2007-05,5,,0,,0,
ucode,uk-2007-05,1,264299372,1
ucode,uk-2007-05,2,264299372,1
ucode,uk-2007-05,3,264299372,1
ucode,uk-2007-05,4,264299372,1
ucode,uk-2007-05,5,264299372,1
magi,uk-2007-05,1,263896640,1
magi,uk-2007-05,2,263896640,1
magi,uk-2007-05,3,263896640,1
magi,uk-2007-05,4,263896640,1
magi,uk-2007-05,5,263896640,1
louvain,uk-2007-05,1,263779968,1
louvain,uk-2007-05,2,263779968,1
louvain,uk-2007-05,3,263779968,1
louvain,uk-2007-05,4,263779968,1
louvain,uk-2007-05,5,263779968,1
leiden,uk-2007-05,1,263781328,1
leiden,uk-2007-05,2,263781328,1
leiden,uk-2007-05,3,263781328,1
leiden,uk-2007-05,4,263781328,1
leiden,uk-2007-05,5,263781328,1
infomap,uk-2007-05,1,268421716,1
infomap,uk-2007-05,2,268421716,1
infomap,uk-2007-05,3,268421716,1
infomap,uk-2007-05,4,268421716,1
infomap,uk-2007-05,5,268421716,1
hollocou,uk-2007-05,1,60604928,0,515.935,0,uk-2007-05.graph,105896555,6603753128,0.270740029,11806852328730983070,25901309,0.48919525,0.00000009
hollocou,uk-2007-05,2,60604928,0,513.082,0,uk-2007-05.graph,105896555,6603753128,0.271271154,11830014428384857794,25891213,0.48922536,0.00000009
hollocou,uk-2007-05,3,60604928,0,512.961,0,uk-2007-05.graph,105896555,6603753128,0.271038905,11819886167846731428,25903011,0.48920419,0.00000009
hollocou,uk-2007-05,4,60604928,0,513.423,0,uk-2007-05.graph,105896555,6603753128,0.270724348,11806168466659471854,25870549,0.48918294,0.00000009
hollocou,uk-2007-05,5,60604928,0,510.654,0,uk-2007-05.graph,105896555,6603753128,0.270104057,11779117857356013570,25841740,0.48920424,0.00000009
gnns,uk-2007-05,1,267254360,1
gnns,uk-2007-05,2,267254360,1
gnns,uk-2007-05,3,267254360,1
gnns,uk-2007-05,4,267254360,1
gnns,uk-2007-05,5,267254360,1
dmon,uk-2007-05,1,259738760,1
dmon,uk-2007-05,2,259738760,1
dmon,uk-2007-05,3,259738760,1
dmon,uk-2007-05,4,259738760,1
dmon,uk-2007-05,5,259738760,1
dgcluster,uk-2007-05,1,263707212,1
dgcluster,uk-2007-05,2,263707212,1
dgcluster,uk-2007-05,3,263707212,1
dgcluster,uk-2007-05,4,263707212,1
dgcluster,uk-2007-05,5,263707212,1
commdgi,uk-2007-05,1,263139128,1
commdgi,uk-2007-05,2,263139128,1
commdgi,uk-2007-05,3,263139128,1
commdgi,uk-2007-05,4,263139128,1
commdgi,uk-2007-05,5,263139128,1
clustre_fast,uk-2007-05,1,1057732,0,205.83,0,uk-2007-05.graph,105896555,6603753128,0.700320063,30540646568148827284,15011086,0.45288124,0.00000010
clustre_fast,uk-2007-05,2,1056768,0,208.35,0,uk-2007-05.graph,105896555,6603753128,0.700320063,30540646568148827284,15011086,0.45288124,0.00000010
clustre_fast,uk-2007-05,3,1057548,0,206.323,0,uk-2007-05.graph,105896555,6603753128,0.700320063,30540646568148827284,15011086,0.45288124,0.00000010
clustre_fast,uk-2007-05,4,1055092,0,206.505,0,uk-2007-05.graph,105896555,6603753128,0.700320063,30540646568148827284,15011086,0.45288124,0.00000010
clustre_fast,uk-2007-05,5,1059500,0,205.736,0,uk-2007-05.graph,105896555,6603753128,0.700320063,30540646568148827284,15011086,0.45288124,0.00000010
clustre_strong,uk-2007-05,1,,0,,0,
clustre_strong,uk-2007-05,2,,0,,0,
clustre_strong,uk-2007-05,3,,0,,0,
clustre_strong,uk-2007-05,4,,0,,0,
clustre_strong,uk-2007-05,5,,0,,0,
walktrap,uk-2002,1,80185048,0
walktrap,uk-2002,2,80185048,0
walktrap,uk-2002,3,80185048,0
walktrap,uk-2002,4,80185048,0
walktrap,uk-2002,5,80185048,0
vieclus,uk-2002,1,,1,,0,
vieclus,uk-2002,2,,1,,0,
vieclus,uk-2002,3,,1,,0,
vieclus,uk-2002,4,,1,,0,
vieclus,uk-2002,5,,1,,0,
ucode,uk-2002,1,194902436,1
ucode,uk-2002,2,194902436,1
ucode,uk-2002,3,194902436,1
ucode,uk-2002,4,194902436,1
ucode,uk-2002,5,194902436,1
magi,uk-2002,1,,124
magi,uk-2002,2,,124
magi,uk-2002,3,,124
magi,uk-2002,4,,124
magi,uk-2002,5,,124
louvain,uk-2002,1,41930844,0
louvain,uk-2002,2,41930844,0
louvain,uk-2002,3,41930844,0
louvain,uk-2002,4,41930844,0
louvain,uk-2002,5,41930844,0
leiden,uk-2002,1,41930204,0,172.1655,0,uk-2002.graph,18520486,523574516,0.990124240,271423029011841342,5746,0.00015488,0.00000000
leiden,uk-2002,2,41930204,0,171.9569,0,uk-2002.graph,18520486,523574516,0.990176298,271437299694209478,5778,0.00015494,0.00000000
leiden,uk-2002,3,41930204,0,173.7258,0,uk-2002.graph,18520486,523574516,0.990170612,271435741050774452,5817,0.00015637,0.00000000
leiden,uk-2002,4,41930204,0,173.1957,0,uk-2002.graph,18520486,523574516,0.990178223,271437827409117754,5830,0.00015711,0.00000000
leiden,uk-2002,5,41930204,0,173.8406,0,uk-2002.graph,18520486,523574516,0.990167355,271434848290138932,5775,0.00015433,0.00000000
infomap,uk-2002,1,111613928,0
infomap,uk-2002,2,111613928,0
infomap,uk-2002,3,111613928,0
infomap,uk-2002,4,111613928,0
infomap,uk-2002,5,111613928,0
hollocou,uk-2002,1,5375760,0,31.666,0,uk-2002.graph,18520486,523574516,0.619190333,169738815781666366,2378491,0.47270403,0.00000020
hollocou,uk-2002,2,5375760,0,31.578,0,uk-2002.graph,18520486,523574516,0.619166904,169732393036129004,2384130,0.47255216,0.00000020
hollocou,uk-2002,3,5375760,0,31.805,0,uk-2002.graph,18520486,523574516,0.616953587,169125655859377142,2385195,0.47245286,0.00000020
hollocou,uk-2002,4,5375760,0,31.593,0,uk-2002.graph,18520486,523574516,0.619164745,169731801170844828,2370665,0.47237962,0.00000020
hollocou,uk-2002,5,5375760,0,31.631,0,uk-2002.graph,18520486,523574516,0.618811934,169635084964570032,2372904,0.47244969,0.00000020
gnns,uk-2002,1,121226948,1
gnns,uk-2002,2,121226948,1
gnns,uk-2002,3,121226948,1
gnns,uk-2002,4,121226948,1
gnns,uk-2002,5,121226948,1
dmon,uk-2002,1,38032536,1
dmon,uk-2002,2,38032536,1
dmon,uk-2002,3,38032536,1
dmon,uk-2002,4,38032536,1
dmon,uk-2002,5,38032536,1
dgcluster,uk-2002,1,180832708,1
dgcluster,uk-2002,2,180832708,1
dgcluster,uk-2002,3,180832708,1
dgcluster,uk-2002,4,180832708,1
dgcluster,uk-2002,5,180832708,1
commdgi,uk-2002,1,39803076,1
commdgi,uk-2002,2,39803076,1
commdgi,uk-2002,3,39803076,1
commdgi,uk-2002,4,39803076,1
commdgi,uk-2002,5,39803076,1
clustre_fast,uk-2002,1,206172,0,24.6291,0,uk-2002.graph,18520486,523574516,0.698782993,191557573384230148,2899486,0.44254126,0.00000027
clustre_fast,uk-2002,2,204124,0,24.4816,0,uk-2002.graph,18520486,523574516,0.698782993,191557573384230148,2899486,0.44254126,0.00000027
clustre_fast,uk-2002,3,206172,0,24.4832,0,uk-2002.graph,18520486,523574516,0.698782993,191557573384230148,2899486,0.44254126,0.00000027
clustre_fast,uk-2002,4,206172,0,24.4434,0,uk-2002.graph,18520486,523574516,0.698782993,191557573384230148,2899486,0.44254126,0.00000027
clustre_fast,uk-2002,5,206172,0,24.5265,0,uk-2002.graph,18520486,523574516,0.698782993,191557573384230148,2899486,0.44254126,0.00000027
clustre_strong,uk-2002,1,4136724,0,2658.392,0,uk-2002.graph,18520486,523574516,0.988731047,271041112733736120,5293,0.00014323,0.00000000
clustre_strong,uk-2002,2,3894788,0,3623.392,0,uk-2002.graph,18520486,523574516,0.988692524,271030552357830582,5004,0.00013440,0.00000000
clustre_strong,uk-2002,3,4743188,0,3265.274,0,uk-2002.graph,18520486,523574516,0.988704890,271033942238099520,5292,0.00014051,0.00000000
clustre_strong,uk-2002,4,4241464,0,3700.427,0,uk-2002.graph,18520486,523574516,0.988723639,271039081975766006,5302,0.00014216,0.00000000
clustre_strong,uk-2002,5,3946492,0,3713.428,0,uk-2002.graph,18520486,523574516,0.988687364,271029137850047074,4841,0.00012931,0.00000000
cnm,adjnoun,1,176128,0,0.0454,0,adjnoun.graph,112,850,0.294696193,212918,7,0.26598103,0.01933215
cnm,adjnoun,2,176128,0,0.0417,0,adjnoun.graph,112,850,0.294696193,212918,7,0.26598103,0.01933215
cnm,adjnoun,3,176128,0,0.0417,0,adjnoun.graph,112,850,0.294696193,212918,7,0.26598103,0.01933215
cnm,adjnoun,4,176128,0,0.0417,0,adjnoun.graph,112,850,0.294696193,212918,7,0.26598103,0.01933215
cnm,adjnoun,5,176128,0,0.0416,0,adjnoun.graph,112,850,0.294696193,212918,7,0.26598103,0.01933215
combo,adjnoun,1,194560,0,0.0358,0,adjnoun.graph,112,850,0.311283044,224902,6,0.26020812,0.02106444
combo,adjnoun,2,194560,0,0.0323,0,adjnoun.graph,112,850,0.306906574,221740,5,0.23904772,0.01971144
combo,adjnoun,3,194560,0,0.0286,0,adjnoun.graph,112,850,0.308921799,223196,6,0.25344016,0.02065845
combo,adjnoun,4,194560,0,0.0246,0,adjnoun.graph,112,850,0.304578546,220058,6,0.25674632,0.02027331
combo,adjnoun,5,194560,0,0.0268,0,adjnoun.graph,112,850,0.299728719,216554,6,0.26100370,0.02100961
lim,adjnoun,1,410720,1
lim,adjnoun,2,415740,1
lim,adjnoun,3,414608,1
lim,adjnoun,4,409600,1
lim,adjnoun,5,411648,1
wt,adjnoun,1,20480,0,0.0273,0,adjnoun.graph,112,850,0.294696193,212918,7,0.26598103,0.01933215
wt,adjnoun,2,20480,0,0.0054,0,adjnoun.graph,112,850,0.294696193,212918,7,0.26598103,0.01933215
wt,adjnoun,3,20480,0,0.0051,0,adjnoun.graph,112,850,0.294696193,212918,7,0.26598103,0.01933215
wt,adjnoun,4,20480,0,0.0051,0,adjnoun.graph,112,850,0.294696193,212918,7,0.26598103,0.01933215
wt,adjnoun,5,20480,0,0.0050,0,adjnoun.graph,112,850,0.294696193,212918,7,0.26598103,0.01933215
cnm,celegans_metabolic,1,194560,0,0.3988,0,celegans_metabolic.graph,453,4050,0.401605486,6587334,10,0.20048739,0.00334226
cnm,celegans_metabolic,2,194560,0,0.3962,0,celegans_metabolic.graph,453,4050,0.401605486,6587334,10,0.20048739,0.00334226
cnm,celegans_metabolic,3,194560,0,0.3920,0,celegans_metabolic.graph,453,4050,0.401605486,6587334,10,0.20048739,0.00334226
cnm,celegans_metabolic,4,194560,0,0.3914,0,celegans_metabolic.graph,453,4050,0.401605486,6587334,10,0.20048739,0.00334226
cnm,celegans_metabolic,5,194560,0,0.3939,0,celegans_metabolic.graph,453,4050,0.401605486,6587334,10,0.20048739,0.00334226
combo,celegans_metabolic,1,194560,0,0.4258,0,celegans_metabolic.graph,453,4050,0.452073525,7415136,9,0.18023492,0.00389226
combo,celegans_metabolic,2,194560,0,0.5059,0,celegans_metabolic.graph,453,4050,0.452738667,7426046,10,0.18744327,0.00399571
combo,celegans_metabolic,3,194560,0,0.3592,0,celegans_metabolic.graph,453,4050,0.448226063,7352028,9,0.17360796,0.00356222
combo,celegans_metabolic,4,194560,0,0.3298,0,celegans_metabolic.graph,453,4050,0.452830483,7427552,9,0.17942479,0.00389184
combo,celegans_metabolic,5,194560,0,0.3312,0,celegans_metabolic.graph,453,4050,0.446404389,7322148,10,0.18552485,0.00386004
lim,celegans_metabolic,1,431488,1
lim,celegans_metabolic,2,430648,1
lim,celegans_metabolic,3,426224,1
lim,celegans_metabolic,4,429620,1
lim,celegans_metabolic,5,427892,1
wt,celegans_metabolic,1,20480,0,0.0091,0,celegans_metabolic.graph,453,4050,0.409789605,6721574,10,0.17460861,0.00319590
wt,celegans_metabolic,2,20480,0,0.0088,0,celegans_metabolic.graph,453,4050,0.409789605,6721574,10,0.17460861,0.00319590
wt,celegans_metabolic,3,20480,0,0.0086,0,celegans_metabolic.graph,453,4050,0.409789605,6721574,10,0.17460861,0.00319590
wt,celegans_metabolic,4,20480,0,0.0087,0,celegans_metabolic.graph,453,4050,0.409789605,6721574,10,0.17460861,0.00319590
wt,celegans_metabolic,5,20480,0,0.0087,0,celegans_metabolic.graph,453,4050,0.409789605,6721574,10,0.17460861,0.00319590
cnm,celegansneural,1,192512,0,0.2611,0,celegansneural.graph,297,4296,0.360234453,112068594,4,0.21609651,0.04247612
cnm,celegansneural,2,192512,0,0.2589,0,celegansneural.graph,297,4296,0.360234453,112068594,4,0.21609651,0.04247612
cnm,celegansneural,3,192512,0,0.2586,0,celegansneural.graph,297,4296,0.360234453,112068594,4,0.21609651,0.04247612
cnm,celegansneural,4,192512,0,0.2577,0,celegansneural.graph,297,4296,0.360234453,112068594,4,0.21609651,0.04247612
cnm,celegansneural,5,192512,0,0.2584,0,celegansneural.graph,297,4296,0.360234453,112068594,4,0.21609651,0.04247612
combo,celegansneural,1,196608,0,0.0711,0,celegansneural.graph,297,4296,0.503484594,156633576,6,0.16037383,0.03729616
combo,celegansneural,2,196608,0,0.0656,0,celegansneural.graph,297,4296,0.503484594,156633576,6,0.16037383,0.03729616
combo,celegansneural,3,196608,0,0.0672,0,celegansneural.graph,297,4296,0.503484594,156633576,6,0.16037383,0.03729616
combo,celegansneural,4,196608,0,0.0711,0,celegansneural.graph,297,4296,0.503484594,156633576,6,0.16037383,0.03729616
combo,celegansneural,5,196608,0,0.0663,0,celegansneural.graph,297,4296,0.503782403,156726224,5,0.13877687,0.03380873
lim,celegansneural,1,409600,1
lim,celegansneural,2,407552,1
lim,celegansneural,3,407552,1
lim,celegansneural,4,409600,1
lim,celegansneural,5,407552,1
wt,celegansneural,1,20480,0,0.0082,0,celegansneural.graph,297,4296,0.360648816,112197502,5,0.25983397,0.04522032
wt,celegansneural,2,20480,0,0.0079,0,celegansneural.graph,297,4296,0.360648816,112197502,5,0.25983397,0.04522032
wt,celegansneural,3,20480,0,0.0076,0,celegansneural.graph,297,4296,0.360648816,112197502,5,0.25983397,0.04522032
wt,celegansneural,4,20480,0,0.0078,0,celegansneural.graph,297,4296,0.360648816,112197502,5,0.25983397,0.04522032
wt,celegansneural,5,20480,0,0.0078,0,celegansneural.graph,297,4296,0.360648816,112197502,5,0.25983397,0.04522032
cnm,chesapeake,1,192512,0,0.0223,0,chesapeake.graph,39,340,0.248944636,28778,3,0.20757226,0.06961731
cnm,chesapeake,2,192512,0,0.0184,0,chesapeake.graph,39,340,0.248944636,28778,3,0.20757226,0.06961731
cnm,chesapeake,3,192512,0,0.0183,0,chesapeake.graph,39,340,0.248944636,28778,3,0.20757226,0.06961731
cnm,chesapeake,4,192512,0,0.0183,0,chesapeake.graph,39,340,0.248944636,28778,3,0.20757226,0.06961731
cnm,chesapeake,5,192512,0,0.0183,0,chesapeake.graph,39,340,0.248944636,28778,3,0.20757226,0.06961731
combo,chesapeake,1,192512,0,0.0161,0,chesapeake.graph,39,340,0.265795847,30726,3,0.19613899,0.06467902
combo,chesapeake,2,192512,0,0.0129,0,chesapeake.graph,39,340,0.265795847,30726,3,0.19613899,0.06467902
combo,chesapeake,3,192512,0,0.0127,0,chesapeake.graph,39,340,0.265795847,30726,3,0.19613899,0.06467902
combo,chesapeake,4,192512,0,0.0128,0,chesapeake.graph,39,340,0.265795847,30726,3,0.19613899,0.06467902
combo,chesapeake,5,192512,0,0.0127,0,chesapeake.graph,39,340,0.265795847,30726,3,0.19613899,0.06467902
lim,chesapeake,1,414672,1
lim,chesapeake,2,409284,1
lim,chesapeake,3,403112,1
lim,chesapeake,4,413064,1
lim,chesapeake,5,415744,1
wt,chesapeake,1,20480,0,0.0046,0,chesapeake.graph,39,340,0.253788927,29338,3,0.20641442,0.06862903
wt,chesapeake,2,20480,0,0.0045,0,chesapeake.graph,39,340,0.253788927,29338,3,0.20641442,0.06862903
wt,chesapeake,3,20480,0,0.0043,0,chesapeake.graph,39,340,0.253788927,29338,3,0.20641442,0.06862903
wt,chesapeake,4,20480,0,0.0044,0,chesapeake.graph,39,340,0.253788927,29338,3,0.20641442,0.06862903
wt,chesapeake,5,20480,0,0.0045,0,chesapeake.graph,39,340,0.253788927,29338,3,0.20641442,0.06862903
cnm,caidaRouterLevel,1,929752,0
cnm,caidaRouterLevel,2,929752,0
cnm,caidaRouterLevel,3,929752,0
cnm,caidaRouterLevel,4,929752,0
cnm,caidaRouterLevel,5,929752,0
combo,caidaRouterLevel,1,263989876,0
combo,caidaRouterLevel,2,263989876,0
combo,caidaRouterLevel,3,263989876,0
combo,caidaRouterLevel,4,263989876,0
combo,caidaRouterLevel,5,263989876,0
lim,caidaRouterLevel,1,144794756,1
lim,caidaRouterLevel,2,144785468,1
lim,caidaRouterLevel,3,144796716,1
lim,caidaRouterLevel,4,144795388,1
lim,caidaRouterLevel,5,144797476,1
wt,caidaRouterLevel,1,127260,0,175.4269,0,caidaRouterLevel.graph,192244,1218132,0.773875186,1148311267114,1419,0.05593815,0.00000088
wt,caidaRouterLevel,2,127260,0,174.7170,0,caidaRouterLevel.graph,192244,1218132,0.773875186,1148311267114,1419,0.05593815,0.00000088
wt,caidaRouterLevel,3,127260,0,178.4323,0,caidaRouterLevel.graph,192244,1218132,0.773875186,1148311267114,1419,0.05593815,0.00000088
wt,caidaRouterLevel,4,127260,0,176.4590,0,caidaRouterLevel.graph,192244,1218132,0.773875186,1148311267114,1419,0.05593815,0.00000088
wt,caidaRouterLevel,5,127260,0,178.5392,0,caidaRouterLevel.graph,192244,1218132,0.773875186,1148311267114,1419,0.05593815,0.00000088
cnm,cnr-2000,1,2797588,0
cnm,cnr-2000,2,2797588,0
cnm,cnr-2000,3,2797588,0
cnm,cnr-2000,4,2797588,0
cnm,cnr-2000,5,2797588,0
combo,cnr-2000,1,263981488,0
combo,cnr-2000,2,263981488,0
combo,cnr-2000,3,263981488,0
combo,cnr-2000,4,263981488,0
combo,cnr-2000,5,263981488,0
lim,cnr-2000,1,813056,1
lim,cnr-2000,2,815104,1
lim,cnr-2000,3,804864,1
lim,cnr-2000,4,815104,1
lim,cnr-2000,5,819200,1
wt,cnr-2000,1,463944,0,222.2355,0,cnr-2000.graph,325557,5477938,0.900489228,27021704945628,1108,0.01180096,0.00000013
wt,cnr-2000,2,463944,0,221.3332,0,cnr-2000.graph,325557,5477938,0.900489228,27021704945628,1108,0.01180096,0.00000013
wt,cnr-2000,3,463944,0,223.3509,0,cnr-2000.graph,325557,5477938,0.900489228,27021704945628,1108,0.01180096,0.00000013
wt,cnr-2000,4,463944,0,221.9898,0,cnr-2000.graph,325557,5477938,0.900489228,27021704945628,1108,0.01180096,0.00000013
wt,cnr-2000,5,463944,0,223.1987,0,cnr-2000.graph,325557,5477938,0.900489228,27021704945628,1108,0.01180096,0.00000013
cnm,astro-ph,1,266796,0,288.3576,0,astro-ph.graph,16706,242502,0.619166730,36411474138,506,0.01270412,0.00000458
cnm,astro-ph,2,266796,0,287.2209,0,astro-ph.graph,16706,242502,0.619166730,36411474138,506,0.01270412,0.00000458
cnm,astro-ph,3,266796,0,287.3817,0,astro-ph.graph,16706,242502,0.619166730,36411474138,506,0.01270412,0.00000458
cnm,astro-ph,4,266796,0,285.0950,0,astro-ph.graph,16706,242502,0.619166730,36411474138,506,0.01270412,0.00000458
cnm,astro-ph,5,266796,0,288.4645,0,astro-ph.graph,16706,242502,0.619166730,36411474138,506,0.01270412,0.00000458
combo,astro-ph,1,4539008,0,2687.0072,0,astro-ph.graph,16706,242502,0.734850739,43214529124,44,0.05880765,0.00005809
combo,astro-ph,2,4539008,0,2931.9732,0,astro-ph.graph,16706,242502,0.734071109,43168681244,48,0.05776306,0.00005720
combo,astro-ph,3,4539008,0,3422.7211,0,astro-ph.graph,16706,242502,0.734979088,43222076972,54,0.05642628,0.00005649
combo,astro-ph,4,4539008,0,3139.4759,0,astro-ph.graph,16706,242502,0.736003082,43282295180,50,0.05687323,0.00005424
combo,astro-ph,5,4539008,0,2749.6311,0,astro-ph.graph,16706,242502,0.736944913,43337681638,51,0.05915629,0.00005675
lim,astro-ph,1,6348976,0,2138.2332,569,astro-ph.graph,16706,242502,0.624859825,36746269248,9,0.09343020,0.00007552
lim,astro-ph,2,6360036,0,3600.2233,921,astro-ph.graph,16706,242502,0.601591971,35377951422,8,0.17809711,0.00014363
lim,astro-ph,3,6347584,0,2171.2695,553,astro-ph.graph,16706,242502,0.631986080,37165344448,8,0.09082459,0.00007675
lim,astro-ph,4,6336060,0,2714.8801,698,astro-ph.graph,16706,242502,0.589599850,34672728138,9,0.18269658,0.00011697
lim,astro-ph,5,6346820,0,3601.8703,931,astro-ph.graph,16706,242502,0.623164186,36646553432,8,0.07243957,0.00008027
wt,astro-ph,1,40960,0,2.9535,0,astro-ph.graph,16706,242502,0.623949881,36692757980,503,0.01246511,0.00000414
wt,astro-ph,2,40960,0,2.8785,0,astro-ph.graph,16706,242502,0.623949881,36692757980,503,0.01246511,0.00000414
wt,astro-ph,3,40960,0,2.8960,0,astro-ph.graph,16706,242502,0.623949881,36692757980,503,0.01246511,0.00000414
wt,astro-ph,4,40960,0,2.8967,0,astro-ph.graph,16706,242502,0.623949881,36692757980,503,0.01246511,0.00000414
wt,astro-ph,5,40960,0,2.8902,0,astro-ph.graph,16706,242502,0.623949881,36692757980,503,0.01246511,0.00000414
cnm,as-22july06,1,222932,0,222.7113,0,as-22july06.graph,22963,96872,0.630776634,5919324246,43,0.10064744,0.00001361
cnm,as-22july06,2,222932,0,222.5103,0,as-22july06.graph,22963,96872,0.630776634,5919324246,43,0.10064744,0.00001361
cnm,as-22july06,3,222932,0,220.8803,0,as-22july06.graph,22963,96872,0.630776634,5919324246,43,0.10064744,0.00001361
cnm,as-22july06,4,222932,0,222.5808,0,as-22july06.graph,22963,96872,0.630776634,5919324246,43,0.10064744,0.00001361
cnm,as-22july06,5,222932,0,222.0787,0,as-22july06.graph,22963,96872,0.630776634,5919324246,43,0.10064744,0.00001361
combo,as-22july06,1,8402708,0
combo,as-22july06,2,8402708,0
combo,as-22july06,3,8402708,0
combo,as-22july06,4,8402708,0
combo,as-22july06,5,8402708,0
lim,as-22july06,1,11239612,0,3139.8703,473,as-22july06.graph,22963,96872,0.415253760,3896817856,2,0.04433688,0.00001480
lim,as-22july06,2,11258276,0,2331.7664,352,as-22july06.graph,22963,96872,0.407112036,3820414414,2,0.04867423,0.00001574
lim,as-22july06,3,11245724,0,2752.7925,421,as-22july06.graph,22963,96872,0.405812343,3808217854,2,0.04881983,0.00001535
lim,as-22july06,4,11251092,0,3604.5983,551,as-22july06.graph,22963,96872,0.410263887,3849991968,2,0.04529907,0.00001650
lim,as-22july06,5,11269712,0,3373.6689,533,as-22july06.graph,22963,96872,0.414105062,3886038264,2,0.04492948,0.00001522
wt,as-22july06,1,28672,0,1.9081,0,as-22july06.graph,22963,96872,0.626151868,5875924586,57,0.13272929,0.00001528
wt,as-22july06,2,28672,0,1.9084,0,as-22july06.graph,22963,96872,0.626151868,5875924586,57,0.13272929,0.00001528
wt,as-22july06,3,28672,0,1.9084,0,as-22july06.graph,22963,96872,0.626151868,5875924586,57,0.13272929,0.00001528
wt,as-22july06,4,28672,0,1.9062,0,as-22july06.graph,22963,96872,0.626151868,5875924586,57,0.13272929,0.00001528
wt,as-22july06,5,28672,0,1.9058,0,as-22july06.graph,22963,96872,0.626151868,5875924586,57,0.13272929,0.00001528
cnm,dolphins,1,194560,0,0.0234,0,dolphins.graph,62,318,0.495490684,50106,4,0.15815912,0.01482465
cnm,dolphins,2,194560,0,0.0200,0,dolphins.graph,62,318,0.495490684,50106,4,0.15815912,0.01482465
cnm,dolphins,3,194560,0,0.0198,0,dolphins.graph,62,318,0.495490684,50106,4,0.15815912,0.01482465
cnm,dolphins,4,194560,0,0.0199,0,dolphins.graph,62,318,0.495490684,50106,4,0.15815912,0.01482465
cnm,dolphins,5,194560,0,0.0198,0,dolphins.graph,62,318,0.495490684,50106,4,0.15815912,0.01482465
combo,dolphins,1,186368,0,0.0177,0,dolphins.graph,62,318,0.526798781,53272,4,0.10974154,0.01197970
combo,dolphins,2,186368,0,0.0136,0,dolphins.graph,62,318,0.526798781,53272,4,0.10974154,0.01197970
combo,dolphins,3,186368,0,0.0135,0,dolphins.graph,62,318,0.526798781,53272,4,0.10974154,0.01197970
combo,dolphins,4,186368,0,0.0136,0,dolphins.graph,62,318,0.526798781,53272,4,0.10974154,0.01197970
combo,dolphins,5,186368,0,0.0132,0,dolphins.graph,62,318,0.526462560,53238,4,0.10941352,0.01210832
lim,dolphins,1,417576,1
lim,dolphins,2,416428,1
lim,dolphins,3,413452,1
lim,dolphins,4,413104,1
lim,dolphins,5,416336,1
wt,dolphins,1,20480,0,0.0046,0,dolphins.graph,62,318,0.495490684,50106,4,0.15815912,0.01482465
wt,dolphins,2,20480,0,0.0046,0,dolphins.graph,62,318,0.495490684,50106,4,0.15815912,0.01482465
wt,dolphins,3,20480,0,0.0045,0,dolphins.graph,62,318,0.495490684,50106,4,0.15815912,0.01482465
wt,dolphins,4,20480,0,0.0044,0,dolphins.graph,62,318,0.495490684,50106,4,0.15815912,0.01482465
wt,dolphins,5,20480,0,0.0043,0,dolphins.graph,62,318,0.495490684,50106,4,0.15815912,0.01482465
cnm,email,1,196608,0,1.5733,0,email.graph,1133,10902,0.503389060,59829604,11,0.19146012,0.00121860
cnm,email,2,196608,0,1.5707,0,email.graph,1133,10902,0.503389060,59829604,11,0.19146012,0.00121860
cnm,email,3,196608,0,1.5597,0,email.graph,1133,10902,0.503389060,59829604,11,0.19146012,0.00121860
cnm,email,4,196608,0,1.5654,0,email.graph,1133,10902,0.503389060,59829604,11,0.19146012,0.00121860
cnm,email,5,196608,0,1.5426,0,email.graph,1133,10902,0.503389060,59829604,11,0.19146012,0.00121860
combo,email,1,192512,0,2.4292,0,email.graph,1133,10902,0.580769767,69026580,10,0.15826064,0.00146480
combo,email,2,192512,0,2.9667,0,email.graph,1133,10902,0.581965137,69168654,11,0.16536565,0.00150262
combo,email,3,192512,0,2.9503,0,email.graph,1133,10902,0.582571278,69240696,11,0.16280397,0.00145257
combo,email,4,192512,0,2.0708,0,email.graph,1133,10902,0.581787978,69147598,11,0.16182029,0.00140180
combo,email,5,192512,0,2.2967,0,email.graph,1133,10902,0.582016360,69174742,10,0.15249719,0.00138032
lim,email,1,485880,1
lim,email,2,476004,1
lim,email,3,475140,1
lim,email,4,475324,1
lim,email,5,470988,1
wt,email,1,20480,0,0.0215,0,email.graph,1133,10902,0.494228748,58740868,16,0.19990394,0.00080207
wt,email,2,20480,0,0.0215,0,email.graph,1133,10902,0.494228748,58740868,16,0.19990394,0.00080207
wt,email,3,20480,0,0.0211,0,email.graph,1133,10902,0.494228748,58740868,16,0.19990394,0.00080207
wt,email,4,20480,0,0.0211,0,email.graph,1133,10902,0.494228748,58740868,16,0.19990394,0.00080207
wt,email,5,20480,0,0.0213,0,email.graph,1133,10902,0.494228748,58740868,16,0.19990394,0.00080207
cnm,cond-mat,1,204388,0,68.7606,0,cond-mat.graph,16726,95188,0.780142509,7068680414,885,0.00699180,0.00000186
cnm,cond-mat,2,204388,0,66.9867,0,cond-mat.graph,16726,95188,0.780142509,7068680414,885,0.00699180,0.00000186
cnm,cond-mat,3,204388,0,67.0581,0,cond-mat.graph,16726,95188,0.780142509,7068680414,885,0.00699180,0.00000186
cnm,cond-mat,4,204388,0,66.9622,0,cond-mat.graph,16726,95188,0.780142509,7068680414,885,0.00699180,0.00000186
cnm,cond-mat,5,204388,0,67.7478,0,cond-mat.graph,16726,95188,0.780142509,7068680414,885,0.00699180,0.00000186
combo,cond-mat,1,4529588,0,2381.5920,0,cond-mat.graph,16726,95188,0.841599337,7625525696,108,0.03187452,0.00001159
combo,cond-mat,2,4529588,0,2409.6281,0,cond-mat.graph,16726,95188,0.843624455,7643874796,100,0.03421251,0.00001241
combo,cond-mat,3,4529588,0,2392.8719,0,cond-mat.graph,16726,95188,0.841403783,7623753828,99,0.03226771,0.00001179
combo,cond-mat,4,4529588,0,2277.3200,0,cond-mat.graph,16726,95188,0.842149623,7630511698,105,0.03157353,0.00001167
combo,cond-mat,5,4529588,0,2418.7874,0,cond-mat.graph,16726,95188,0.839466611,7606201584,101,0.03030351,0.00001128
lim,cond-mat,1,6306072,0,3600.8107,963,cond-mat.graph,16726,95188,0.695268522,6299657980,9,0.08486105,0.00002950
lim,cond-mat,2,6296160,0,3602.3609,945,cond-mat.graph,16726,95188,0.667622312,6049162432,7,0.08373187,0.00003133
lim,cond-mat,3,6292752,0,2171.1828,560,cond-mat.graph,16726,95188,0.682738966,6186130736,6,0.04851281,0.00001908
lim,cond-mat,4,6302716,0,2799.4823,721,cond-mat.graph,16726,95188,0.638983557,5789673686,7,0.13976679,0.00003832
lim,cond-mat,5,6291884,0,2177.5336,561,cond-mat.graph,16726,95188,0.627347651,5684243588,5,0.06934723,0.00002912
wt,cond-mat,1,28672,0,0.6681,0,cond-mat.graph,16726,95188,0.777241565,7042395664,900,0.00733598,0.00000185
wt,cond-mat,2,28672,0,0.6722,0,cond-mat.graph,16726,95188,0.777241565,7042395664,900,0.00733598,0.00000185
wt,cond-mat,3,28672,0,0.6733,0,cond-mat.graph,16726,95188,0.777241565,7042395664,900,0.00733598,0.00000185
wt,cond-mat,4,28672,0,0.6711,0,cond-mat.graph,16726,95188,0.777241565,7042395664,900,0.00733598,0.00000185
wt,cond-mat,5,28672,0,0.6756,0,cond-mat.graph,16726,95188,0.777241565,7042395664,900,0.00733598,0.00000185
cnm,football,1,186368,0,0.0503,0,football.graph,115,1226,0.549740665,826302,6,0.13893528,0.01551795
cnm,football,2,186368,0,0.0472,0,football.graph,115,1226,0.549740665,826302,6,0.13893528,0.01551795
cnm,football,3,186368,0,0.0463,0,football.graph,115,1226,0.549740665,826302,6,0.13893528,0.01551795
cnm,football,4,186368,0,0.0460,0,football.graph,115,1226,0.549740665,826302,6,0.13893528,0.01551795
cnm,football,5,186368,0,0.0455,0,football.graph,115,1226,0.549740665,826302,6,0.13893528,0.01551795
combo,football,1,192512,0,0.0248,0,football.graph,115,1226,0.604569562,908714,10,0.14704979,0.01523999
combo,football,2,192512,0,0.0227,0,football.graph,115,1226,0.604569562,908714,10,0.14704979,0.01523999
combo,football,3,192512,0,0.0215,0,football.graph,115,1226,0.604569562,908714,10,0.14704979,0.01523999
combo,football,4,192512,0,0.0219,0,football.graph,115,1226,0.604569562,908714,10,0.14704979,0.01523999
combo,football,5,192512,0,0.0208,0,football.graph,115,1226,0.604569562,908714,10,0.14704979,0.01523999
lim,football,1,408348,1
lim,football,2,411600,1
lim,football,3,409600,1
lim,football,4,400412,1
lim,football,5,411648,1
wt,football,1,20480,0,0.0054,0,football.graph,115,1226,0.549740665,826302,6,0.13893528,0.01551795
wt,football,2,20480,0,0.0046,0,football.graph,115,1226,0.549740665,826302,6,0.13893528,0.01551795
wt,football,3,20480,0,0.0044,0,football.graph,115,1226,0.549740665,826302,6,0.13893528,0.01551795
wt,football,4,20480,0,0.0044,0,football.graph,115,1226,0.549740665,826302,6,0.13893528,0.01551795
wt,football,5,20480,0,0.0043,0,football.graph,115,1226,0.549740665,826302,6,0.13893528,0.01551795
cnm,cond-mat-2003,1,288512,0,668.3421,0,cond-mat-2003.graph,31163,240058,0.676885387,39007445086,1261,0.01765219,0.00000233
cnm,cond-mat-2003,2,288512,0,654.1167,0,cond-mat-2003.graph,31163,240058,0.676885387,39007445086,1261,0.01765219,0.00000233
cnm,cond-mat-2003,3,288512,0,672.4525,0,cond-mat-2003.graph,31163,240058,0.676885387,39007445086,1261,0.01765219,0.00000233
cnm,cond-mat-2003,4,288512,0,659.0042,0,cond-mat-2003.graph,31163,240058,0.676885387,39007445086,1261,0.01765219,0.00000233
cnm,cond-mat-2003,5,288512,0,663.8078,0,cond-mat-2003.graph,31163,240058,0.676885387,39007445086,1261,0.01765219,0.00000233
combo,cond-mat-2003,1,15359764,0
combo,cond-mat-2003,2,15359764,0
combo,cond-mat-2003,3,15359764,0
combo,cond-mat-2003,4,15359764,0
combo,cond-mat-2003,5,15359764,0
lim,cond-mat-2003,1,20183524,0,3605.6982,281,cond-mat-2003.graph,31163,240058,0.583245211,33611163704,5,0.07359506,0.00001923
lim,cond-mat-2003,2,20182340,0,3609.4476,272,cond-mat-2003.graph,31163,240058,0.560673598,32310410330,5,0.09465800,0.00002578
lim,cond-mat-2003,3,20166492,0,3600.4703,270,cond-mat-2003.graph,31163,240058,0.560717051,32312914428,4,0.07785358,0.00002253
lim,cond-mat-2003,4,20172264,0,3605.8191,269,cond-mat-2003.graph,31163,240058,0.586482658,33797730806,6,0.15691736,0.00002904
lim,cond-mat-2003,5,20168032,0,3611.7458,274,cond-mat-2003.graph,31163,240058,0.566552343,32649189732,6,0.22082234,0.00004858
wt,cond-mat-2003,1,40960,0,4.9691,0,cond-mat-2003.graph,31163,240058,0.678796784,39117594792,1207,0.01380296,0.00000205
wt,cond-mat-2003,2,40960,0,4.9669,0,cond-mat-2003.graph,31163,240058,0.678796784,39117594792,1207,0.01380296,0.00000205
wt,cond-mat-2003,3,40960,0,4.9557,0,cond-mat-2003.graph,31163,240058,0.678796784,39117594792,1207,0.01380296,0.00000205
wt,cond-mat-2003,4,40960,0,4.9719,0,cond-mat-2003.graph,31163,240058,0.678796784,39117594792,1207,0.01380296,0.00000205
wt,cond-mat-2003,5,40960,0,4.9509,0,cond-mat-2003.graph,31163,240058,0.678796784,39117594792,1207,0.01380296,0.00000205
cnm,cond-mat-2005,1,344076,0,1391.2756,0,cond-mat-2005.graph,40421,351382,0.651984595,80500088114,1437,0.02083834,0.00000235
cnm,cond-mat-2005,2,344076,0,1381.6938,0,cond-mat-2005.graph,40421,351382,0.651984595,80500088114,1437,0.02083834,0.00000235
cnm,cond-mat-2005,3,344076,0,1362.2767,0,cond-mat-2005.graph,40421,351382,0.651984595,80500088114,1437,0.02083834,0.00000235
cnm,cond-mat-2005,4,344076,0,1374.2789,0,cond-mat-2005.graph,40421,351382,0.651984595,80500088114,1437,0.02083834,0.00000235
cnm,cond-mat-2005,5,344076,0,1389.9742,0,cond-mat-2005.graph,40421,351382,0.651984595,80500088114,1437,0.02083834,0.00000235
combo,cond-mat-2005,1,25732772,0
combo,cond-mat-2005,2,25732772,0
combo,cond-mat-2005,3,25732772,0
combo,cond-mat-2005,4,25732772,0
combo,cond-mat-2005,5,25732772,0
lim,cond-mat-2005,1,33339708,0,3606.1123,173,cond-mat-2005.graph,40421,351382,0.507926814,62713373258,4,0.06712876,0.00001584
lim,cond-mat-2005,2,33344672,0,3612.7471,173,cond-mat-2005.graph,40421,351382,0.509811469,62946070366,6,0.27452839,0.00003924
lim,cond-mat-2005,3,33344856,0,3609.2115,171,cond-mat-2005.graph,40421,351382,0.505087826,62362845334,4,0.15696694,0.00002325
lim,cond-mat-2005,4,33339112,0,3615.5332,175,cond-mat-2005.graph,40421,351382,0.531315533,65601162294,5,0.08417917,0.00002034
lim,cond-mat-2005,5,33349500,0,3613.8546,178,cond-mat-2005.graph,40421,351382,0.520483192,64263700568,5,0.22150937,0.00003150
wt,cond-mat-2005,1,49152,0,11.1899,0,cond-mat-2005.graph,40421,351382,0.653702164,80712155134,1442,0.02121518,0.00000237
wt,cond-mat-2005,2,49152,0,11.2059,0,cond-mat-2005.graph,40421,351382,0.653702164,80712155134,1442,0.02121518,0.00000237
wt,cond-mat-2005,3,49152,0,11.2530,0,cond-mat-2005.graph,40421,351382,0.653702164,80712155134,1442,0.02121518,0.00000237
wt,cond-mat-2005,4,49152,0,11.1970,0,cond-mat-2005.graph,40421,351382,0.653702164,80712155134,1442,0.02121518,0.00000237
wt,cond-mat-2005,5,49152,0,11.4401,0,cond-mat-2005.graph,40421,351382,0.653702164,80712155134,1442,0.02121518,0.00000237
cnm,hep-th,1,195652,0,9.0100,0,hep-th.graph,8361,31502,0.810178828,804002028,667,0.00337661,0.00000131
cnm,hep-th,2,195652,0,8.8757,0,hep-th.graph,8361,31502,0.810178828,804002028,667,0.00337661,0.00000131
cnm,hep-th,3,195652,0,8.7785,0,hep-th.graph,8361,31502,0.810178828,804002028,667,0.00337661,0.00000131
cnm,hep-th,4,195652,0,8.8033,0,hep-th.graph,8361,31502,0.810178828,804002028,667,0.00337661,0.00000131
cnm,hep-th,5,195652,0,8.8160,0,hep-th.graph,8361,31502,0.810178828,804002028,667,0.00337661,0.00000131
combo,hep-th,1,1238532,0,412.1139,0,hep-th.graph,8361,31502,0.854678197,848162134,148,0.01502143,0.00000763
combo,hep-th,2,1238532,0,450.6928,0,hep-th.graph,8361,31502,0.854787413,848270518,146,0.01598723,0.00000798
combo,hep-th,3,1238532,0,396.4661,0,hep-th.graph,8361,31502,0.853987807,847477008,149,0.01748391,0.00000898
combo,hep-th,4,1238532,0,417.5528,0,hep-th.graph,8361,31502,0.854293441,847780312,146,0.01695133,0.00000874
combo,hep-th,5,1238532,0,400.1414,0,hep-th.graph,8361,31502,0.853971519,847460844,143,0.01472134,0.00000780
lim,hep-th,1,2058212,0,417.4465,425,hep-th.graph,8361,31502,0.656741994,651734996,7,0.06877261,0.00003942
lim,hep-th,2,2047620,0,581.4514,586,hep-th.graph,8361,31502,0.694248727,688955778,11,0.14623178,0.00006223
lim,hep-th,3,2056348,0,900.5553,1000,hep-th.graph,8361,31502,0.703407199,698044426,8,0.07767470,0.00004061
lim,hep-th,4,2059340,0,923.0317,977,hep-th.graph,8361,31502,0.707304345,701911860,8,0.07326778,0.00003869
lim,hep-th,5,2075524,0,537.9100,584,hep-th.graph,8361,31502,0.659010932,653986636,10,0.15790086,0.00004810
wt,hep-th,1,22528,0,0.1063,0,hep-th.graph,8361,31502,0.811409782,805223598,662,0.00313897,0.00000122
wt,hep-th,2,22528,0,0.1079,0,hep-th.graph,8361,31502,0.811409782,805223598,662,0.00313897,0.00000122
wt,hep-th,3,22528,0,0.1053,0,hep-th.graph,8361,31502,0.811409782,805223598,662,0.00313897,0.00000122
wt,hep-th,4,22528,0,0.1068,0,hep-th.graph,8361,31502,0.811409782,805223598,662,0.00313897,0.00000122
wt,hep-th,5,22528,0,0.1066,0,hep-th.graph,8361,31502,0.811409782,805223598,662,0.00313897,0.00000122
cnm,jazz,1,194560,0,0.1622,0,jazz.graph,198,5484,0.438907815,13199826,4,0.18317947,0.02358725
cnm,jazz,2,194560,0,0.1582,0,jazz.graph,198,5484,0.438907815,13199826,4,0.18317947,0.02358725
cnm,jazz,3,194560,0,0.1577,0,jazz.graph,198,5484,0.438907815,13199826,4,0.18317947,0.02358725
cnm,jazz,4,194560,0,0.1586,0,jazz.graph,198,5484,0.438907815,13199826,4,0.18317947,0.02358725
cnm,jazz,5,194560,0,0.1573,0,jazz.graph,198,5484,0.438907815,13199826,4,0.18317947,0.02358725
combo,jazz,1,194560,0,0.0289,0,jazz.graph,198,5484,0.444469382,13367086,3,0.10127777,0.02192638
combo,jazz,2,194560,0,0.0252,0,jazz.graph,198,5484,0.444469382,13367086,3,0.10127777,0.02192638
combo,jazz,3,194560,0,0.0261,0,jazz.graph,198,5484,0.444469382,13367086,3,0.10127777,0.02192638
combo,jazz,4,194560,0,0.0254,0,jazz.graph,198,5484,0.444469382,13367086,3,0.10127777,0.02192638
combo,jazz,5,194560,0,0.0257,0,jazz.graph,198,5484,0.444469382,13367086,3,0.10127777,0.02192638
lim,jazz,1,427204,1
lim,jazz,2,425240,1
lim,jazz,3,424884,1
lim,jazz,4,422084,1
lim,jazz,5,424316,1
wt,jazz,1,20480,0,0.0071,0,jazz.graph,198,5484,0.438907815,13199826,4,0.18317947,0.02358725
wt,jazz,2,20480,0,0.0066,0,jazz.graph,198,5484,0.438907815,13199826,4,0.18317947,0.02358725
wt,jazz,3,20480,0,0.0067,0,jazz.graph,198,5484,0.438907815,13199826,4,0.18317947,0.02358725
wt,jazz,4,20480,0,0.0066,0,jazz.graph,198,5484,0.438907815,13199826,4,0.18317947,0.02358725
wt,jazz,5,20480,0,0.0067,0,jazz.graph,198,5484,0.438907815,13199826,4,0.18317947,0.02358725
cnm,karate,1,190464,0,0.0194,0,karate.graph,34,156,0.380670611,9264,3,0.14041514,0.02723425
cnm,karate,2,190464,0,0.0157,0,karate.graph,34,156,0.380670611,9264,3,0.14041514,0.02723425
cnm,karate,3,190464,0,0.0157,0,karate.graph,34,156,0.380670611,9264,3,0.14041514,0.02723425
cnm,karate,4,190464,0,0.0155,0,karate.graph,34,156,0.380670611,9264,3,0.14041514,0.02723425
cnm,karate,5,190464,0,0.0156,0,karate.graph,34,156,0.380670611,9264,3,0.14041514,0.02723425
combo,karate,1,192512,0,0.0159,0,karate.graph,34,156,0.419789612,10216,4,0.14375000,0.02443454
combo,karate,2,192512,0,0.0127,0,karate.graph,34,156,0.419789612,10216,4,0.14375000,0.02443454
combo,karate,3,192512,0,0.0126,0,karate.graph,34,156,0.419789612,10216,4,0.14375000,0.02443454
combo,karate,4,192512,0,0.0126,0,karate.graph,34,156,0.419789612,10216,4,0.14375000,0.02443454
combo,karate,5,192512,0,0.0125,0,karate.graph,34,156,0.419789612,10216,4,0.14375000,0.02443454
lim,karate,1,414900,1
lim,karate,2,415668,1
lim,karate,3,413088,1
lim,karate,4,413128,1
lim,karate,5,412796,1
wt,karate,1,20480,0,0.0046,0,karate.graph,34,156,0.380670611,9264,3,0.14041514,0.02723425
wt,karate,2,20480,0,0.0044,0,karate.graph,34,156,0.380670611,9264,3,0.14041514,0.02723425
wt,karate,3,20480,0,0.0044,0,karate.graph,34,156,0.380670611,9264,3,0.14041514,0.02723425
wt,karate,4,20480,0,0.0042,0,karate.graph,34,156,0.380670611,9264,3,0.14041514,0.02723425
wt,karate,5,20480,0,0.0041,0,karate.graph,34,156,0.380670611,9264,3,0.14041514,0.02723425
cnm,lesmis,1,192512,0,0.0303,0,lesmis.graph,77,508,0.472942444,1272026,5,0.16331213,0.05419438
cnm,lesmis,2,192512,0,0.0264,0,lesmis.graph,77,508,0.472942444,1272026,5,0.16331213,0.05419438
cnm,lesmis,3,192512,0,0.0262,0,lesmis.graph,77,508,0.472942444,1272026,5,0.16331213,0.05419438
cnm,lesmis,4,192512,0,0.0264,0,lesmis.graph,77,508,0.472942444,1272026,5,0.16331213,0.05419438
cnm,lesmis,5,192512,0,0.0262,0,lesmis.graph,77,508,0.472942444,1272026,5,0.16331213,0.05419438
combo,lesmis,1,194560,0,0.0198,0,lesmis.graph,77,508,0.566687983,1524164,6,0.09526807,0.02856357
combo,lesmis,2,194560,0,0.0161,0,lesmis.graph,77,508,0.566687983,1524164,6,0.09526807,0.02856357
combo,lesmis,3,194560,0,0.0150,0,lesmis.graph,77,508,0.566687983,1524164,6,0.09526807,0.02856357
combo,lesmis,4,194560,0,0.0161,0,lesmis.graph,77,508,0.566687983,1524164,6,0.09526807,0.02856357
combo,lesmis,5,194560,0,0.0161,0,lesmis.graph,77,508,0.566687983,1524164,6,0.09526807,0.02856357
lim,lesmis,1,415716,1
lim,lesmis,2,416600,1
lim,lesmis,3,415744,1
lim,lesmis,4,415744,1
lim,lesmis,5,415028,1
wt,lesmis,1,20480,0,0.0048,0,lesmis.graph,77,508,0.472942444,1272026,5,0.16331213,0.05419438
wt,lesmis,2,20480,0,0.0048,0,lesmis.graph,77,508,0.472942444,1272026,5,0.16331213,0.05419438
wt,lesmis,3,20480,0,0.0048,0,lesmis.graph,77,508,0.472942444,1272026,5,0.16331213,0.05419438
wt,lesmis,4,20480,0,0.0046,0,lesmis.graph,77,508,0.472942444,1272026,5,0.16331213,0.05419438
wt,lesmis,5,20480,0,0.0045,0,lesmis.graph,77,508,0.472942444,1272026,5,0.16331213,0.05419438
cnm,netscience,1,194560,0,0.1651,0,netscience.graph,1589,5484,0.955133320,28724924,276,0.00043455,0.00000122
cnm,netscience,2,194560,0,0.1611,0,netscience.graph,1589,5484,0.955133320,28724924,276,0.00043455,0.00000122
cnm,netscience,3,194560,0,0.1622,0,netscience.graph,1589,5484,0.955133320,28724924,276,0.00043455,0.00000122
cnm,netscience,4,194560,0,0.1621,0,netscience.graph,1589,5484,0.955133320,28724924,276,0.00043455,0.00000122
cnm,netscience,5,194560,0,0.1607,0,netscience.graph,1589,5484,0.955133320,28724924,276,0.00043455,0.00000122
combo,netscience,1,192512,0,6.5990,0,netscience.graph,1589,5484,0.959876846,28867582,221,0.00100375,0.00000284
combo,netscience,2,192512,0,7.0015,0,netscience.graph,1589,5484,0.959203512,28847332,225,0.00101432,0.00000284
combo,netscience,3,192512,0,6.7554,0,netscience.graph,1589,5484,0.959644953,28860608,217,0.00092252,0.00000260
combo,netscience,4,192512,0,6.7589,0,netscience.graph,1589,5484,0.959834617,28866312,217,0.00091808,0.00000261
combo,netscience,5,192512,0,7.0166,0,netscience.graph,1589,5484,0.959690640,28861982,221,0.00100810,0.00000270
lim,netscience,1,512236,0,17.0976,275,netscience.graph,1589,5484,0.886389874,26657516,16,0.00252753,0.00000755
lim,netscience,2,512676,0,17.8693,276,netscience.graph,1589,5484,0.873550654,26271386,16,0.00375821,0.00001039
lim,netscience,3,512604,0,18.4445,284,netscience.graph,1589,5484,0.859183282,25839298,16,0.00678480,0.00001837
lim,netscience,4,513148,0,35.1874,476,netscience.graph,1589,5484,0.872934978,26252870,16,0.00226901,0.00000658
lim,netscience,5,511488,0,27.2250,383,netscience.graph,1589,5484,0.869228086,26141388,16,0.00361943,0.00001083
wt,netscience,1,20480,0,0.0093,0,netscience.graph,1589,5484,0.955100202,28723928,275,0.00033159,0.00000102
wt,netscience,2,20480,0,0.0090,0,netscience.graph,1589,5484,0.955100202,28723928,275,0.00033159,0.00000102
wt,netscience,3,20480,0,0.0091,0,netscience.graph,1589,5484,0.955100202,28723928,275,0.00033159,0.00000102
wt,netscience,4,20480,0,0.0090,0,netscience.graph,1589,5484,0.955100202,28723928,275,0.00033159,0.00000102
wt,netscience,5,20480,0,0.0087,0,netscience.graph,1589,5484,0.955100202,28723928,275,0.00033159,0.00000102
cnm,eu-2005,1,14858528,0
cnm,eu-2005,2,14858528,0
cnm,eu-2005,3,14858528,0
cnm,eu-2005,4,14858528,0
cnm,eu-2005,5,14858528,0
combo,eu-2005,1,263907976,0
combo,eu-2005,2,263907976,0
combo,eu-2005,3,263907976,0
combo,eu-2005,4,263907976,0
combo,eu-2005,5,263907976,0
lim,eu-2005,1,2828288,1
lim,eu-2005,2,2822144,1
lim,eu-2005,3,2830336,1
lim,eu-2005,4,2824192,1
lim,eu-2005,5,2822040,1
wt,eu-2005,1,2593140,0
wt,eu-2005,2,2593140,0
wt,eu-2005,3,2593140,0
wt,eu-2005,4,2593140,0
wt,eu-2005,5,2593140,0
cnm,polblogs,1,196608,0,4.6833,0,polblogs.graph,1490,33430,0.426928510,477120318,11,0.00736190,0.00002391
cnm,polblogs,2,196608,0,4.6035,0,polblogs.graph,1490,33430,0.426928510,477120318,11,0.00736190,0.00002391
cnm,polblogs,3,196608,0,4.6029,0,polblogs.graph,1490,33430,0.426928510,477120318,11,0.00736190,0.00002391
cnm,polblogs,4,196608,0,4.6269,0,polblogs.graph,1490,33430,0.426928510,477120318,11,0.00736190,0.00002391
cnm,polblogs,5,196608,0,4.6185,0,polblogs.graph,1490,33430,0.426928510,477120318,11,0.00736190,0.00002391
combo,polblogs,1,198656,0,1.0949,0,polblogs.graph,1490,33430,0.427095698,477307162,6,0.20241162,0.00050159
combo,polblogs,2,198656,0,0.2302,0,polblogs.graph,1490,33430,0.425690604,475736878,2,0.03855935,0.00109675
combo,polblogs,3,198656,0,0.2278,0,polblogs.graph,1490,33430,0.425683539,475728982,2,0.03856425,0.00109476
combo,polblogs,4,198656,0,2.0737,0,polblogs.graph,1490,33430,0.427095355,477306778,5,0.17885886,0.00056373
combo,polblogs,5,198656,0,0.2272,0,polblogs.graph,1490,33430,0.425690604,475736878,2,0.03855935,0.00109516
lim,polblogs,1,586000,0,61.0524,578,polblogs.graph,1490,33430,0.422558895,472236990,2,0.03991898,0.00117605
lim,polblogs,2,588116,0,30.6646,313,polblogs.graph,1490,33430,0.424985394,474948760,2,0.03880503,0.00111190
lim,polblogs,3,588488,0,45.4923,497,polblogs.graph,1490,33430,0.422736225,472435168,2,0.03988497,0.00121264
lim,polblogs,4,586084,0,53.2629,551,polblogs.graph,1490,33430,0.424991221,474955272,2,0.03880015,0.00117197
lim,polblogs,5,591564,0,44.6803,497,polblogs.graph,1490,33430,0.422558895,472236990,2,0.03991898,0.00121277
wt,polblogs,1,22528,0,0.0410,0,polblogs.graph,1490,33430,0.426928510,477120318,11,0.00736190,0.00002391
wt,polblogs,2,22528,0,0.0409,0,polblogs.graph,1490,33430,0.426928510,477120318,11,0.00736190,0.00002391
wt,polblogs,3,22528,0,0.0405,0,polblogs.graph,1490,33430,0.426928510,477120318,11,0.00736190,0.00002391
wt,polblogs,4,22528,0,0.0404,0,polblogs.graph,1490,33430,0.426928510,477120318,11,0.00736190,0.00002391
wt,polblogs,5,22528,0,0.0409,0,polblogs.graph,1490,33430,0.426928510,477120318,11,0.00736190,0.00002391
cnm,polbooks,1,186368,0,0.0443,0,polbooks.graph,105,882,0.501974485,390498,4,0.12745572,0.00851008
cnm,polbooks,2,186368,0,0.0402,0,polbooks.graph,105,882,0.501974485,390498,4,0.12745572,0.00851008
cnm,polbooks,3,186368,0,0.0407,0,polbooks.graph,105,882,0.501974485,390498,4,0.12745572,0.00851008
cnm,polbooks,4,186368,0,0.0400,0,polbooks.graph,105,882,0.501974485,390498,4,0.12745572,0.00851008
cnm,polbooks,5,186368,0,0.0404,0,polbooks.graph,105,882,0.501974485,390498,4,0.12745572,0.00851008
combo,polbooks,1,192512,0,0.0236,0,polbooks.graph,105,882,0.527236593,410150,5,0.13891785,0.00919755
combo,polbooks,2,192512,0,0.0199,0,polbooks.graph,105,882,0.527236593,410150,5,0.13891785,0.00919755
combo,polbooks,3,192512,0,0.0190,0,polbooks.graph,105,882,0.527236593,410150,5,0.13891785,0.00919755
combo,polbooks,4,192512,0,0.0212,0,polbooks.graph,105,882,0.527236593,410150,5,0.13891785,0.00919755
combo,polbooks,5,192512,0,0.0204,0,polbooks.graph,105,882,0.527236593,410150,5,0.13891785,0.00919755
lim,polbooks,1,413416,1
lim,polbooks,2,407552,1
lim,polbooks,3,411068,1
lim,polbooks,4,409572,1
lim,polbooks,5,408460,1
wt,polbooks,1,20480,0,0.0053,0,polbooks.graph,105,882,0.501974485,390498,4,0.12745572,0.00851008
wt,polbooks,2,20480,0,0.0044,0,polbooks.graph,105,882,0.501974485,390498,4,0.12745572,0.00851008
wt,polbooks,3,20480,0,0.0041,0,polbooks.graph,105,882,0.501974485,390498,4,0.12745572,0.00851008
wt,polbooks,4,20480,0,0.0046,0,polbooks.graph,105,882,0.501974485,390498,4,0.12745572,0.00851008
wt,polbooks,5,20480,0,0.0046,0,polbooks.graph,105,882,0.501974485,390498,4,0.12745572,0.00851008
cnm,PGPgiantcompo,1,198656,0,15.9999,0,PGPgiantcompo.graph,10680,48632,0.849937772,2010163538,195,0.03510260,0.00000954
cnm,PGPgiantcompo,2,198656,0,16.3844,0,PGPgiantcompo.graph,10680,48632,0.849937772,2010163538,195,0.03510260,0.00000954
cnm,PGPgiantcompo,3,198656,0,16.0411,0,PGPgiantcompo.graph,10680,48632,0.849937772,2010163538,195,0.03510260,0.00000954
cnm,PGPgiantcompo,4,198656,0,16.0272,0,PGPgiantcompo.graph,10680,48632,0.849937772,2010163538,195,0.03510260,0.00000954
cnm,PGPgiantcompo,5,198656,0,16.1242,0,PGPgiantcompo.graph,10680,48632,0.849937772,2010163538,195,0.03510260,0.00000954
combo,PGPgiantcompo,1,1933000,0,760.9649,0,PGPgiantcompo.graph,10680,48632,0.880457015,2082343728,76,0.02495741,0.00001049
combo,PGPgiantcompo,2,1933000,0,859.3611,0,PGPgiantcompo.graph,10680,48632,0.879581663,2080273458,86,0.02615431,0.00000992
combo,PGPgiantcompo,3,1933000,0,843.8952,0,PGPgiantcompo.graph,10680,48632,0.880014832,2081297934,73,0.02488567,0.00001056
combo,PGPgiantcompo,4,1933000,0,848.7599,0,PGPgiantcompo.graph,10680,48632,0.878763022,2078337312,76,0.02674677,0.00001064
combo,PGPgiantcompo,5,1933000,0,853.5363,0,PGPgiantcompo.graph,10680,48632,0.880476491,2082389790,88,0.02619702,0.00001001
lim,PGPgiantcompo,1,2955720,0,765.8703,538,PGPgiantcompo.graph,10680,48632,0.720542412,1704134270,5,0.03415978,0.00001676
lim,PGPgiantcompo,2,2988196,0,839.4601,578,PGPgiantcompo.graph,10680,48632,0.697680301,1650063744,5,0.03991970,0.00001995
lim,PGPgiantcompo,3,3005412,0,628.1726,430,PGPgiantcompo.graph,10680,48632,0.701780498,1659761002,5,0.03702829,0.00001799
lim,PGPgiantcompo,4,2973396,0,801.4623,554,PGPgiantcompo.graph,10680,48632,0.679087746,1606091024,6,0.10998790,0.00007960
lim,PGPgiantcompo,5,2966800,0,763.1407,519,PGPgiantcompo.graph,10680,48632,0.662575321,1567037960,5,0.04132868,0.00002096
wt,PGPgiantcompo,1,22528,0,0.1334,0,PGPgiantcompo.graph,10680,48632,0.852462917,2016135686,205,0.03391217,0.00000889
wt,PGPgiantcompo,2,22528,0,0.1300,0,PGPgiantcompo.graph,10680,48632,0.852462917,2016135686,205,0.03391217,0.00000889
wt,PGPgiantcompo,3,22528,0,0.1301,0,PGPgiantcompo.graph,10680,48632,0.852462917,2016135686,205,0.03391217,0.00000889
wt,PGPgiantcompo,4,22528,0,0.1307,0,PGPgiantcompo.graph,10680,48632,0.852462917,2016135686,205,0.03391217,0.00000889
wt,PGPgiantcompo,5,22528,0,0.1310,0,PGPgiantcompo.graph,10680,48632,0.852462917,2016135686,205,0.03391217,0.00000889
cnm,power,1,191888,0,0.6030,0,power.graph,4941,13188,0.934566460,162542924,43,0.01857343,0.00000979
cnm,power,2,191888,0,0.6062,0,power.graph,4941,13188,0.934566460,162542924,43,0.01857343,0.00000979
cnm,power,3,191888,0,0.6029,0,power.graph,4941,13188,0.934566460,162542924,43,0.01857343,0.00000979
cnm,power,4,191888,0,0.5998,0,power.graph,4941,13188,0.934566460,162542924,43,0.01857343,0.00000979
cnm,power,5,191888,0,0.5975,0,power.graph,4941,13188,0.934566460,162542924,43,0.01857343,0.00000979
combo,power,1,523052,0,66.7470,0,power.graph,4941,13188,0.938216068,163177676,38,0.01583756,0.00000867
combo,power,2,523052,0,66.3305,0,power.graph,4941,13188,0.938261950,163185656,37,0.01507833,0.00000825
combo,power,3,523052,0,67.4587,0,power.graph,4941,13188,0.937867604,163117070,34,0.01495266,0.00000822
combo,power,4,523052,0,66.3497,0,power.graph,4941,13188,0.939304593,163366996,39,0.01613238,0.00000872
combo,power,5,523052,0,58.9688,0,power.graph,4941,13188,0.938228522,163179842,33,0.01397564,0.00000768
lim,power,1,1069368,0,243.7864,686,power.graph,4941,13188,0.675360082,117460884,4,0.03651857,0.00002626
lim,power,2,1060240,0,185.3989,505,power.graph,4941,13188,0.718729775,125003886,5,0.03449837,0.00002337
lim,power,3,1043548,0,376.7807,1000,power.graph,4941,13188,0.728068728,126628148,5,0.02795698,0.00001860
lim,power,4,1039104,0,266.6976,711,power.graph,4941,13188,0.706858407,122939178,6,0.11628482,0.00005567
lim,power,5,1068868,0,310.3621,871,power.graph,4941,13188,0.756506705,131574176,6,0.03436196,0.00002235
wt,power,1,22528,0,0.0158,0,power.graph,4941,13188,0.933511145,162359380,41,0.01825078,0.00000970
wt,power,2,22528,0,0.0157,0,power.graph,4941,13188,0.933511145,162359380,41,0.01825078,0.00000970
wt,power,3,22528,0,0.0153,0,power.graph,4941,13188,0.933511145,162359380,41,0.01825078,0.00000970
wt,power,4,22528,0,0.0144,0,power.graph,4941,13188,0.933511145,162359380,41,0.01825078,0.00000970
wt,power,5,22528,0,0.0153,0,power.graph,4941,13188,0.933511145,162359380,41,0.01825078,0.00000970
cnm,road_central,1,35082624,0,3399.1653,0,road_central.graph,14081816,33866826,0.997156398,1143700400944476,1082,0.00074224,0.00000000
cnm,road_central,2,35082624,0,3408.8077,0,road_central.graph,14081816,33866826,0.997156398,1143700400944476,1082,0.00074224,0.00000000
cnm,road_central,3,35082624,0,3413.1305,0,road_central.graph,14081816,33866826,0.997156398,1143700400944476,1082,0.00074224,0.00000000
cnm,road_central,4,35082624,0,3447.3259,0,road_central.graph,14081816,33866826,0.997156398,1143700400944476,1082,0.00074224,0.00000000
cnm,road_central,5,35082624,0,3434.9687,0,road_central.graph,14081816,33866826,0.997156398,1143700400944476,1082,0.00074224,0.00000000
combo,road_central,1,263581304,0
combo,road_central,2,263581304,0
combo,road_central,3,263581304,0
combo,road_central,4,263581304,0
combo,road_central,5,263581304,0
lim,road_central,1,3225600,1
lim,road_central,2,3223552,1
lim,road_central,3,3229696,1
lim,road_central,4,3229696,1
lim,road_central,5,3227648,1
wt,road_central,1,5290060,0,104.8626,0,road_central.graph,14081816,33866826,0.997138894,1143680324429720,1079,0.00074833,0.00000000
wt,road_central,2,5290060,0,103.8258,0,road_central.graph,14081816,33866826,0.997138894,1143680324429720,1079,0.00074833,0.00000000
wt,road_central,3,5290060,0,104.4717,0,road_central.graph,14081816,33866826,0.997138894,1143680324429720,1079,0.00074833,0.00000000
wt,road_central,4,5290060,0,104.1468,0,road_central.graph,14081816,33866826,0.997138894,1143680324429720,1079,0.00074833,0.00000000
wt,road_central,5,5290060,0,105.5776,0,road_central.graph,14081816,33866826,0.997138894,1143680324429720,1079,0.00074833,0.00000000
cnm,G_n_pin_pout,1,766888,0
cnm,G_n_pin_pout,2,766888,0
cnm,G_n_pin_pout,3,766888,0
cnm,G_n_pin_pout,4,766888,0
cnm,G_n_pin_pout,5,766888,0
combo,G_n_pin_pout,1,156580260,0
combo,G_n_pin_pout,2,156580260,0
combo,G_n_pin_pout,3,156580260,0
combo,G_n_pin_pout,4,156580260,0
combo,G_n_pin_pout,5,156580260,0
lim,G_n_pin_pout,1,197936332,1
lim,G_n_pin_pout,2,197940996,1
lim,G_n_pin_pout,3,197934484,1
lim,G_n_pin_pout,4,197944808,1
lim,G_n_pin_pout,5,197927140,1
wt,G_n_pin_pout,1,103588,0,215.3620,0,G_n_pin_pout.graph,100000,1002396,0.324404884,325961294874,48,0.33626326,0.00002967
wt,G_n_pin_pout,2,103588,0,216.2902,0,G_n_pin_pout.graph,100000,1002396,0.324404884,325961294874,48,0.33626326,0.00002967
wt,G_n_pin_pout,3,103588,0,216.9529,0,G_n_pin_pout.graph,100000,1002396,0.324404884,325961294874,48,0.33626326,0.00002967
wt,G_n_pin_pout,4,103588,0,217.2399,0,G_n_pin_pout.graph,100000,1002396,0.324404884,325961294874,48,0.33626326,0.00002967
wt,G_n_pin_pout,5,103588,0,214.5866,0,G_n_pin_pout.graph,100000,1002396,0.324404884,325961294874,48,0.33626326,0.00002967
cnm,in-2004,1,13095400,0
cnm,in-2004,2,13095400,0
cnm,in-2004,3,13095400,0
cnm,in-2004,4,13095400,0
cnm,in-2004,5,13095400,0
combo,in-2004,1,263908892,0
combo,in-2004,2,263908892,0
combo,in-2004,3,263908892,0
combo,in-2004,4,263908892,0
combo,in-2004,5,263908892,0
lim,in-2004,1,2459648,1
lim,in-2004,2,2459648,1
lim,in-2004,3,2459648,1
lim,in-2004,4,2457600,1
lim,in-2004,5,2459648,1
wt,in-2004,1,2215760,0,3331.3475,0,in-2004.graph,1382908,27182946,0.967601050,714972562795590,4445,0.01373461,0.00000005
wt,in-2004,2,2215760,0,3329.9745,0,in-2004.graph,1382908,27182946,0.967601050,714972562795590,4445,0.01373461,0.00000005
wt,in-2004,3,2215760,0,3331.1615,0,in-2004.graph,1382908,27182946,0.967601050,714972562795590,4445,0.01373461,0.00000005
wt,in-2004,4,2215760,0,3366.2975,0,in-2004.graph,1382908,27182946,0.967601050,714972562795590,4445,0.01373461,0.00000005
wt,in-2004,5,2215760,0,3342.8615,0,in-2004.graph,1382908,27182946,0.967601050,714972562795590,4445,0.01373461,0.00000005
cnm,preferentialAttachment,1,736260,0
cnm,preferentialAttachment,2,736260,0
cnm,preferentialAttachment,3,736260,0
cnm,preferentialAttachment,4,736260,0
cnm,preferentialAttachment,5,736260,0
combo,preferentialAttachment,1,156576360,0
combo,preferentialAttachment,2,156576360,0
combo,preferentialAttachment,3,156576360,0
combo,preferentialAttachment,4,156576360,0
combo,preferentialAttachment,5,156576360,0
lim,preferentialAttachment,1,195712424,1
lim,preferentialAttachment,2,195711788,1
lim,preferentialAttachment,3,195710304,1
lim,preferentialAttachment,4,195710352,1
lim,preferentialAttachment,5,195710576,1
wt,preferentialAttachment,1,102748,0,317.6158,0,preferentialAttachment.graph,100000,999970,0.276799392,276782784656,24,0.34202044,0.00002794
wt,preferentialAttachment,2,102748,0,320.4584,0,preferentialAttachment.graph,100000,999970,0.276799392,276782784656,24,0.34202044,0.00002794
wt,preferentialAttachment,3,102748,0,319.2226,0,preferentialAttachment.graph,100000,999970,0.276799392,276782784656,24,0.34202044,0.00002794
wt,preferentialAttachment,4,102748,0,317.8502,0,preferentialAttachment.graph,100000,999970,0.276799392,276782784656,24,0.34202044,0.00002794
wt,preferentialAttachment,5,102748,0,317.4670,0,preferentialAttachment.graph,100000,999970,0.276799392,276782784656,24,0.34202044,0.00002794
cnm,road_usa,1,58786348,0
cnm,road_usa,2,58786348,0
cnm,road_usa,3,58786348,0
cnm,road_usa,4,58786348,0
cnm,road_usa,5,58786348,0
combo,road_usa,1,263318316,0
combo,road_usa,2,263318316,0
combo,road_usa,3,263318316,0
combo,road_usa,4,263318316,0
combo,road_usa,5,263318316,0
lim,road_usa,1,5199872,1
lim,road_usa,2,5197824,1
lim,road_usa,3,5199872,1
lim,road_usa,4,5199872,1
lim,road_usa,5,5193728,1
wt,road_usa,1,9171740,0,168.8667,0,road_usa.graph,23947347,57708624,0.997878481,3323220023709954,1460,0.00054773,0.00000000
wt,road_usa,2,9171740,0,171.8550,0,road_usa.graph,23947347,57708624,0.997878481,3323220023709954,1460,0.00054773,0.00000000
wt,road_usa,3,9171740,0,170.2166,0,road_usa.graph,23947347,57708624,0.997878481,3323220023709954,1460,0.00054773,0.00000000
wt,road_usa,4,9171740,0,172.8427,0,road_usa.graph,23947347,57708624,0.997878481,3323220023709954,1460,0.00054773,0.00000000
wt,road_usa,5,9171740,0,170.5104,0,road_usa.graph,23947347,57708624,0.997878481,3323220023709954,1460,0.00054773,0.00000000
cnm,uk-2007-05,1,262886568,1
cnm,uk-2007-05,2,262886568,1
cnm,uk-2007-05,3,262886568,1
cnm,uk-2007-05,4,262886568,1
cnm,uk-2007-05,5,262886568,1
combo,uk-2007-05,1,262890664,1
combo,uk-2007-05,2,262890664,1
combo,uk-2007-05,3,262890664,1
combo,uk-2007-05,4,262890664,1
combo,uk-2007-05,5,262890664,1
lim,uk-2007-05,1,263611288,1
lim,uk-2007-05,2,263111620,1
lim,uk-2007-05,3,263605376,1
lim,uk-2007-05,4,263609228,1
lim,uk-2007-05,5,263110048,1
wt,uk-2007-05,1,263774120,1
wt,uk-2007-05,2,263774120,1
wt,uk-2007-05,3,263774120,1
wt,uk-2007-05,4,263774120,1
wt,uk-2007-05,5,263774120,1
cnm,uk-2002,1,237147556,0
cnm,uk-2002,2,237147556,0
cnm,uk-2002,3,237147556,0
cnm,uk-2002,4,237147556,0
cnm,uk-2002,5,237147556,0
combo,uk-2002,1,262746844,0
combo,uk-2002,2,262746844,0
combo,uk-2002,3,262746844,0
combo,uk-2002,4,262746844,0
combo,uk-2002,5,262746844,0
lim,uk-2002,1,39841600,1
lim,uk-2002,2,39844144,1
lim,uk-2002,3,39841776,1
lim,uk-2002,4,39844736,1
lim,uk-2002,5,39842756,1
wt,uk-2002,1,41929832,0
wt,uk-2002,2,41929832,0
wt,uk-2002,3,41929832,0
wt,uk-2002,4,41929832,0
wt,uk-2002,5,41929832,0
cnm,smallworld,1,704724,0
cnm,smallworld,2,704724,0
cnm,smallworld,3,704724,0
cnm,smallworld,4,704724,0
cnm,smallworld,5,704724,0
combo,smallworld,1,156571684,0
combo,smallworld,2,156571684,0
combo,smallworld,3,156571684,0
combo,smallworld,4,156571684,0
combo,smallworld,5,156571684,0
lim,smallworld,1,198150256,0,3626.3366,32,smallworld.graph,100000,999996,0.118137669,118136724742,18,0.42048850,0.00004422
lim,smallworld,2,198153440,0,3621.2676,32,smallworld.graph,100000,999996,0.117799065,117798123600,18,0.41938275,0.00004430
lim,smallworld,3,198144332,0,3619.4492,32,smallworld.graph,100000,999996,0.120533204,120532240396,18,0.42081841,0.00004440
lim,smallworld,4,198145880,0,3622.1628,32,smallworld.graph,100000,999996,0.117631676,117630735936,18,0.42385891,0.00004483
lim,smallworld,5,198141352,0,3611.1015,32,smallworld.graph,100000,999996,0.118703958,118703008702,18,0.42054185,0.00004450
wt,smallworld,1,103540,0,7.1733,0,smallworld.graph,100000,999996,0.784395284,784389009194,117,0.10231335,0.00001032
wt,smallworld,2,103540,0,7.1563,0,smallworld.graph,100000,999996,0.784395284,784389009194,117,0.10231335,0.00001032
wt,smallworld,3,103540,0,7.1514,0,smallworld.graph,100000,999996,0.784395284,784389009194,117,0.10231335,0.00001032
wt,smallworld,4,103540,0,7.1857,0,smallworld.graph,100000,999996,0.784395284,784389009194,117,0.10231335,0.00001032
wt,smallworld,5,103540,0,7.1873,0,smallworld.graph,100000,999996,0.784395284,784389009194,117,0.10231335,0.00001032
