algorithm,instance,run,memory,code,time,iterations,graph,nodes,edges,modularity,N,clusters,conductance,cut,f1,accuracy,tp,fp,tn,fn,ari,nmi,purity,invpurity
walktrap,citeseer,1,20480,0,0.1247,0,citeseer.graph,3327,9104,0.826243862,68481418,560,0.02314620,0.00001409,0.82786885,0.71397188,6262,2170,238,434,0.12452535,0.39986477,0.78418996,0.24887286
walktrap,citeseer,2,20480,0,0.1242,0,citeseer.graph,3327,9104,0.826243862,68481418,560,0.02314620,0.00001409,0.82786885,0.71397188,6262,2170,238,434,0.12452535,0.39986477,0.78418996,0.24887286
walktrap,citeseer,3,20480,0,0.1248,0,citeseer.graph,3327,9104,0.826243862,68481418,560,0.02314620,0.00001409,0.82786885,0.71397188,6262,2170,238,434,0.12452535,0.39986477,0.78418996,0.24887286
walktrap,citeseer,4,20480,0,0.1243,0,citeseer.graph,3327,9104,0.826243862,68481418,560,0.02314620,0.00001409,0.82786885,0.71397188,6262,2170,238,434,0.12452535,0.39986477,0.78418996,0.24887286
walktrap,citeseer,5,20480,0,0.1246,0,citeseer.graph,3327,9104,0.826243862,68481418,560,0.02314620,0.00001409,0.82786885,0.71397188,6262,2170,238,434,0.12452535,0.39986477,0.78418996,0.24887286
vieclus,citeseer,1,20480,0,3.02283,0,citeseer.graph,3327,9104,0.894192542,74113196,425,0.00255034,0.00000233,0.83091408,0.71594903,6354,2244,164,342,0.09808518,0.37740343,0.75112714,0.20168320
vieclus,citeseer,2,20480,0,9.34043,0,citeseer.graph,3327,9104,0.894192542,74113196,425,0.00254846,0.00000233,0.83065254,0.71550967,6352,2246,162,344,0.09801987,0.37687718,0.75082657,0.20168320
vieclus,citeseer,3,22528,0,5.50413,0,citeseer.graph,3327,9104,0.894192542,74113196,425,0.00255034,0.00000233,0.83091408,0.71594903,6354,2244,164,342,0.09808518,0.37740343,0.75112714,0.20168320
vieclus,citeseer,4,22528,0,3.81364,0,citeseer.graph,3327,9104,0.894192542,74113196,425,0.00254846,0.00000233,0.83065254,0.71550967,6352,2246,162,344,0.09801987,0.37687718,0.75082657,0.20168320
vieclus,citeseer,5,22528,0,4.28812,0,citeseer.graph,3327,9104,0.894192542,74113196,425,0.00255034,0.00000233,0.83091408,0.71594903,6354,2244,164,342,0.09808518,0.37740343,0.75112714,0.20168320
ucode,citeseer,1,771556,0,61.09968018531799,1000,citeseer.graph,3327,9104,0.703479452,58306358,5,0.04583402,0.00004909,0.84241453,0.74077329,6308,1972,436,388,0.43362542,0.42290647,0.68500150,0.70513977
ucode,citeseer,2,771556,0,62.222638845443726,1000,citeseer.graph,3327,9104,0.698281776,57875560,5,0.04906932,0.00005272,0.84178064,0.74077329,6278,1942,466,418,0.42930593,0.41931660,0.68349865,0.70784491
ucode,citeseer,3,771556,0,63.21234607696533,1000,citeseer.graph,3327,9104,0.694009913,57521496,5,0.04997770,0.00005265,0.84525567,0.74670475,6298,1908,500,398,0.44021652,0.42278181,0.69221521,0.71415690
ucode,citeseer,4,771556,0,62.26086688041687,1000,citeseer.graph,3327,9104,0.702474973,58223104,5,0.04659544,0.00004959,0.84385027,0.74340949,6312,1952,456,384,0.42611597,0.41512859,0.68199579,0.70423805
ucode,citeseer,5,771556,0,61.879258155822754,1000,citeseer.graph,3327,9104,0.688470623,57062384,6,0.08545723,0.00009355,0.84197665,0.74428822,6202,1834,574,494,0.43129046,0.42102004,0.69371806,0.69702435
magi,citeseer,1,992964,0,64.84240174293518,100,citeseer.graph,3327,9104,0.755137325,62587908,6,0.02772688,0.00002464,0.83770043,0.72649385,6426,2220,188,270,0.33228990,0.34157165,0.62789300,0.61466787
magi,citeseer,2,992964,0,66.53265142440796,100,citeseer.graph,3327,9104,0.751718884,62304578,6,0.02567382,0.00002307,0.83810515,0.72671353,6440,2232,176,256,0.33594625,0.33640887,0.62248272,0.61406673
magi,citeseer,3,992964,0,67.69727754592896,100,citeseer.graph,3327,9104,0.755084745,62583550,6,0.02412175,0.00002163,0.83865939,0.72715290,6456,2244,164,240,0.36661462,0.35560839,0.64201984,0.64171927
magi,citeseer,4,992964,0,66.28545069694519,100,citeseer.graph,3327,9104,0.758538657,62869820,6,0.02529068,0.00002271,0.83875163,0.72759227,6450,2234,174,246,0.38230465,0.37265080,0.66997295,0.64652840
magi,citeseer,5,992964,0,66.82488179206848,100,citeseer.graph,3327,9104,0.767810157,63638268,6,0.02186269,0.00002020,0.83618455,0.72231986,6452,2284,124,244,0.26213091,0.28155494,0.58521190,0.54914337
louvain,citeseer,1,20480,0,0.0128,0,citeseer.graph,3327,9104,0.889419659,73717606,421,0.00230196,0.00000220,0.82876982,0.71287346,6326,2244,164,370,0.09297483,0.36726774,0.73579802,0.19627292
louvain,citeseer,2,20480,0,0.0126,0,citeseer.graph,3327,9104,0.886708096,73492864,422,0.00258940,0.00000268,0.81987578,0.70057118,6204,2234,174,492,0.08257435,0.36900933,0.74872257,0.18334836
louvain,citeseer,3,20480,0,0.0123,0,citeseer.graph,3327,9104,0.888590875,73648914,419,0.00200009,0.00000196,0.82972867,0.71463093,6330,2232,176,366,0.09620665,0.36445906,0.73820258,0.20498948
louvain,citeseer,4,20480,0,0.0128,0,citeseer.graph,3327,9104,0.887416735,73551598,419,0.00210399,0.00000205,0.82898703,0.71331283,6326,2240,168,370,0.09099990,0.36667356,0.73940487,0.19266607
louvain,citeseer,5,20480,0,0.0121,0,citeseer.graph,3327,9104,0.889921693,73759216,419,0.00215179,0.00000206,0.82940869,0.71353251,6340,2252,156,356,0.09649982,0.37153795,0.74060715,0.19867749
leiden,citeseer,1,20480,0,0.0158,0,citeseer.graph,3327,9104,0.892815972,73999102,424,0.00240448,0.00000242,0.82615546,0.70913884,6292,2244,164,404,0.09337848,0.37076357,0.74481515,0.20168320
leiden,citeseer,2,20480,0,0.0153,0,citeseer.graph,3327,9104,0.892348927,73960392,423,0.00231718,0.00000223,0.83115183,0.71660808,6350,2234,174,346,0.09957851,0.37406545,0.74752029,0.21160204
leiden,citeseer,3,20480,0,0.0149,0,citeseer.graph,3327,9104,0.893207320,74031538,424,0.00245876,0.00000232,0.82925553,0.71331283,6338,2252,156,358,0.09030390,0.36987886,0.73940487,0.19116321
leiden,citeseer,4,20480,0,0.0148,0,citeseer.graph,3327,9104,0.892949583,74010176,423,0.00232763,0.00000215,0.83069682,0.71550967,6354,2248,160,342,0.09500464,0.37372959,0.74511572,0.19236549
leiden,citeseer,5,20480,0,0.0152,0,citeseer.graph,3327,9104,0.891856497,73919578,421,0.00235044,0.00000245,0.82561810,0.70869947,6278,2234,174,418,0.09133296,0.36765836,0.74331229,0.20258491
infomap,citeseer,1,19444,0,0.0892,0,citeseer.graph,3327,9104,0.853654972,70753328,405,0.00085694,0.00000080,0.84053113,0.72825132,6520,2298,110,176,0.17378356,0.38039476,0.74271115,0.31259393
infomap,citeseer,2,19444,0,0.0860,0,citeseer.graph,3327,9104,0.853654972,70753328,405,0.00085694,0.00000080,0.84053113,0.72825132,6520,2298,110,176,0.17378356,0.38039476,0.74271115,0.31259393
infomap,citeseer,3,19444,0,0.0870,0,citeseer.graph,3327,9104,0.853654972,70753328,405,0.00085694,0.00000080,0.84053113,0.72825132,6520,2298,110,176,0.17378356,0.38039476,0.74271115,0.31259393
infomap,citeseer,4,19444,0,0.0862,0,citeseer.graph,3327,9104,0.853654972,70753328,405,0.00085694,0.00000080,0.84053113,0.72825132,6520,2298,110,176,0.17378356,0.38039476,0.74271115,0.31259393
infomap,citeseer,5,19444,0,0.0878,0,citeseer.graph,3327,9104,0.853654972,70753328,405,0.00085694,0.00000080,0.84053113,0.72825132,6520,2298,110,176,0.17378356,0.38039476,0.74271115,0.31259393
hollocou,citeseer,1,2048,0,0.000,0,citeseer.graph,3327,9104,0.670366050,55561826,751,0.16376159,0.00007402,0.75984715,0.64103691,5170,1742,666,1526,0.09507357,0.39415066,0.79020138,0.19176435
hollocou,citeseer,2,2048,0,0.000,0,citeseer.graph,3327,9104,0.674042349,55866528,738,0.16064143,0.00007363,0.76141984,0.63971880,5234,1818,590,1462,0.09614024,0.39102883,0.78388939,0.20348662
hollocou,citeseer,3,2048,0,0.001,0,citeseer.graph,3327,9104,0.677438927,56148046,754,0.17113840,0.00007867,0.76268460,0.64345343,5216,1766,642,1480,0.10197767,0.39597731,0.79230538,0.20438834
hollocou,citeseer,4,2048,0,0.000,0,citeseer.graph,3327,9104,0.666340197,55228152,748,0.17007001,0.00007451,0.76319232,0.64213533,5250,1812,596,1446,0.10238982,0.39471018,0.78869853,0.19927863
hollocou,citeseer,5,2048,0,0.000,0,citeseer.graph,3327,9104,0.664098840,55042382,762,0.17475261,0.00007719,0.75457875,0.63202988,5150,1804,604,1546,0.09489514,0.39589923,0.79531109,0.19086264
gnns,citeseer,1,1752444,0,11.936420440673828,50,citeseer.graph,3327,9104,0.846864035,70190476,57,0.05552571,0.00004122,0.80799565,0.68980668,5942,2070,338,754,0.04372324,0.14722975,0.47400060,0.12233243
gnns,citeseer,2,1752444,0,11.681347370147705,50,citeseer.graph,3327,9104,0.845821575,70104074,57,0.05302643,0.00004344,0.80886351,0.69112478,5950,2066,342,746,0.04122132,0.14339207,0.46438233,0.11421701
gnns,citeseer,3,1752444,0,11.71482253074646,50,citeseer.graph,3327,9104,0.831736653,68936676,57,0.06001289,0.00004969,0.80010983,0.68014060,5828,2044,364,868,0.03443292,0.13191941,0.43582807,0.10850616
gnns,citeseer,4,1752444,0,12.016194581985474,50,citeseer.graph,3327,9104,0.850357787,70480048,57,0.04755330,0.00003780,0.80833785,0.68892794,5972,2108,300,724,0.04256461,0.14145781,0.45626691,0.12233243
gnns,citeseer,5,1752444,0,12.174469470977783,50,citeseer.graph,3327,9104,0.845295483,70060470,57,0.05578306,0.00004553,0.80671123,0.68870826,5914,2052,356,782,0.03675464,0.14680122,0.46408176,0.10940787
dmon,citeseer,1,863308,0,49.9722,1000,citeseer.graph,3327,9104,0.743510669,61624258,6,0.03071739,0.00002644,0.83513902,0.72253954,6398,2228,180,298,0.20902311,0.23595062,0.49564172,0.46197776
dmon,citeseer,2,863308,0,50.1063,1000,citeseer.graph,3327,9104,0.740178519,61348080,6,0.03268422,0.00002921,0.83243810,0.71902460,6354,2216,192,342,0.20537678,0.24139044,0.47971145,0.45776976
dmon,citeseer,3,863308,0,49.9858,1000,citeseer.graph,3327,9104,0.759126306,62918526,6,0.02961104,0.00002880,0.83521090,0.72363796,6376,2196,212,320,0.20359832,0.24681830,0.50916742,0.48031259
dmon,citeseer,4,863308,0,50.0934,1000,citeseer.graph,3327,9104,0.758843787,62895110,6,0.02433977,0.00002336,0.83999479,0.73000879,6452,2214,194,244,0.29088518,0.30481458,0.57980162,0.54553652
dmon,citeseer,5,863308,0,49.8726,1000,citeseer.graph,3327,9104,0.763763021,63302830,6,0.03052404,0.00003104,0.83177938,0.71858524,6334,2200,208,362,0.19402675,0.23471150,0.49654343,0.45776976
dgcluster,citeseer,1,917504,0,23.10107398033142,300,citeseer.graph,3327,9104,0.846464965,70157400,22,0.02674322,0.00002737,0.82499009,0.70891916,6246,2200,208,450,0.17334146,0.25429985,0.56928164,0.32551849
dgcluster,citeseer,2,917504,0,24.4534273147583,300,citeseer.graph,3327,9104,0.848462725,70322980,27,0.02819951,0.00002807,0.82415254,0.70826011,6224,2184,224,472,0.17190012,0.24803397,0.57288849,0.32131049
dgcluster,citeseer,3,917504,0,22.944449424743652,300,citeseer.graph,3327,9104,0.851572755,70580748,25,0.02547404,0.00002400,0.82374670,0.70650264,6244,2220,188,452,0.13471345,0.22308324,0.54253081,0.28343853
dgcluster,citeseer,4,917504,0,25.09064221382141,300,citeseer.graph,3327,9104,0.859176744,71210988,27,0.02842532,0.00002396,0.83272155,0.71968366,6352,2208,200,344,0.17034364,0.26962027,0.59182447,0.30778479
dgcluster,citeseer,5,917504,0,23.145909070968628,300,citeseer.graph,3327,9104,0.846683370,70175502,25,0.02705565,0.00002789,0.82916557,0.71485062,6300,2200,208,396,0.20116749,0.26731531,0.61106102,0.38743613
commdgi,citeseer,1,857032,0,290.9542,1001,citeseer.graph,3327,9104,0.682385381,56558022,4,0.01743762,0.00001705,0.84658945,0.73813708,6578,2266,142,118,0.35661801,0.38043281,0.59092275,0.74782086
commdgi,citeseer,2,857032,0,294.8418,1001,citeseer.graph,3327,9104,0.715894715,59335370,5,0.01882940,0.00001737,0.84741390,0.74011424,6570,2240,168,126,0.33926267,0.36291451,0.62789300,0.66546438
commdgi,citeseer,3,857032,0,281.1116,1001,citeseer.graph,3327,9104,0.707184828,58613470,6,0.01743342,0.00001538,0.84562894,0.73659930,6568,2270,138,128,0.34853847,0.36951060,0.63600842,0.67658551
commdgi,citeseer,4,857032,0,292.0003,1001,citeseer.graph,3327,9104,0.655423628,54323356,6,0.01945908,0.00001641,0.83717318,0.72363796,6468,2288,120,228,0.23879924,0.25243955,0.47790803,0.61707244
commdgi,citeseer,5,857032,0,282.7925,1001,citeseer.graph,3327,9104,0.660686070,54759522,6,0.01250586,0.00001194,0.84466770,0.73506151,6558,2274,134,138,0.29757139,0.34621374,0.56236850,0.72076946
clustre_fast,citeseer,1,6144,0,0.00384617,0,citeseer.graph,3327,9104,0.612045613,50728064,1124,0.18515535,0.00013108,0.67261808,0.55689807,4144,1482,926,2552,0.00795812,0.41898680,0.84189961,0.03336339
clustre_fast,citeseer,2,6144,0,0.0028398,0,citeseer.graph,3327,9104,0.612045613,50728064,1124,0.18515535,0.00013108,0.67261808,0.55689807,4144,1482,926,2552,0.00795812,0.41898680,0.84189961,0.03336339
clustre_fast,citeseer,3,6144,0,0.00286913,0,citeseer.graph,3327,9104,0.612045613,50728064,1124,0.18515535,0.00013108,0.67261808,0.55689807,4144,1482,926,2552,0.00795812,0.41898680,0.84189961,0.03336339
clustre_fast,citeseer,4,6144,0,0.00287008,0,citeseer.graph,3327,9104,0.612045613,50728064,1124,0.18515535,0.00013108,0.67261808,0.55689807,4144,1482,926,2552,0.00795812,0.41898680,0.84189961,0.03336339
clustre_fast,citeseer,5,6144,0,0.00283694,0,citeseer.graph,3327,9104,0.612045613,50728064,1124,0.18515535,0.00013108,0.67261808,0.55689807,4144,1482,926,2552,0.00795812,0.41898680,0.84189961,0.03336339
clustre_strong,citeseer,1,14336,0,1.69786347,0,citeseer.graph,3327,9104,0.888556730,73646084,425,0.00283959,0.00000259,0.83234869,0.71946397,6340,2198,210,356,0.09940320,0.37590416,0.75172828,0.21009919
clustre_strong,citeseer,2,14336,0,1.51035837,0,citeseer.graph,3327,9104,0.888517228,73642810,423,0.00254613,0.00000238,0.83239270,0.71946397,6342,2200,208,354,0.10037307,0.37597677,0.75172828,0.21130147
clustre_strong,citeseer,3,14336,0,1427.68364971,0,citeseer.graph,3327,9104,0.888537570,73644496,424,0.00269316,0.00000248,0.83223943,0.71924429,6340,2200,208,356,0.09988542,0.37593674,0.75172828,0.21070033
clustre_strong,citeseer,4,14336,0,1448.41367808,0,citeseer.graph,3327,9104,0.888537570,73644496,424,0.00269316,0.00000248,0.83223943,0.71924429,6340,2200,208,356,0.09988542,0.37593674,0.75172828,0.21070033
clustre_strong,citeseer,5,14336,0,1168.1237477,0,citeseer.graph,3327,9104,0.888556730,73646084,425,0.00283959,0.00000259,0.83234869,0.71946397,6340,2198,210,356,0.09940320,0.37590416,0.75172828,0.21009919
walktrap,amazon_photo,1,418484,0,7.9361,0,amazon_photo.graph,7650,238162,0.702927141,39870827592,146,0.11052716,0.00006718,0.90156256,0.83409612,180940,23434,17710,16078,0.42006139,0.60906451,0.87215686,0.54627451
walktrap,amazon_photo,2,418484,0,8.0016,0,amazon_photo.graph,7650,238162,0.702927141,39870827592,146,0.11052716,0.00006718,0.90156256,0.83409612,180940,23434,17710,16078,0.42006139,0.60906451,0.87215686,0.54627451
walktrap,amazon_photo,3,418484,0,7.9386,0,amazon_photo.graph,7650,238162,0.702927141,39870827592,146,0.11052716,0.00006718,0.90156256,0.83409612,180940,23434,17710,16078,0.42006139,0.60906451,0.87215686,0.54627451
walktrap,amazon_photo,4,418484,0,7.9881,0,amazon_photo.graph,7650,238162,0.702927141,39870827592,146,0.11052716,0.00006718,0.90156256,0.83409612,180940,23434,17710,16078,0.42006139,0.60906451,0.87215686,0.54627451
walktrap,amazon_photo,5,418484,0,7.9387,0,amazon_photo.graph,7650,238162,0.702927141,39870827592,146,0.11052716,0.00006718,0.90156256,0.83409612,180940,23434,17710,16078,0.42006139,0.60906451,0.87215686,0.54627451
vieclus,amazon_photo,1,64908,0,6.73889,0,amazon_photo.graph,7650,238162,0.740099360,41979278136,35,0.00501951,0.00002153,0.92162548,0.86584762,187854,22786,18358,9164,0.56028094,0.66370463,0.84588235,0.67647059
vieclus,amazon_photo,2,62524,0,24.3096,0,amazon_photo.graph,7650,238162,0.740099360,41979278136,35,0.00501951,0.00002153,0.92162548,0.86584762,187854,22786,18358,9164,0.56028094,0.66370463,0.84588235,0.67647059
vieclus,amazon_photo,3,63852,0,13.5188,0,amazon_photo.graph,7650,238162,0.740099360,41979278136,35,0.00501951,0.00002153,0.92162548,0.86584762,187854,22786,18358,9164,0.56028094,0.66370463,0.84588235,0.67647059
vieclus,amazon_photo,4,62544,0,10.1538,0,amazon_photo.graph,7650,238162,0.740099360,41979278136,35,0.00501951,0.00002153,0.92162548,0.86584762,187854,22786,18358,9164,0.56028094,0.66370463,0.84588235,0.67647059
vieclus,amazon_photo,5,64072,0,26.5439,0,amazon_photo.graph,7650,238162,0.740099360,41979278136,35,0.00501951,0.00002153,0.92162548,0.86584762,187854,22786,18358,9164,0.56028094,0.66370463,0.84588235,0.67647059
ucode,amazon_photo,1,1699688,0,296.4634771347046,1000,amazon_photo.graph,7650,238162,0.564381474,32012359650,3,0.03142897,0.00020111,0.91870136,0.85700490,192422,29460,11684,4596,0.40136263,0.55104472,0.52326797,0.91267974
ucode,amazon_photo,2,1699688,0,297.462828874588,1000,amazon_photo.graph,7650,238162,0.564476477,32017748340,3,0.03353946,0.00021147,0.91692211,0.85410771,191744,29472,11672,5274,0.37813726,0.52952585,0.50575163,0.89450980
ucode,amazon_photo,3,1699688,0,300.0734906196594,1000,amazon_photo.graph,7650,238162,0.564050093,31993563340,3,0.03512678,0.00022247,0.91698169,0.85449400,191386,29022,12122,5632,0.37069001,0.52818236,0.50013072,0.89633987
ucode,amazon_photo,4,1699688,0,299.78988099098206,1000,amazon_photo.graph,7650,238162,0.559598983,31741091314,3,0.03333834,0.00020743,0.91503049,0.85070666,191450,29988,11156,5568,0.38640692,0.53000241,0.51267974,0.89843137
ucode,amazon_photo,5,1699688,0,300.3214855194092,1000,amazon_photo.graph,7650,238162,0.563621940,31969278006,3,0.03311397,0.00021004,0.91716633,0.85451919,191818,29448,11696,5200,0.38617655,0.53639442,0.51267974,0.90222222
magi,amazon_photo,1,1548772,0,540.3123333454132,100,amazon_photo.graph,7650,238162,0.720153439,40847922778,8,0.04799897,0.00022071,0.92574778,0.87191911,190156,23642,17502,6862,0.60636378,0.68922896,0.79882353,0.77084967
magi,amazon_photo,2,1548772,0,540.3624241352081,100,amazon_photo.graph,7650,238162,0.716794826,40657418464,8,0.05062475,0.00023201,0.92168348,0.86537735,188664,23708,17436,8354,0.60261717,0.69450537,0.79895425,0.77058824
magi,amazon_photo,3,1548772,0,531.6727225780487,100,amazon_photo.graph,7650,238162,0.716879153,40662201554,8,0.05012747,0.00023330,0.92975677,0.87925026,190324,22064,19080,6694,0.60410654,0.68839389,0.79738562,0.77058824
magi,amazon_photo,4,1548772,0,532.0395603179932,100,amazon_photo.graph,7650,238162,0.718751508,40768403688,8,0.04920648,0.00022666,0.92623478,0.87297722,189930,23164,17980,7088,0.60384559,0.69152480,0.79803922,0.76941176
magi,amazon_photo,5,1548772,0,531.4678390026093,100,amazon_photo.graph,7650,238162,0.718503785,40754352554,8,0.04852722,0.00022207,0.92449458,0.86981130,189820,23808,17336,7198,0.60607271,0.69087429,0.79921569,0.76941176
louvain,amazon_photo,1,38912,0,0.1573,0,amazon_photo.graph,7650,238162,0.735704972,41730023436,35,0.00514816,0.00002152,0.92146561,0.86518420,188366,23456,17688,8652,0.56315204,0.66407509,0.84836601,0.67869281
louvain,amazon_photo,2,38912,0,0.2105,0,amazon_photo.graph,7650,238162,0.737646703,41840160636,36,0.00563704,0.00002335,0.92172957,0.86610794,187760,22630,18514,9258,0.56984188,0.66072585,0.85254902,0.68928105
louvain,amazon_photo,3,38912,0,0.1692,0,amazon_photo.graph,7650,238162,0.738866445,41909345814,35,0.00504634,0.00002158,0.92148477,0.86557049,187876,22874,18270,9142,0.56238310,0.66290905,0.84732026,0.67764706
louvain,amazon_photo,4,38912,0,0.1318,0,amazon_photo.graph,7650,238162,0.736057848,41750038958,35,0.00509630,0.00002156,0.91801156,0.85959977,187200,23620,17524,9818,0.55946175,0.65865446,0.84209150,0.67150327
louvain,amazon_photo,5,38912,0,0.1465,0,amazon_photo.graph,7650,238162,0.736790178,41791577554,36,0.00559875,0.00002249,0.92039891,0.86332832,188182,23714,17430,8836,0.57128227,0.66153599,0.85372549,0.68313725
leiden,amazon_photo,1,38912,0,0.0700,0,amazon_photo.graph,7650,238162,0.739472466,41943719988,36,0.00619248,0.00002187,0.92292251,0.86779587,188506,22974,18170,8512,0.57456572,0.67070720,0.85254902,0.68366013
leiden,amazon_photo,2,38912,0,0.0690,0,amazon_photo.graph,7650,238162,0.739704749,41956895354,35,0.00498719,0.00002123,0.92249987,0.86709047,188392,23028,18116,8626,0.57429470,0.67065815,0.85215686,0.68235294
leiden,amazon_photo,3,38912,0,0.0657,0,amazon_photo.graph,7650,238162,0.739202641,41928415224,36,0.00619493,0.00002186,0.92250149,0.86706527,188432,23074,18070,8586,0.57315748,0.67014507,0.85281046,0.67973856
leiden,amazon_photo,4,38912,0,0.0659,0,amazon_photo.graph,7650,238162,0.739337363,41936056820,35,0.00499298,0.00002127,0.92314095,0.86817376,188546,22924,18220,8472,0.57614351,0.67189834,0.85294118,0.68535948
leiden,amazon_photo,5,38912,0,0.0666,0,amazon_photo.graph,7650,238162,0.739507273,41945694318,36,0.00627825,0.00002206,0.92253676,0.86715765,188394,23014,18130,8624,0.57293812,0.66904111,0.85150327,0.68169935
infomap,amazon_photo,1,66576,0,0.4766,0,amazon_photo.graph,7650,238162,0.597620743,33897728794,25,0.00037315,0.00000176,0.90631446,0.83065308,195086,38400,2744,1932,0.34766614,0.53767449,0.62026144,0.82444444
infomap,amazon_photo,2,66576,0,0.4750,0,amazon_photo.graph,7650,238162,0.597620743,33897728794,25,0.00037315,0.00000176,0.90631446,0.83065308,195086,38400,2744,1932,0.34766614,0.53767449,0.62026144,0.82444444
infomap,amazon_photo,3,66576,0,0.4829,0,amazon_photo.graph,7650,238162,0.597620743,33897728794,25,0.00037315,0.00000176,0.90631446,0.83065308,195086,38400,2744,1932,0.34766614,0.53767449,0.62026144,0.82444444
infomap,amazon_photo,4,66576,0,0.4922,0,amazon_photo.graph,7650,238162,0.597620743,33897728794,25,0.00037315,0.00000176,0.90631446,0.83065308,195086,38400,2744,1932,0.34766614,0.53767449,0.62026144,0.82444444
infomap,amazon_photo,5,66576,0,0.4719,0,amazon_photo.graph,7650,238162,0.597620743,33897728794,25,0.00037315,0.00000176,0.90631446,0.83065308,195086,38400,2744,1932,0.34766614,0.53767449,0.62026144,0.82444444
hollocou,amazon_photo,1,4096,0,0.004,0,amazon_photo.graph,7650,238162,0.351229219,19922121102,635,0.46063457,0.00040454,0.71721433,0.59074076,123604,24056,17088,73414,0.17831107,0.34202174,0.58849673,0.44875817
hollocou,amazon_photo,2,4096,0,0.003,0,amazon_photo.graph,7650,238162,0.431133334,24454373474,649,0.45802619,0.00040071,0.77048446,0.65137176,139366,25378,15766,57652,0.27462631,0.41165763,0.65254902,0.54196078
hollocou,amazon_photo,3,4096,0,0.003,0,amazon_photo.graph,7650,238162,0.389962771,22119132294,632,0.45871216,0.00039356,0.75183210,0.63457646,131830,21842,19302,65188,0.26971392,0.38918796,0.65215686,0.51464052
hollocou,amazon_photo,4,4096,0,0.003,0,amazon_photo.graph,7650,238162,0.418161336,23718586994,644,0.45632959,0.00039480,0.76858340,0.65223671,137538,23344,17800,59480,0.24648812,0.38471585,0.63281046,0.52313725
hollocou,amazon_photo,5,4096,0,0.003,0,amazon_photo.graph,7650,238162,0.367144568,20824857848,632,0.45690466,0.00041115,0.73991939,0.61905762,129056,22764,18380,67962,0.20279062,0.35810825,0.60091503,0.45359477
gnns,amazon_photo,1,5486536,0,43.25603461265564,50,amazon_photo.graph,7650,238162,0.716291147,40628849206,62,0.20347623,0.00018593,0.89922410,0.83170279,178826,21890,19254,18192,0.43699724,0.57457618,0.80052288,0.53045752
gnns,amazon_photo,2,5486536,0,42.915297746658325,50,amazon_photo.graph,7650,238162,0.719154288,40791249834,57,0.19296164,0.00019498,0.90256467,0.83671618,180114,21984,19160,16904,0.44554044,0.59092873,0.82183007,0.52784314
gnns,amazon_photo,3,5486536,0,43.404099464416504,50,amazon_photo.graph,7650,238162,0.715441085,40580632724,50,0.18124594,0.00020420,0.87790074,0.80032919,170958,21494,19650,26060,0.39825607,0.58167410,0.82313725,0.50235294
gnns,amazon_photo,4,5486536,0,43.73982048034668,50,amazon_photo.graph,7650,238162,0.712912413,40437203580,51,0.18427424,0.00019842,0.87284219,0.79320798,169032,21264,19880,27986,0.38146428,0.58806406,0.82653595,0.46849673
gnns,amazon_photo,5,5486536,0,43.9989128112793,50,amazon_photo.graph,7650,238162,0.717204850,40680675462,43,0.10660012,0.00019173,0.88073009,0.80475475,171686,21168,19976,25332,0.41207830,0.59594927,0.83372549,0.51241830
dmon,amazon_photo,1,778004,0,185.3950,1000,amazon_photo.graph,7650,238162,0.165316343,9376931158,8,0.34175674,0.00115281,0.59700243,0.48269665,91256,17440,23704,105762,0.09428798,0.13633701,0.37843137,0.44183007
dmon,amazon_photo,2,778004,0,184.1212,1000,amazon_photo.graph,7650,238162,0.138983303,7883291172,8,0.36448101,0.00112507,0.60256141,0.49182489,91746,15756,25388,105272,0.06770448,0.09383318,0.36823529,0.50562092
dmon,amazon_photo,3,778004,0,184.6342,1000,amazon_photo.graph,7650,238162,0.219122473,12428876104,8,0.34516987,0.00101337,0.66442991,0.55316969,105354,14754,26390,91664,0.09087102,0.12184391,0.36797386,0.46052288
dmon,amazon_photo,4,778004,0,184.0100,1000,amazon_photo.graph,7650,238162,0.123604900,7011010670,8,0.37344641,0.00130915,0.52376320,0.42030215,75920,16964,24180,121098,0.07786269,0.10989756,0.34823529,0.36169935
dmon,amazon_photo,5,778004,0,184.6073,1000,amazon_photo.graph,7650,238162,0.107665915,6106933282,8,0.37378671,0.00132330,0.54931688,0.43932281,81378,17892,23252,115640,0.06615611,0.09813544,0.36078431,0.37424837
dgcluster,amazon_photo,1,879828,0,100.02480173110962,300,amazon_photo.graph,7650,238162,0.711606171,40363112024,8,0.04071217,0.00019966,0.92677525,0.87394295,189988,22992,18152,7030,0.59497211,0.68439874,0.80771242,0.80823529
dgcluster,amazon_photo,2,879828,0,98.11559414863586,300,amazon_photo.graph,7650,238162,0.706344502,40064664200,7,0.04577171,0.00022745,0.92669937,0.87378339,190016,23058,18086,7002,0.57321585,0.65919467,0.77555556,0.80679739
dgcluster,amazon_photo,3,879828,0,99.36898684501648,300,amazon_photo.graph,7650,238162,0.708348945,40178358450,8,0.04195367,0.00020156,0.92503558,0.87084422,189784,23526,17618,7234,0.61189103,0.67790041,0.81503268,0.81111111
dgcluster,amazon_photo,4,879828,0,99.21516108512878,300,amazon_photo.graph,7650,238162,0.706479916,40072345006,7,0.04514520,0.00022313,0.92701633,0.87422007,190246,23184,17960,6772,0.57284811,0.66327868,0.77568627,0.80653595
dgcluster,amazon_photo,5,879828,0,98.15801072120667,300,amazon_photo.graph,7650,238162,0.702062297,39821772632,8,0.04967891,0.00025825,0.92423754,0.86961816,189404,23438,17706,7614,0.47336721,0.61583056,0.69267974,0.78849673
commdgi,amazon_photo,1,2048704,0,1272.0862,1001,amazon_photo.graph,7650,238162,-0.000000002,-170,4,0.50000000,0.00023970,0.90539988,0.82715127,196996,41144,0,22,-0.00005962,0.00761036,0.25398693,0.99960784
commdgi,amazon_photo,2,2048704,0,1278.2945,1001,amazon_photo.graph,7650,238162,0.000000000,0,1,0.00000000,0.00000000,0.90545521,0.82724364,197018,41144,0,0,0.00000000,0.00000000,0.25372549,1.00000000
commdgi,amazon_photo,3,2048704,0,1280.1362,1001,amazon_photo.graph,7650,238162,0.000000000,0,1,0.00000000,0.00000000,0.90545521,0.82724364,197018,41144,0,0,0.00000000,0.00000000,0.25372549,1.00000000
commdgi,amazon_photo,4,2048704,0,1273.1267,1001,amazon_photo.graph,7650,238162,0.000000000,0,1,0.00000000,0.00000000,0.90545521,0.82724364,197018,41144,0,0,-0.00003483,0.00395230,0.25385621,0.99986928
commdgi,amazon_photo,5,2048704,0,1317.6781,1001,amazon_photo.graph,7650,238162,0.000000000,0,1,0.00000000,0.00000000,0.90545521,0.82724364,197018,41144,0,0,0.00000000,0.00000000,0.25372549,1.00000000
clustre_fast,amazon_photo,1,6144,0,0.0107212,0,amazon_photo.graph,7650,238162,0.544859091,30905027834,624,0.34296635,0.00046560,0.74996054,0.64085790,128274,16790,24354,68744,0.16759224,0.51631503,0.87516340,0.24183007
clustre_fast,amazon_photo,2,6144,0,0.0106909,0,amazon_photo.graph,7650,238162,0.544859091,30905027834,624,0.34296635,0.00046560,0.74996054,0.64085790,128274,16790,24354,68744,0.16759224,0.51631503,0.87516340,0.24183007
clustre_fast,amazon_photo,3,6144,0,0.0107169,0,amazon_photo.graph,7650,238162,0.544859091,30905027834,624,0.34296635,0.00046560,0.74996054,0.64085790,128274,16790,24354,68744,0.16759224,0.51631503,0.87516340,0.24183007
clustre_fast,amazon_photo,4,6144,0,0.010694,0,amazon_photo.graph,7650,238162,0.544859091,30905027834,624,0.34296635,0.00046560,0.74996054,0.64085790,128274,16790,24354,68744,0.16759224,0.51631503,0.87516340,0.24183007
clustre_fast,amazon_photo,5,6144,0,0.0106671,0,amazon_photo.graph,7650,238162,0.544859091,30905027834,624,0.34296635,0.00046560,0.74996054,0.64085790,128274,16790,24354,68744,0.16759224,0.51631503,0.87516340,0.24183007
clustre_strong,amazon_photo,1,18432,0,.1589991,0,amazon_photo.graph,7650,238162,0.731797355,41508378984,33,0.00489996,0.00001750,0.92487369,0.87051671,189822,23642,17502,7196,0.55580094,0.64898710,0.82941176,0.71372549
clustre_strong,amazon_photo,2,18432,0,.1714193,0,amazon_photo.graph,7650,238162,0.731797355,41508378984,33,0.00489996,0.00001750,0.92487369,0.87051671,189822,23642,17502,7196,0.55580094,0.64898710,0.82941176,0.71372549
clustre_strong,amazon_photo,3,18432,0,.1861222,0,amazon_photo.graph,7650,238162,0.731797355,41508378984,33,0.00489996,0.00001750,0.92487369,0.87051671,189822,23642,17502,7196,0.55580094,0.64898710,0.82941176,0.71372549
clustre_strong,amazon_photo,4,18432,0,.1825835,0,amazon_photo.graph,7650,238162,0.731797355,41508378984,33,0.00489996,0.00001750,0.92487369,0.87051671,189822,23642,17502,7196,0.55580094,0.64898710,0.82941176,0.71372549
clustre_strong,amazon_photo,5,18432,0,.1514617,0,amazon_photo.graph,7650,238162,0.731797355,41508378984,33,0.00489996,0.00001750,0.92487369,0.87051671,189822,23642,17502,7196,0.55580094,0.64898710,0.82941176,0.71372549
walktrap,amazon_computers,1,1468236,0,35.5146,0,amazon_computers.graph,13752,491722,0.596771289,144293643640,269,0.12753241,0.00003207,0.85661290,0.77141556,335746,65972,43576,46428,0.32045074,0.51979497,0.77028796,0.49505526
walktrap,amazon_computers,2,1468236,0,34.7413,0,amazon_computers.graph,13752,491722,0.596771289,144293643640,269,0.12753241,0.00003207,0.85661290,0.77141556,335746,65972,43576,46428,0.32045074,0.51979497,0.77028796,0.49505526
walktrap,amazon_computers,3,1468236,0,34.9639,0,amazon_computers.graph,13752,491722,0.596771289,144293643640,269,0.12753241,0.00003207,0.85661290,0.77141556,335746,65972,43576,46428,0.32045074,0.51979497,0.77028796,0.49505526
walktrap,amazon_computers,4,1468236,0,35.1383,0,amazon_computers.graph,13752,491722,0.596771289,144293643640,269,0.12753241,0.00003207,0.85661290,0.77141556,335746,65972,43576,46428,0.32045074,0.51979497,0.77028796,0.49505526
walktrap,amazon_computers,5,1468236,0,35.0405,0,amazon_computers.graph,13752,491722,0.596771289,144293643640,269,0.12753241,0.00003207,0.85661290,0.77141556,335746,65972,43576,46428,0.32045074,0.51979497,0.77028796,0.49505526
vieclus,amazon_computers,1,130244,0,2767.64,0,amazon_computers.graph,13752,491722,0.641693834,155155489422,49,0.00464975,0.00001263,0.83894778,0.75098125,318926,59200,50348,63248,0.29974147,0.54678517,0.76214369,0.49949098
vieclus,amazon_computers,2,129296,0,2422.73,0,amazon_computers.graph,13752,491722,0.641693834,155155489422,49,0.00464975,0.00001263,0.83894778,0.75098125,318926,59200,50348,63248,0.29974147,0.54678517,0.76214369,0.49949098
vieclus,amazon_computers,3,128980,0,1682.42,0,amazon_computers.graph,13752,491722,0.641693759,155155471250,49,0.00464923,0.00001263,0.83895169,0.75098531,318930,59202,50346,63244,0.29986157,0.54683860,0.76228912,0.49956370
vieclus,amazon_computers,4,129224,0,3117.06,0,amazon_computers.graph,13752,491722,0.641693746,155155468158,49,0.00464867,0.00001263,0.83897578,0.75102192,318940,59194,50354,63234,0.29993919,0.54693524,0.76236184,0.49963642
vieclus,amazon_computers,5,129648,0,2393.66,0,amazon_computers.graph,13752,491722,0.641693759,155155471250,49,0.00464923,0.00001263,0.83895169,0.75098531,318930,59202,50346,63244,0.29986157,0.54683860,0.76228912,0.49956370
ucode,amazon_computers,1,4324324,0,1151.4875524044037,1000,amazon_computers.graph,13752,491722,0.411502851,99497490660,3,0.18299755,0.00035376,0.88172744,0.80063125,365424,81284,28264,16750,0.15109559,0.29889213,0.45222513,0.87150960
ucode,amazon_computers,2,4324324,0,1142.2530891895294,1000,amazon_computers.graph,13752,491722,0.510270397,123378547516,3,0.05826091,0.00022823,0.88313640,0.80582118,360778,74086,35462,21396,0.32262923,0.46383982,0.51956079,0.84576789
ucode,amazon_computers,3,4324324,0,1127.6028997898102,1000,amazon_computers.graph,13752,491722,0.499426191,120756521104,3,0.06280687,0.00024795,0.87586058,0.79464820,356216,75018,34530,25958,0.28408494,0.42846572,0.50712624,0.81784468
ucode,amazon_computers,4,4324324,0,1135.0616693496704,1000,amazon_computers.graph,13752,491722,0.507130441,122619335814,3,0.06777378,0.00025767,0.87883860,0.80036687,356014,72004,37544,26160,0.26225308,0.38823135,0.50363583,0.77726876
ucode,amazon_computers,5,4324324,0,1126.7604529857635,1000,amazon_computers.graph,13752,491722,0.496626760,120079645382,3,0.06320976,0.00024810,0.87460824,0.79252098,355802,75650,33898,26372,0.27738909,0.41900360,0.50756254,0.81348168
magi,amazon_computers,1,2564728,0,1574.9701108932495,100,amazon_computers.graph,13752,491722,0.605743028,146462925060,10,0.09325899,0.00022237,0.86423592,0.78155136,341890,67132,42416,40284,0.40013222,0.54361133,0.71749564,0.61329261
magi,amazon_computers,2,2564728,0,1573.2074296474457,100,amazon_computers.graph,13752,491722,0.608812986,147205211848,10,0.09249672,0.00022282,0.86419215,0.78189302,341228,66302,43246,40946,0.39711316,0.54673442,0.71473240,0.60929319
magi,amazon_computers,3,2564728,0,1574.9176161289215,100,amazon_computers.graph,13752,491722,0.610044907,147503078642,10,0.09314753,0.00022628,0.86976235,0.79110148,342996,63542,46006,39178,0.41506264,0.57014756,0.73705643,0.62929029
magi,amazon_computers,4,2564728,0,1583.8752207756042,100,amazon_computers.graph,13752,491722,0.609317064,147327093024,10,0.09330818,0.00022785,0.86104312,0.77741895,339096,66370,43178,43078,0.39257830,0.54476384,0.71589587,0.60383944
magi,amazon_computers,5,2564728,0,1556.920336008072,100,amazon_computers.graph,13752,491722,0.609129906,147281840088,10,0.09315514,0.00022435,0.86406762,0.78164491,341254,66450,43098,40920,0.39827291,0.54744521,0.71894997,0.60914776
louvain,amazon_computers,1,59392,0,0.3480,0,amazon_computers.graph,13752,491722,0.638300409,154334991370,49,0.00467263,0.00001165,0.84016517,0.75235194,320050,59650,49898,62124,0.30287963,0.54263879,0.76810646,0.50065445
louvain,amazon_computers,2,59392,0,0.5830,0,amazon_computers.graph,13752,491722,0.636867036,153988415392,50,0.00519937,0.00001327,0.83210606,0.74163450,314824,59694,49854,67350,0.27746838,0.52452420,0.76403432,0.47287667
louvain,amazon_computers,3,59392,0,0.2881,0,amazon_computers.graph,13752,491722,0.636383423,153871482248,49,0.00461584,0.00001208,0.83249508,0.74181346,315484,60266,49282,66690,0.28552166,0.53038293,0.76330716,0.47803956
louvain,amazon_computers,4,59392,0,0.3657,0,amazon_computers.graph,13752,491722,0.636709066,153950219544,50,0.00491207,0.00001110,0.84284243,0.75547159,322426,60492,49056,59748,0.31572072,0.53571350,0.76214369,0.50938045
louvain,amazon_computers,5,59392,0,0.5517,0,amazon_computers.graph,13752,491722,0.639175781,154546647972,49,0.00481659,0.00001279,0.83409863,0.74488837,315346,58616,50932,66828,0.28505368,0.53811227,0.76388889,0.48312973
leiden,amazon_computers,1,59392,0,0.1445,0,amazon_computers.graph,13752,491722,0.637497986,154140973132,50,0.00464298,0.00000955,0.86617607,0.78409345,343580,67572,41976,38594,0.34129322,0.53401948,0.74534613,0.55970041
leiden,amazon_computers,2,59392,0,0.1467,0,amazon_computers.graph,13752,491722,0.640530584,154874226508,51,0.00574887,0.00001456,0.83472479,0.74604350,315344,58046,51502,66830,0.28749259,0.54232007,0.77814136,0.49127400
leiden,amazon_computers,3,59392,0,0.1419,0,amazon_computers.graph,13752,491722,0.638892775,154478219860,49,0.00476392,0.00001052,0.86841579,0.78860820,343006,64778,44770,39168,0.34535764,0.54421458,0.76156195,0.56151832
leiden,amazon_computers,4,59392,0,0.1558,0,amazon_computers.graph,13752,491722,0.640494469,154865494148,49,0.00512206,0.00001379,0.83461841,0.74543340,315858,58860,50688,66316,0.28514435,0.53819929,0.75269052,0.48603839
leiden,amazon_computers,5,59392,0,0.1467,0,amazon_computers.graph,13752,491722,0.637710992,154192475910,49,0.00459549,0.00001034,0.87124125,0.79271214,344846,64600,44948,37328,0.35792332,0.54254347,0.75429029,0.56246364
infomap,amazon_computers,1,127316,0,1.1528,0,amazon_computers.graph,13752,491722,0.450419050,108907058714,37,0.00080868,0.00000197,0.88369751,0.79987879,373850,90080,19468,8324,0.35344715,0.45522986,0.61111111,0.77108784
infomap,amazon_computers,2,127316,0,1.1452,0,amazon_computers.graph,13752,491722,0.450419050,108907058714,37,0.00080868,0.00000197,0.88369751,0.79987879,373850,90080,19468,8324,0.35344715,0.45522986,0.61111111,0.77108784
infomap,amazon_computers,3,127316,0,1.1479,0,amazon_computers.graph,13752,491722,0.450419050,108907058714,37,0.00080868,0.00000197,0.88369751,0.79987879,373850,90080,19468,8324,0.35344715,0.45522986,0.61111111,0.77108784
infomap,amazon_computers,4,127316,0,1.1350,0,amazon_computers.graph,13752,491722,0.450419050,108907058714,37,0.00080868,0.00000197,0.88369751,0.79987879,373850,90080,19468,8324,0.35344715,0.45522986,0.61111111,0.77108784
infomap,amazon_computers,5,127316,0,1.1349,0,amazon_computers.graph,13752,491722,0.450419050,108907058714,37,0.00080868,0.00000197,0.88369751,0.79987879,373850,90080,19468,8324,0.35344715,0.45522986,0.61111111,0.77108784
hollocou,amazon_computers,1,6144,0,0.007,0,amazon_computers.graph,13752,491722,0.192767525,46609361130,1305,0.46567653,0.00024831,0.54958438,0.47260037,158216,35376,74172,223958,0.09113518,0.24269353,0.57017161,0.29253927
hollocou,amazon_computers,2,6144,0,0.007,0,amazon_computers.graph,13752,491722,0.177609223,42944227348,1346,0.46516685,0.00026274,0.53629477,0.46146400,153132,35768,73780,229042,0.05729938,0.19749378,0.49941827,0.25276323
hollocou,amazon_computers,3,6144,0,0.006,0,amazon_computers.graph,13752,491722,0.191442694,46289029752,1292,0.46542068,0.00027134,0.54650516,0.46596247,158228,38652,70896,223946,0.07499996,0.21355832,0.51657941,0.26672484
hollocou,amazon_computers,4,6144,0,0.006,0,amazon_computers.graph,13752,491722,0.184687488,44655684944,1286,0.46343891,0.00026599,0.54384277,0.46776431,156010,35548,74000,226164,0.08733451,0.23808507,0.56486329,0.27196044
hollocou,amazon_computers,5,6144,0,0.006,0,amazon_computers.graph,13752,491722,0.193813089,46862168698,1257,0.46478156,0.00025360,0.54950709,0.46935464,159140,37896,71652,223034,0.09095410,0.24831184,0.58166085,0.30533741
gnns,amazon_computers,1,8099636,0,115.18703317642212,100,amazon_computers.graph,13752,491722,0.627890026,151817859252,65,0.18679897,0.00013726,0.82211517,0.73042085,306316,56700,52848,75858,0.25446218,0.52681747,0.77523269,0.45818790
gnns,amazon_computers,2,8099636,0,114.89479494094849,100,amazon_computers.graph,13752,491722,0.625812958,151315644072,75,0.12546145,0.00015505,0.82395492,0.73392283,306180,54842,54706,75994,0.23999733,0.51778722,0.76672484,0.41710297
gnns,amazon_computers,3,8099636,0,114.71163320541382,100,amazon_computers.graph,13752,491722,0.628886230,152058731936,64,0.13273161,0.00014029,0.82410037,0.73317037,307354,56386,53162,74820,0.25327873,0.53012838,0.78323153,0.43339151
gnns,amazon_computers,4,8099636,0,114.83234786987305,100,amazon_computers.graph,13752,491722,0.627626957,151754251824,74,0.15134657,0.00014309,0.82347439,0.73288565,306358,55530,54018,75816,0.24438304,0.52098213,0.77152414,0.41194008
gnns,amazon_computers,5,8099636,0,115.7638144493103,100,amazon_computers.graph,13752,491722,0.630312988,152403708546,69,0.17956663,0.00015557,0.82647768,0.73619647,308920,56464,53084,73254,0.25323148,0.52150762,0.76287086,0.44175393
dmon,amazon_computers,1,987444,0,352.7397,1000,amazon_computers.graph,13752,491722,0.039031486,9437443542,9,0.42669022,0.00063787,0.52986071,0.43576248,156346,51620,57928,225828,-0.01234517,0.05021772,0.37507272,0.34147760
dmon,amazon_computers,2,987444,0,352.6815,1000,amazon_computers.graph,13752,491722,0.113224610,27376637996,10,0.41327600,0.00093720,0.57265936,0.48998825,168032,36642,72906,214142,0.02185657,0.11474814,0.40626818,0.45287958
dmon,amazon_computers,3,987444,0,352.3903,1000,amazon_computers.graph,13752,491722,0.033582189,8119855236,10,0.43771394,0.00056077,0.61812379,0.50065688,198720,62084,47464,183454,-0.01932201,0.04706813,0.37507272,0.45222513
dmon,amazon_computers,4,987444,0,354.2581,1000,amazon_computers.graph,13752,491722,0.125124026,30253804074,9,0.38832064,0.00052663,0.68305317,0.57444654,225482,52562,56986,156692,0.03633663,0.06911782,0.39863293,0.40859511
dmon,amazon_computers,5,987444,0,352.4090,1000,amazon_computers.graph,13752,491722,0.028620946,6920273654,10,0.43987059,0.00053174,0.67389988,0.54450686,231428,73230,36318,150746,-0.04143080,0.07261235,0.38365329,0.53999418
dgcluster,amazon_computers,1,1390472,0,193.01263618469238,300,amazon_computers.graph,13752,491722,0.610752976,147674283042,8,0.07881056,0.00022028,0.85586404,0.76895075,337308,68746,40802,44866,0.36942530,0.51963671,0.70971495,0.62209133
dgcluster,amazon_computers,2,1390472,0,194.4792537689209,300,amazon_computers.graph,13752,491722,0.606284972,146593961996,8,0.09771409,0.00036041,0.82773459,0.73393910,314314,62968,46580,67860,0.27269313,0.47886523,0.66404887,0.59278650
dgcluster,amazon_computers,3,1390472,0,193.16878581047058,300,amazon_computers.graph,13752,491722,0.599461472,144944104220,6,0.08913065,0.00026045,0.86345905,0.78061181,341100,66804,42744,41074,0.35559281,0.49398742,0.64826934,0.65968586
dgcluster,amazon_computers,4,1390472,0,192.56793999671936,300,amazon_computers.graph,13752,491722,0.589536114,142544246804,5,0.08530516,0.00026083,0.86381229,0.77974140,343482,69614,39934,38692,0.31180024,0.45688590,0.62158232,0.66979348
dgcluster,amazon_computers,5,1390472,0,194.55915594100952,300,amazon_computers.graph,13752,491722,0.592696779,143308465594,5,0.08341263,0.00026516,0.86776291,0.78588715,345446,68556,40992,36728,0.31221894,0.44743123,0.58769634,0.65154159
commdgi,amazon_computers,1,5339980,0,3406.2294,1001,amazon_computers.graph,13752,491722,0.000000000,-98,2,0.50000000,0.00025453,0.87462609,0.77718711,382160,109548,0,14,-0.00006125,0.00188392,0.37507272,0.99992728
commdgi,amazon_computers,2,5339980,0,3450.1336,1001,amazon_computers.graph,13752,491722,-0.000000004,-968,2,0.50000000,0.00079994,0.87464239,0.77722372,382154,109524,24,20,0.00001934,0.00357237,0.37514543,0.99992728
commdgi,amazon_computers,3,5339980,0,3444.1795,1001,amazon_computers.graph,13752,491722,0.000000000,0,1,0.00000000,0.00000000,0.87464412,0.77721558,382174,109548,0,0,-0.00006125,0.00188392,0.37507272,0.99992728
commdgi,amazon_computers,4,5339980,0,3418.5857,1001,amazon_computers.graph,13752,491722,-0.000000010,-2648,3,0.50000000,0.00076360,0.87460918,0.77717491,382122,109516,32,52,-0.00004192,0.00385808,0.37514543,0.99985457
commdgi,amazon_computers,5,5339980,0,3362.5833,1001,amazon_computers.graph,13752,491722,0.000000000,0,1,0.00000000,0.00000000,0.87464412,0.77721558,382174,109548,0,0,0.00000000,0.00000000,0.37507272,1.00000000
clustre_fast,amazon_computers,1,6144,0,0.0208268,0,amazon_computers.graph,13752,491722,0.422191758,102081967012,1013,0.31764248,0.00026579,0.65476342,0.55935264,205470,39972,69576,176704,0.10002007,0.46350007,0.84656777,0.20935137
clustre_fast,amazon_computers,2,6144,0,0.0209479,0,amazon_computers.graph,13752,491722,0.422191758,102081967012,1013,0.31764248,0.00026579,0.65476342,0.55935264,205470,39972,69576,176704,0.10002007,0.46350007,0.84656777,0.20935137
clustre_fast,amazon_computers,3,6144,0,0.0209301,0,amazon_computers.graph,13752,491722,0.422191758,102081967012,1013,0.31764248,0.00026579,0.65476342,0.55935264,205470,39972,69576,176704,0.10002007,0.46350007,0.84656777,0.20935137
clustre_fast,amazon_computers,4,6144,0,0.021605,0,amazon_computers.graph,13752,491722,0.422191758,102081967012,1013,0.31764248,0.00026579,0.65476342,0.55935264,205470,39972,69576,176704,0.10002007,0.46350007,0.84656777,0.20935137
clustre_fast,amazon_computers,5,6144,0,0.0208972,0,amazon_computers.graph,13752,491722,0.422191758,102081967012,1013,0.31764248,0.00026579,0.65476342,0.55935264,205470,39972,69576,176704,0.10002007,0.46350007,0.84656777,0.20935137
clustre_strong,amazon_computers,1,28672,0,1.2737992,0,amazon_computers.graph,13752,491722,0.634244938,153354416930,48,0.00380586,0.00000773,0.87011349,0.78927524,347070,68514,41034,35104,0.35804937,0.52535200,0.73145724,0.56275451
clustre_strong,amazon_computers,2,30720,0,1.8483777,0,amazon_computers.graph,13752,491722,0.634244938,153354416930,48,0.00380586,0.00000773,0.87011349,0.78927524,347070,68514,41034,35104,0.35804937,0.52535200,0.73145724,0.56275451
clustre_strong,amazon_computers,3,30720,0,1.4101007,0,amazon_computers.graph,13752,491722,0.634244938,153354416930,48,0.00380586,0.00000773,0.87011349,0.78927524,347070,68514,41034,35104,0.35804937,0.52535200,0.73145724,0.56275451
clustre_strong,amazon_computers,4,30720,0,1.2379275,0,amazon_computers.graph,13752,491722,0.634244938,153354416930,48,0.00380586,0.00000773,0.87011349,0.78927524,347070,68514,41034,35104,0.35804937,0.52535200,0.73145724,0.56275451
clustre_strong,amazon_computers,5,30720,0,1.9747399,0,amazon_computers.graph,13752,491722,0.634244938,153354416930,48,0.00380586,0.00000773,0.87011349,0.78927524,347070,68514,41034,35104,0.35804937,0.52535200,0.73145724,0.56275451
walktrap,coauthor_cs,1,935160,0,20.1718,0,coauthor_cs.graph,18333,163788,0.685632130,18393116478,675,0.16162884,0.00002557,0.86970923,0.78961829,115006,17114,14324,17344,0.35099256,0.53873578,0.74172258,0.62412044
walktrap,coauthor_cs,2,935160,0,20.2449,0,coauthor_cs.graph,18333,163788,0.685632130,18393116478,675,0.16162884,0.00002557,0.86970923,0.78961829,115006,17114,14324,17344,0.35099256,0.53873578,0.74172258,0.62412044
walktrap,coauthor_cs,3,935160,0,20.2249,0,coauthor_cs.graph,18333,163788,0.685632130,18393116478,675,0.16162884,0.00002557,0.86970923,0.78961829,115006,17114,14324,17344,0.35099256,0.53873578,0.74172258,0.62412044
walktrap,coauthor_cs,4,935160,0,20.1155,0,coauthor_cs.graph,18333,163788,0.685632130,18393116478,675,0.16162884,0.00002557,0.86970923,0.78961829,115006,17114,14324,17344,0.35099256,0.53873578,0.74172258,0.62412044
walktrap,coauthor_cs,5,935160,0,20.2141,0,coauthor_cs.graph,18333,163788,0.685632130,18393116478,675,0.16162884,0.00002557,0.86970923,0.78961829,115006,17114,14324,17344,0.35099256,0.53873578,0.74172258,0.62412044
vieclus,coauthor_cs,1,58672,0,2645.44,0,coauthor_cs.graph,18333,163788,0.759401879,20372101316,40,0.06838844,0.00002256,0.91493473,0.85915940,124056,14774,16664,8294,0.51466766,0.65553353,0.76730486,0.70997655
vieclus,coauthor_cs,2,58680,0,2136.36,0,coauthor_cs.graph,18333,163788,0.759402775,20372125350,38,0.06770036,0.00002295,0.91501899,0.85929372,124072,14768,16670,8278,0.51624484,0.65708827,0.76779578,0.71226750
vieclus,coauthor_cs,3,58700,0,3421.51,0,coauthor_cs.graph,18333,163788,0.759396793,20371964860,40,0.06841318,0.00002258,0.91496847,0.85922046,124056,14764,16674,8294,0.51579816,0.65681687,0.76823215,0.71079474
vieclus,coauthor_cs,4,58528,0,3559.25,0,coauthor_cs.graph,18333,163788,0.759394519,20371903868,39,0.06727093,0.00002261,0.91462749,0.85864654,124018,14820,16618,8332,0.51481048,0.65583608,0.76725031,0.71117657
vieclus,coauthor_cs,5,58604,0,2726.7,0,coauthor_cs.graph,18333,163788,0.759395651,20371934226,38,0.06642121,0.00002265,0.91514749,0.85950131,124094,14756,16682,8256,0.51635897,0.65736921,0.76752305,0.71161294
ucode,coauthor_cs,1,7686156,0,2321.447016477585,1000,coauthor_cs.graph,18333,163788,0.674652705,18098576850,5,0.05445028,0.00003410,0.92432572,0.87124820,128790,17528,13910,3560,0.56024791,0.70149827,0.56973763,0.95849015
ucode,coauthor_cs,2,7686156,0,2280.086525440216,1000,coauthor_cs.graph,18333,163788,0.670072305,17975700702,5,0.05600246,0.00003508,0.92086662,0.86561897,128064,17724,13714,4286,0.54248881,0.69461078,0.56341024,0.95461736
ucode,coauthor_cs,3,7686156,0,2286.837067127228,1000,coauthor_cs.graph,18333,163788,0.672446513,18039392402,5,0.05540126,0.00003479,0.92274099,0.86865949,128464,17626,13812,3886,0.55217739,0.69952002,0.56581029,0.95783560
ucode,coauthor_cs,4,7686156,0,2268.3490657806396,1000,coauthor_cs.graph,18333,163788,0.673023309,18054865844,5,0.05519351,0.00003455,0.92332893,0.86968520,128520,17514,13924,3830,0.55648299,0.69911551,0.56837397,0.95712649
ucode,coauthor_cs,5,7686156,0,2279.9116230010986,1000,coauthor_cs.graph,18333,163788,0.670708973,17992780276,5,0.05619217,0.00003525,0.92179177,0.86715755,128224,17632,13806,4126,0.55513478,0.69657905,0.56728304,0.95609011
magi,coauthor_cs,1,6153756,0,3364.2469551563263,100,coauthor_cs.graph,18333,163788,0.731557649,19625137814,15,0.09965614,0.00005117,0.89498236,0.83065914,118186,13572,17866,14164,0.50016113,0.65957155,0.79414171,0.62712049
magi,coauthor_cs,2,6153756,0,3375.7143449783325,100,coauthor_cs.graph,18333,163788,0.732214631,19642762358,15,0.09831780,0.00005054,0.89524905,0.83097663,118300,13634,17804,14050,0.50303324,0.66134340,0.79577811,0.63142966
magi,coauthor_cs,3,6153756,0,3433.3982520103455,100,coauthor_cs.graph,18333,163788,0.730299374,19591382712,15,0.09962530,0.00005173,0.89134045,0.82500549,117558,13870,17568,14792,0.49493332,0.65364528,0.78917799,0.63366607
magi,coauthor_cs,4,6153756,0,3446.430565595627,100,coauthor_cs.graph,18333,163788,0.732217767,19642846476,15,0.09906077,0.00005129,0.89303023,0.82750873,117930,13832,17606,14420,0.49928149,0.65905562,0.79288714,0.63192058
magi,coauthor_cs,5,6153756,0,3453.869377374649,100,coauthor_cs.graph,18333,163788,0.729565790,19571703208,15,0.10047330,0.00005183,0.89385619,0.82912057,117846,13484,17954,14504,0.49983833,0.65966434,0.79397807,0.62995691
louvain,coauthor_cs,1,32768,0,0.3276,0,coauthor_cs.graph,18333,163788,0.737160434,19775440982,21,0.08466694,0.00003763,0.88119063,0.80572447,118002,17472,13966,14348,0.40478654,0.57188746,0.68821251,0.61730213
louvain,coauthor_cs,2,32768,0,0.3106,0,coauthor_cs.graph,18333,163788,0.732509831,19650681556,28,0.08255024,0.00003200,0.88102899,0.80539478,118020,17544,13894,14330,0.41235276,0.56484267,0.66917580,0.61479300
louvain,coauthor_cs,3,32768,0,0.3993,0,coauthor_cs.graph,18333,163788,0.737797994,19792544500,28,0.07708629,0.00003125,0.87819019,0.80143844,117234,17406,14032,15116,0.41012798,0.56772798,0.68783069,0.59941090
louvain,coauthor_cs,4,32768,0,0.3915,0,coauthor_cs.graph,18333,163788,0.733291018,19671638068,31,0.08617129,0.00003328,0.87742168,0.80066916,116848,17146,14292,15502,0.41861534,0.57929749,0.72159494,0.62204767
louvain,coauthor_cs,5,32768,0,0.4388,0,coauthor_cs.graph,18333,163788,0.739079505,19826922972,27,0.08044519,0.00003209,0.88469608,0.81142697,118490,17026,14412,13860,0.42353318,0.58031127,0.70724922,0.63153876
leiden,coauthor_cs,1,34816,0,0.1068,0,coauthor_cs.graph,18333,163788,0.752612347,20189961862,33,0.06959483,0.00002706,0.90083643,0.83655701,121594,16014,15424,10756,0.46466891,0.62810829,0.73670430,0.67053946
leiden,coauthor_cs,2,34816,0,0.1079,0,coauthor_cs.graph,18333,163788,0.749953398,20118631564,28,0.07268078,0.00003027,0.89180333,0.82259995,119746,16452,14986,12604,0.44434416,0.60679314,0.74303169,0.63153876
leiden,coauthor_cs,3,34816,0,0.1085,0,coauthor_cs.graph,18333,163788,0.751967320,20172658042,36,0.07572932,0.00002783,0.89886225,0.83338218,121270,16210,15228,11080,0.45223566,0.61654809,0.73844979,0.65657557
leiden,coauthor_cs,4,34816,0,0.1090,0,coauthor_cs.graph,18333,163788,0.752346453,20182828864,32,0.06638967,0.00002402,0.90338417,0.83995164,122554,16418,15020,9796,0.47322088,0.62228854,0.72874052,0.69290351
leiden,coauthor_cs,5,34816,0,0.1080,0,coauthor_cs.graph,18333,163788,0.752527522,20187686318,33,0.06719497,0.00002488,0.90062107,0.83606858,121664,16164,15274,10686,0.45805816,0.62098729,0.74112257,0.65406644
infomap,coauthor_cs,1,78356,0,1.1035,0,coauthor_cs.graph,18333,163788,0.688317158,18465146406,9,0.06888364,0.00003432,0.90220155,0.83466432,124908,19638,11800,7442,0.51223610,0.58167235,0.56788305,0.85670649
infomap,coauthor_cs,2,78356,0,1.1044,0,coauthor_cs.graph,18333,163788,0.688317158,18465146406,9,0.06888364,0.00003432,0.90220155,0.83466432,124908,19638,11800,7442,0.51223610,0.58167235,0.56788305,0.85670649
infomap,coauthor_cs,3,78356,0,1.1100,0,coauthor_cs.graph,18333,163788,0.688317158,18465146406,9,0.06888364,0.00003432,0.90220155,0.83466432,124908,19638,11800,7442,0.51223610,0.58167235,0.56788305,0.85670649
infomap,coauthor_cs,4,78356,0,1.1043,0,coauthor_cs.graph,18333,163788,0.688317158,18465146406,9,0.06888364,0.00003432,0.90220155,0.83466432,124908,19638,11800,7442,0.51223610,0.58167235,0.56788305,0.85670649
infomap,coauthor_cs,5,78356,0,1.1047,0,coauthor_cs.graph,18333,163788,0.688317158,18465146406,9,0.06888364,0.00003432,0.90220155,0.83466432,124908,19638,11800,7442,0.51223610,0.58167235,0.56788305,0.85670649
hollocou,coauthor_cs,1,4096,0,0.003,0,coauthor_cs.graph,18333,163788,0.290116339,7782808564,1744,0.42959451,0.00006306,0.53770090,0.44680929,52692,10948,20490,79658,0.07223727,0.28941493,0.50286369,0.23171330
hollocou,coauthor_cs,2,4096,0,0.003,0,coauthor_cs.graph,18333,163788,0.295601245,7929949466,1763,0.43124270,0.00006216,0.54699902,0.45430679,53962,10990,20448,78388,0.07130223,0.29526759,0.50651830,0.24229531
hollocou,coauthor_cs,3,4096,0,0.002,0,coauthor_cs.graph,18333,163788,0.301076167,8076822502,1767,0.42839982,0.00006383,0.54722225,0.45293917,54146,11398,20040,78204,0.07828609,0.30177687,0.50651830,0.25200458
hollocou,coauthor_cs,4,4096,0,0.003,0,coauthor_cs.graph,18333,163788,0.287293598,7707084294,1769,0.42796212,0.00006297,0.53454583,0.44374435,52316,11074,20364,80034,0.06242255,0.28765691,0.48889980,0.23940435
hollocou,coauthor_cs,5,4096,0,0.003,0,coauthor_cs.graph,18333,163788,0.311998716,8369836358,1944,0.43268174,0.00006414,0.56575663,0.46899651,56656,11278,20160,75694,0.10096319,0.30452005,0.51802760,0.29553265
gnns,coauthor_cs,1,8284076,0,162.26146841049194,150,coauthor_cs.graph,18333,163788,0.696897249,18695320290,131,0.17278099,0.00006112,0.84360234,0.75749139,107124,14494,16944,25226,0.23304230,0.47063571,0.69644903,0.40249823
gnns,coauthor_cs,2,8284076,0,162.3389482498169,150,coauthor_cs.graph,18333,163788,0.704417102,18897051712,120,0.15670010,0.00005525,0.85409135,0.77279166,108918,13782,17656,23432,0.28587287,0.54079936,0.78148694,0.44608084
gnns,coauthor_cs,3,8284076,0,162.24350357055664,150,coauthor_cs.graph,18333,163788,0.700445358,18790503684,129,0.16307589,0.00005855,0.84781688,0.76310841,108078,14528,16910,24272,0.27519542,0.50482023,0.72574047,0.43986254
gnns,coauthor_cs,4,8284076,0,162.3801109790802,150,coauthor_cs.graph,18333,163788,0.715088946,19183340010,115,0.16987081,0.00005047,0.86596208,0.78938628,111432,13578,17860,20918,0.32287470,0.55974021,0.78879616,0.48415426
gnns,coauthor_cs,5,8284076,0,162.99970078468323,150,coauthor_cs.graph,18333,163788,0.696503648,18684761368,124,0.14874520,0.00005269,0.84315412,0.75723496,106874,14286,17152,25476,0.26041418,0.50586031,0.73081329,0.40751650
dmon,coauthor_cs,1,3499588,0,206.5750,1000,coauthor_cs.graph,18333,163788,0.728462195,19542097612,15,0.11772130,0.00004865,0.91128966,0.85560603,121474,12774,18664,10876,0.56646902,0.71572346,0.79457808,0.72377680
dmon,coauthor_cs,2,3499588,0,209.0968,1000,coauthor_cs.graph,18333,163788,0.712006807,19100657000,15,0.12096425,0.00005828,0.89898489,0.83826654,117874,12014,19424,14476,0.53504289,0.69613254,0.80870561,0.68733977
dmon,coauthor_cs,3,3499588,0,214.2928,1000,coauthor_cs.graph,18333,163788,0.720678498,19333288180,15,0.13103857,0.00005360,0.89633857,0.83208782,118902,14054,17384,13448,0.50101376,0.68577007,0.74548628,0.68253968
dmon,coauthor_cs,4,3499588,0,216.4898,1000,coauthor_cs.graph,18333,163788,0.699360277,18761394736,15,0.12825537,0.00006024,0.88117299,0.81098737,114786,13394,18044,17564,0.48070446,0.67094830,0.72683140,0.63775705
dmon,coauthor_cs,5,3499588,0,216.6000,1000,coauthor_cs.graph,18333,163788,0.726400094,19486778622,15,0.10848730,0.00005029,0.90176733,0.84097736,119550,13246,18192,12800,0.52738438,0.71101172,0.79294169,0.69677631
dgcluster,coauthor_cs,1,5836800,0,140.78169536590576,300,coauthor_cs.graph,18333,163788,0.725666198,19467090762,12,0.10070501,0.00004353,0.91284800,0.85466579,124664,16118,15320,7686,0.66689812,0.69596509,0.70910380,0.82752414
dgcluster,coauthor_cs,2,5836800,0,140.0741627216339,300,coauthor_cs.graph,18333,163788,0.717538285,19249047240,7,0.06522409,0.00003874,0.91916732,0.86382397,126812,16766,14672,5538,0.63224911,0.68210662,0.65952108,0.90508918
dgcluster,coauthor_cs,3,5836800,0,140.33432173728943,300,coauthor_cs.graph,18333,163788,0.725030520,19450037742,9,0.06945917,0.00003735,0.91673156,0.86029502,125958,16490,14948,6392,0.67132260,0.69628951,0.71297660,0.87181585
dgcluster,coauthor_cs,4,5836800,0,140.04956459999084,300,coauthor_cs.graph,18333,163788,0.726288279,19483779038,10,0.07810125,0.00003978,0.91268842,0.85429946,124728,16242,15196,7622,0.66283051,0.69077587,0.70370370,0.82877871
dgcluster,coauthor_cs,5,5836800,0,139.7098000049591,300,coauthor_cs.graph,18333,163788,0.701199049,18810722572,7,0.06789879,0.00003718,0.90844505,0.84547097,125568,18528,12910,6782,0.58075701,0.65053469,0.58735613,0.88545246
commdgi,coauthor_cs,1,9544124,0,3603.2731,607,coauthor_cs.graph,18333,163788,0.683817291,18344430696,10,0.14222146,0.00004711,0.91692223,0.86073461,125876,16336,15102,6474,0.61512154,0.71343003,0.66410298,0.92739868
commdgi,coauthor_cs,2,9544124,0,3600.4678,626,coauthor_cs.graph,18333,163788,0.705570616,18927996442,14,0.10362120,0.00003622,0.91979845,0.86686448,125042,14498,16940,7308,0.72536534,0.75590152,0.76185022,0.89216168
commdgi,coauthor_cs,3,9544124,0,3600.9352,621,coauthor_cs.graph,18333,163788,0.664457269,17825068888,15,0.22089548,0.00003620,0.90997989,0.84802305,125812,18354,13084,6538,0.56404689,0.67043915,0.62886598,0.88992527
commdgi,coauthor_cs,4,9544124,0,3603.7979,628,coauthor_cs.graph,18333,163788,0.683078409,18324609066,15,0.15152998,0.00004958,0.89354766,0.82614111,119512,15638,15800,12838,0.66637481,0.71505375,0.71177658,0.81279660
commdgi,coauthor_cs,5,9544124,0,3603.2186,624,coauthor_cs.graph,18333,163788,0.695033480,18645321878,13,0.17496715,0.00005527,0.91647715,0.86277383,123312,13438,18000,9038,0.70713892,0.73449867,0.74112257,0.88850706
clustre_fast,coauthor_cs,1,6144,0,0.0187578,0,coauthor_cs.graph,18333,163788,0.415641829,11150219262,2937,0.33617291,0.00010155,0.59657984,0.50453025,60004,8806,22632,72346,0.01848876,0.48611936,0.85577920,0.07341952
clustre_fast,coauthor_cs,2,6144,0,0.0197718,0,coauthor_cs.graph,18333,163788,0.415641829,11150219262,2937,0.33617291,0.00010155,0.59657984,0.50453025,60004,8806,22632,72346,0.01848876,0.48611936,0.85577920,0.07341952
clustre_fast,coauthor_cs,3,6144,0,0.019074,0,coauthor_cs.graph,18333,163788,0.415641829,11150219262,2937,0.33617291,0.00010155,0.59657984,0.50453025,60004,8806,22632,72346,0.01848876,0.48611936,0.85577920,0.07341952
clustre_fast,coauthor_cs,4,6144,0,0.0190878,0,coauthor_cs.graph,18333,163788,0.415641829,11150219262,2937,0.33617291,0.00010155,0.59657984,0.50453025,60004,8806,22632,72346,0.01848876,0.48611936,0.85577920,0.07341952
clustre_fast,coauthor_cs,5,6144,0,0.0190969,0,coauthor_cs.graph,18333,163788,0.415641829,11150219262,2937,0.33617291,0.00010155,0.59657984,0.50453025,60004,8806,22632,72346,0.01848876,0.48611936,0.85577920,0.07341952
clustre_strong,coauthor_cs,1,55296,0,102.0619874,0,coauthor_cs.graph,18333,163788,0.747667436,20057307160,31,0.07254478,0.00002809,0.89891047,0.83390725,120952,15806,15632,11398,0.46530868,0.61190169,0.73528610,0.66857579
clustre_strong,coauthor_cs,2,51200,0,121.0725872,0,coauthor_cs.graph,18333,163788,0.747667436,20057307160,31,0.07254478,0.00002809,0.89891047,0.83390725,120952,15806,15632,11398,0.46530868,0.61190169,0.73528610,0.66857579
clustre_strong,coauthor_cs,3,51200,0,530.3062966,0,coauthor_cs.graph,18333,163788,0.747671361,20057412454,32,0.07148269,0.00002734,0.89893202,0.83394388,120954,15802,15636,11396,0.46523392,0.61186719,0.73534064,0.66841215
clustre_strong,coauthor_cs,4,47104,0,100.581964,0,coauthor_cs.graph,18333,163788,0.747671361,20057412454,32,0.07148269,0.00002734,0.89893202,0.83394388,120954,15802,15636,11396,0.46523392,0.61186719,0.73534064,0.66841215
clustre_strong,coauthor_cs,5,51200,0,263.1020729,0,coauthor_cs.graph,18333,163788,0.747701212,20058213254,32,0.07147513,0.00002734,0.89897961,0.83401714,120964,15800,15638,11386,0.46542888,0.61264493,0.73566792,0.66873943
walktrap,cora,1,27316,0,0.2075,0,cora.graph,2708,10556,0.764567195,85195062,243,0.08019804,0.00006936,0.86007140,0.76979917,7468,1348,658,1082,0.19002667,0.46874083,0.80502216,0.35155096
walktrap,cora,2,27316,0,0.2071,0,cora.graph,2708,10556,0.764567195,85195062,243,0.08019804,0.00006936,0.86007140,0.76979917,7468,1348,658,1082,0.19002667,0.46874083,0.80502216,0.35155096
walktrap,cora,3,27316,0,0.2083,0,cora.graph,2708,10556,0.764567195,85195062,243,0.08019804,0.00006936,0.86007140,0.76979917,7468,1348,658,1082,0.19002667,0.46874083,0.80502216,0.35155096
walktrap,cora,4,27316,0,0.2074,0,cora.graph,2708,10556,0.764567195,85195062,243,0.08019804,0.00006936,0.86007140,0.76979917,7468,1348,658,1082,0.19002667,0.46874083,0.80502216,0.35155096
walktrap,cora,5,27316,0,0.2088,0,cora.graph,2708,10556,0.764567195,85195062,243,0.08019804,0.00006936,0.86007140,0.76979917,7468,1348,658,1082,0.19002667,0.46874083,0.80502216,0.35155096
vieclus,cora,1,20480,0,47.1501,0,cora.graph,2708,10556,0.825492104,91983872,105,0.01424726,0.00002110,0.87711864,0.79120879,7866,1520,486,684,0.23799248,0.48147449,0.78064993,0.37444609
vieclus,cora,2,22528,0,111.862,0,cora.graph,2708,10556,0.825492104,91983872,105,0.01424726,0.00002110,0.87711864,0.79120879,7866,1520,486,684,0.23799248,0.48147449,0.78064993,0.37444609
vieclus,cora,3,20480,0,170.939,0,cora.graph,2708,10556,0.825492104,91983872,105,0.01424726,0.00002110,0.87711864,0.79120879,7866,1520,486,684,0.23799248,0.48147449,0.78064993,0.37444609
vieclus,cora,4,20480,0,22.3609,0,cora.graph,2708,10556,0.825492104,91983872,105,0.01424726,0.00002110,0.87711864,0.79120879,7866,1520,486,684,0.23799248,0.48147449,0.78064993,0.37444609
vieclus,cora,5,20480,0,64.2549,0,cora.graph,2708,10556,0.825492104,91983872,105,0.01424726,0.00002110,0.87711864,0.79120879,7866,1520,486,684,0.23799248,0.48147449,0.78064993,0.37444609
ucode,cora,1,576888,0,32.24958848953247,1000,cora.graph,2708,10556,0.680025769,75774684,6,0.06734377,0.00012076,0.88395674,0.80485032,7846,1356,650,704,0.49226555,0.55657083,0.71971935,0.77104874
ucode,cora,2,576888,0,31.95202875137329,1000,cora.graph,2708,10556,0.691104936,77009226,7,0.07427492,0.00012624,0.87777146,0.79632437,7720,1320,686,830,0.47356147,0.52460796,0.69608567,0.71159527
ucode,cora,3,576888,0,32.02509808540344,1000,cora.graph,2708,10556,0.685207035,76352028,7,0.05821417,0.00010274,0.88448101,0.80579765,7848,1348,658,702,0.45949597,0.54800798,0.71196455,0.75443131
ucode,cora,4,576888,0,32.04862856864929,1000,cora.graph,2708,10556,0.686407763,76485824,6,0.06714569,0.00011798,0.88540492,0.80750284,7850,1332,674,700,0.46698222,0.54108092,0.70753323,0.75812408
ucode,cora,5,576888,0,31.905256271362305,1000,cora.graph,2708,10556,0.690312810,76920960,6,0.06559877,0.00011405,0.88417729,0.80541872,7840,1344,662,710,0.49374601,0.53403931,0.69350074,0.74519941
magi,cora,1,807816,0,56.425377368927,100,cora.graph,2708,10556,0.743990530,82902222,7,0.05152033,0.00008718,0.88575865,0.80485032,7986,1496,510,564,0.45094131,0.51286570,0.69017725,0.68943870
magi,cora,2,807816,0,57.65014028549194,100,cora.graph,2708,10556,0.744562266,82965930,7,0.05098097,0.00008618,0.88649728,0.80617658,7990,1486,520,560,0.45200965,0.50859743,0.68980798,0.68648449
magi,cora,3,807816,0,56.987881898880005,100,cora.graph,2708,10556,0.741412192,82614920,7,0.05311315,0.00008999,0.88511111,0.80409246,7966,1484,522,584,0.44541337,0.50805872,0.68943870,0.68316100
magi,cora,4,807816,0,56.591373443603516,100,cora.graph,2708,10556,0.736832671,82104628,7,0.05610392,0.00009504,0.88281860,0.80087154,7918,1470,536,632,0.45174196,0.51197626,0.69423929,0.69423929
magi,cora,5,807816,0,56.726616621017456,100,cora.graph,2708,10556,0.742036050,82684436,7,0.05382325,0.00009006,0.88864241,0.80977643,8012,1470,536,538,0.46515168,0.52192919,0.70642541,0.70384047
louvain,cora,1,20480,0,0.0147,0,cora.graph,2708,10556,0.815130649,90829304,107,0.01850892,0.00002800,0.87945175,0.79670330,7828,1424,582,722,0.24869856,0.47596932,0.77252585,0.38367799
louvain,cora,2,20480,0,0.0121,0,cora.graph,2708,10556,0.815674762,90889934,100,0.01237295,0.00001906,0.88105334,0.79802956,7896,1478,528,654,0.26735004,0.48267082,0.77474151,0.39512555
louvain,cora,3,20480,0,0.0127,0,cora.graph,2708,10556,0.811405573,90414222,105,0.01662237,0.00002534,0.87813097,0.79442971,7818,1438,568,732,0.25233945,0.46637632,0.76587888,0.37961595
louvain,cora,4,20480,0,0.0115,0,cora.graph,2708,10556,0.811155513,90386358,100,0.01379409,0.00002170,0.87335360,0.78685108,7758,1458,548,792,0.22626231,0.45666764,0.76181684,0.37666174
louvain,cora,5,20480,0,0.0130,0,cora.graph,2708,10556,0.814229969,90728942,105,0.01664148,0.00002479,0.87871648,0.79518757,7832,1444,562,718,0.25821233,0.47622582,0.77289513,0.40731167
leiden,cora,1,20480,0,0.0128,0,cora.graph,2708,10556,0.820794428,91460414,103,0.01383170,0.00002079,0.87898802,0.79518757,7852,1464,542,698,0.23951420,0.48671833,0.77843427,0.39032496
leiden,cora,2,20480,0,0.0122,0,cora.graph,2708,10556,0.821940573,91588128,106,0.01507874,0.00002183,0.87946429,0.79537704,7880,1490,516,670,0.25453865,0.48014633,0.76846381,0.39032496
leiden,cora,3,20480,0,0.0125,0,cora.graph,2708,10556,0.821079506,91492180,107,0.01637476,0.00002343,0.88058036,0.79727169,7890,1480,526,660,0.25627572,0.48394056,0.79025111,0.40361891
leiden,cora,4,20480,0,0.0133,0,cora.graph,2708,10556,0.822761633,91679618,106,0.01517447,0.00002199,0.87941045,0.79537704,7876,1486,520,674,0.25556074,0.47723529,0.77695716,0.38663220
leiden,cora,5,20480,0,0.0125,0,cora.graph,2708,10556,0.822425689,91642184,108,0.01669003,0.00002409,0.87843575,0.79386131,7862,1488,518,688,0.26047550,0.48598926,0.78508124,0.39586411
infomap,cora,1,19324,0,0.0694,0,cora.graph,2708,10556,0.796185173,88718226,90,0.00726794,0.00001133,0.88377217,0.80011368,8022,1582,424,528,0.26128214,0.45919216,0.71787297,0.45420975
infomap,cora,2,19324,0,0.0703,0,cora.graph,2708,10556,0.796185173,88718226,90,0.00726794,0.00001133,0.88377217,0.80011368,8022,1582,424,528,0.26128214,0.45919216,0.71787297,0.45420975
infomap,cora,3,19324,0,0.0701,0,cora.graph,2708,10556,0.796185173,88718226,90,0.00726794,0.00001133,0.88377217,0.80011368,8022,1582,424,528,0.26128214,0.45919216,0.71787297,0.45420975
infomap,cora,4,19324,0,0.0703,0,cora.graph,2708,10556,0.796185173,88718226,90,0.00726794,0.00001133,0.88377217,0.80011368,8022,1582,424,528,0.26128214,0.45919216,0.71787297,0.45420975
infomap,cora,5,19324,0,0.0706,0,cora.graph,2708,10556,0.796185173,88718226,90,0.00726794,0.00001133,0.88377217,0.80011368,8022,1582,424,528,0.26128214,0.45919216,0.71787297,0.45420975
hollocou,cora,1,2048,0,0.000,0,cora.graph,2708,10556,0.288435279,32140094,349,0.31481923,0.00021001,0.75728398,0.63224706,6056,1388,618,2494,0.01193404,0.29124515,0.55982275,0.48929099
hollocou,cora,2,2048,0,0.000,0,cora.graph,2708,10556,0.412914195,46010672,350,0.30850892,0.00021141,0.70188679,0.58090186,5208,1082,924,3342,0.09815842,0.35727639,0.68870015,0.33234860
hollocou,cora,3,2048,0,0.001,0,cora.graph,2708,10556,0.424614564,47314434,354,0.31078986,0.00020229,0.74168195,0.62637363,5662,1056,950,2888,0.08318325,0.35154669,0.64512555,0.36964549
hollocou,cora,4,2048,0,0.000,0,cora.graph,2708,10556,0.399823938,44552036,345,0.30360646,0.00020055,0.71085961,0.59340659,5276,1018,988,3274,0.07566790,0.34582211,0.65398818,0.30539143
hollocou,cora,5,2048,0,0.000,0,cora.graph,2708,10556,0.406904366,45341002,337,0.30235027,0.00020013,0.72298625,0.59928003,5520,1200,806,3030,0.06425214,0.33231055,0.61521418,0.35302806
gnns,cora,1,1352800,0,9.438102006912231,50,cora.graph,2708,10556,0.757326611,84388250,51,0.10186829,0.00013602,0.83669855,0.73796893,7086,1302,704,1464,0.11653899,0.32067841,0.60376662,0.24815362
gnns,cora,2,1352800,0,9.34212613105774,50,cora.graph,2708,10556,0.761767245,84883066,52,0.10484627,0.00013973,0.84148497,0.74516862,7140,1280,726,1410,0.11389712,0.32890372,0.61189069,0.24372230
gnns,cora,3,1352800,0,9.396103382110596,50,cora.graph,2708,10556,0.758080705,84472278,52,0.09608370,0.00012901,0.84334789,0.74857901,7144,1248,758,1406,0.10484894,0.31370087,0.61964549,0.23596750
gnns,cora,4,1352800,0,9.522939443588257,50,cora.graph,2708,10556,0.766331778,85391688,51,0.09551045,0.00012763,0.84048792,0.74232664,7166,1336,670,1384,0.14481867,0.37974708,0.68353028,0.27584934
gnns,cora,5,1352800,0,9.35314130783081,50,cora.graph,2708,10556,0.761505949,84853950,51,0.11004331,0.00014522,0.83826128,0.73986358,7116,1312,694,1434,0.12319033,0.32233994,0.61152142,0.24409158
dmon,cora,1,664012,0,42.6382,1000,cora.graph,2708,10556,0.739348494,82384964,7,0.05590941,0.00009070,0.88064014,0.79651383,7924,1522,484,626,0.34217034,0.43988599,0.61410635,0.58530281
dmon,cora,2,664012,0,42.2677,1000,cora.graph,2708,10556,0.726601433,80964570,7,0.06237284,0.00010069,0.88024153,0.79708223,7872,1464,542,678,0.36909741,0.47861529,0.69017725,0.64180207
dmon,cora,3,664012,0,41.9041,1000,cora.graph,2708,10556,0.728596962,81186930,7,0.06518122,0.00010493,0.88677343,0.80845017,7918,1390,616,632,0.37733589,0.45554479,0.65103397,0.65029542
dmon,cora,4,664012,0,41.7566,1000,cora.graph,2708,10556,0.704536809,78505928,7,0.07435224,0.00011520,0.86813681,0.77794619,7716,1510,496,834,0.24401495,0.36286617,0.51255539,0.53988183
dmon,cora,5,664012,0,42.3598,1000,cora.graph,2708,10556,0.724222684,80699508,7,0.06386249,0.00009957,0.88495971,0.80522925,7908,1414,592,642,0.32471758,0.42101551,0.57828656,0.59379616
dgcluster,cora,1,548864,0,18.708858728408813,300,cora.graph,2708,10556,0.789664706,87991656,20,0.05551878,0.00008117,0.88256228,0.79992421,7936,1498,508,614,0.35627119,0.48996506,0.73153619,0.53175775
dgcluster,cora,2,548864,0,18.424140214920044,300,cora.graph,2708,10556,0.772295838,86056258,11,0.04477206,0.00007193,0.88447012,0.80295567,7962,1492,514,588,0.37216864,0.47044005,0.68870015,0.59896603
dgcluster,cora,3,548864,0,16.71747136116028,300,cora.graph,2708,10556,0.791214193,88164314,17,0.06026482,0.00009669,0.88566648,0.80579765,7940,1440,566,610,0.40125645,0.50077596,0.72784343,0.57053176
dgcluster,cora,4,548864,0,16.55287528038025,300,cora.graph,2708,10556,0.787271149,87724944,18,0.05255995,0.00007947,0.87999105,0.79670330,7868,1464,542,682,0.30707717,0.44011446,0.69830133,0.50738552
dgcluster,cora,5,548864,0,16.574984550476074,300,cora.graph,2708,10556,0.781227505,87051506,16,0.06131583,0.00009100,0.87931999,0.79556650,7862,1470,536,688,0.33814460,0.46191067,0.72636632,0.49778434
commdgi,cora,1,735032,0,140.0168,1001,cora.graph,2708,10556,0.676960629,75433138,5,0.04540283,0.00008116,0.89263668,0.81546040,8098,1496,510,452,0.43019292,0.50849922,0.65546529,0.77400295
commdgi,cora,2,735032,0,141.1745,1001,cora.graph,2708,10556,0.724556887,80736748,6,0.04635797,0.00008039,0.89795019,0.82455476,8148,1450,556,402,0.51869608,0.54534843,0.73190547,0.78286558
commdgi,cora,3,735032,0,140.1037,1001,cora.graph,2708,10556,0.613030922,68309506,6,0.10956965,0.00007728,0.89175985,0.81110269,8214,1658,348,336,0.31788458,0.42391799,0.54505170,0.78988183
commdgi,cora,4,735032,0,140.6151,1001,cora.graph,2708,10556,0.667946451,74428696,5,0.04369597,0.00007606,0.88974218,0.80958696,8110,1570,436,440,0.38308454,0.45407399,0.61816839,0.73818316
commdgi,cora,5,735032,0,141.2976,1001,cora.graph,2708,10556,0.699556676,77950996,5,0.04293208,0.00007724,0.89115423,0.81186055,8130,1566,440,420,0.41832428,0.51524497,0.63515510,0.78064993
clustre_fast,cora,1,6144,0,0.00247502,0,cora.graph,2708,10556,0.549598858,61241326,679,0.26076586,0.00028532,0.68301469,0.56650246,4930,956,1050,3620,0.02092989,0.46289107,0.87555391,0.07090103
clustre_fast,cora,2,6144,0,0.00245094,0,cora.graph,2708,10556,0.549598858,61241326,679,0.26076586,0.00028532,0.68301469,0.56650246,4930,956,1050,3620,0.02092989,0.46289107,0.87555391,0.07090103
clustre_fast,cora,3,6144,0,0.00247192,0,cora.graph,2708,10556,0.549598858,61241326,679,0.26076586,0.00028532,0.68301469,0.56650246,4930,956,1050,3620,0.02092989,0.46289107,0.87555391,0.07090103
clustre_fast,cora,4,6144,0,0.00247002,0,cora.graph,2708,10556,0.549598858,61241326,679,0.26076586,0.00028532,0.68301469,0.56650246,4930,956,1050,3620,0.02092989,0.46289107,0.87555391,0.07090103
clustre_fast,cora,5,6144,0,0.00246811,0,cora.graph,2708,10556,0.549598858,61241326,679,0.26076586,0.00028532,0.68301469,0.56650246,4930,956,1050,3620,0.02092989,0.46289107,0.87555391,0.07090103
clustre_strong,cora,1,16384,0,17.81424069,0,cora.graph,2708,10556,0.818065698,91156354,106,0.01611375,0.00002402,0.87578335,0.78969307,7826,1496,510,724,0.25811850,0.46898893,0.76514032,0.40066470
clustre_strong,cora,2,12288,0,18.15157907,0,cora.graph,2708,10556,0.818323279,91185056,106,0.01576861,0.00002366,0.87648243,0.79082986,7834,1492,514,716,0.25608280,0.46777307,0.76809453,0.40214180
clustre_strong,cora,3,16384,0,10.86896633,0,cora.graph,2708,10556,0.818323279,91185056,106,0.01576861,0.00002366,0.87648243,0.79082986,7834,1492,514,716,0.25608280,0.46777307,0.76809453,0.40214180
clustre_strong,cora,4,16384,0,18.34562723,0,cora.graph,2708,10556,0.818323279,91185056,106,0.01576861,0.00002366,0.87648243,0.79082986,7834,1492,514,716,0.25608280,0.46777307,0.76809453,0.40214180
clustre_strong,cora,5,16384,0,13.86254225,0,cora.graph,2708,10556,0.818323279,91185056,106,0.01576861,0.00002366,0.87648243,0.79082986,7834,1492,514,716,0.25608280,0.46777307,0.76809453,0.40214180
walktrap,coauthor_physics,1,4356044,0,94.2728,0,coauthor_physics.graph,34493,495924,0.566905090,139424985808,1859,0.24217066,0.00002705,0.83979220,0.73534655,343994,13316,20682,117932,0.21401694,0.43106771,0.92047662,0.24387557
walktrap,coauthor_physics,2,4356044,0,94.7029,0,coauthor_physics.graph,34493,495924,0.566905090,139424985808,1859,0.24217066,0.00002705,0.83979220,0.73534655,343994,13316,20682,117932,0.21401694,0.43106771,0.92047662,0.24387557
walktrap,coauthor_physics,3,4356044,0,94.4382,0,coauthor_physics.graph,34493,495924,0.566905090,139424985808,1859,0.24217066,0.00002705,0.83979220,0.73534655,343994,13316,20682,117932,0.21401694,0.43106771,0.92047662,0.24387557
walktrap,coauthor_physics,4,4356044,0,94.5720,0,coauthor_physics.graph,34493,495924,0.566905090,139424985808,1859,0.24217066,0.00002705,0.83979220,0.73534655,343994,13316,20682,117932,0.21401694,0.43106771,0.92047662,0.24387557
walktrap,coauthor_physics,5,4356044,0,95.7733,0,coauthor_physics.graph,34493,495924,0.566905090,139424985808,1859,0.24217066,0.00002705,0.83979220,0.73534655,343994,13316,20682,117932,0.21401694,0.43106771,0.92047662,0.24387557
vieclus,coauthor_physics,1,134752,0,3587.24,0,coauthor_physics.graph,34493,495924,0.695837055,171134592608,27,0.08285565,0.00003526,0.86931216,0.77669562,368318,17134,16864,93608,0.22987998,0.52938201,0.90177717,0.41591047
vieclus,coauthor_physics,2,134648,0,3574.57,0,coauthor_physics.graph,34493,495924,0.695778232,171120125582,29,0.08585049,0.00003438,0.86971027,0.77729652,368618,17136,16862,93308,0.23003766,0.52823384,0.90140028,0.42127388
vieclus,coauthor_physics,3,134632,0,3515.72,0,coauthor_physics.graph,34493,495924,0.695803869,171126430742,26,0.08481144,0.00003639,0.86946302,0.77692550,368428,17130,16868,93498,0.23097334,0.53075581,0.90224103,0.41741803
vieclus,coauthor_physics,4,134384,0,3545.17,0,coauthor_physics.graph,34493,495924,0.695815409,171129268858,28,0.08602184,0.00003554,0.86848879,0.77540914,367772,17226,16772,94154,0.22843631,0.52674280,0.90154524,0.41228655
vieclus,coauthor_physics,5,133836,0,3588.81,0,coauthor_physics.graph,34493,495924,0.695842093,171135831486,27,0.08841117,0.00003657,0.86923088,0.77656254,368274,17156,16842,93652,0.22989968,0.52986274,0.90180616,0.41576552
ucode,coauthor_physics,1,24233000,0,3608.463582277298,439,coauthor_physics.graph,34493,495924,0.546519050,134411230670,15,0.27006399,0.00009146,0.84476251,0.74175479,348462,14606,19392,113464,0.30834368,0.49130353,0.76180674,0.47757516
ucode,coauthor_physics,2,24233000,0,3606.1646847724915,439,coauthor_physics.graph,34493,495924,0.591990072,145594401746,11,0.20913313,0.00006999,0.86964322,0.77730862,368380,16892,17106,93546,0.29614825,0.53397351,0.76972139,0.56698461
ucode,coauthor_physics,3,24233000,0,3608.014613389969,441,coauthor_physics.graph,34493,495924,0.572643769,140836360200,12,0.24373897,0.00008759,0.85481893,0.75698292,354802,13394,20604,107124,0.25451878,0.45336266,0.74736903,0.44295944
ucode,coauthor_physics,4,24233000,0,3603.9263033866882,449,coauthor_physics.graph,34493,495924,0.573488238,141044049394,12,0.19115725,0.00005837,0.86862694,0.77673595,366042,14838,19160,95884,0.31973993,0.51831491,0.80917867,0.49618763
ucode,coauthor_physics,5,24233000,0,3608.5494754314423,450,coauthor_physics.graph,34493,495924,0.482658970,118705443550,12,0.25410577,0.00006815,0.92845097,0.87098830,415116,17170,16828,46810,0.63629444,0.59933493,0.84060534,0.76911257
magi,coauthor_physics,1,15661124,0,3614.3595068454742,31,coauthor_physics.graph,34493,495924,0.618403415,152090515682,5,0.05669529,0.00003062,0.92406527,0.86280962,413972,20082,13916,47954,0.41152153,0.58348686,0.78592758,0.66019192
magi,coauthor_physics,2,15661124,0,3612.7971003055573,31,coauthor_physics.graph,34493,495924,0.620140782,152517804752,5,0.05755638,0.00003140,0.92060541,0.85673611,411912,21034,12964,50014,0.38224842,0.56409894,0.76914156,0.65320500
magi,coauthor_physics,3,15661124,0,3615.537971496582,31,coauthor_physics.graph,34493,495924,0.619216894,152290583030,5,0.05773230,0.00003134,0.92160636,0.85853881,412370,20598,13400,49556,0.39434077,0.57146803,0.77638941,0.65769866
magi,coauthor_physics,4,15661124,0,3614.0047063827515,31,coauthor_physics.graph,34493,495924,0.620415508,152585371018,5,0.05737274,0.00003136,0.92179273,0.85887354,412458,20520,13478,49468,0.39816012,0.57624767,0.77879570,0.66454063
magi,coauthor_physics,5,15661124,0,3614.3608219623566,31,coauthor_physics.graph,34493,495924,0.623985487,153463373728,5,0.05999042,0.00003217,0.91854219,0.85317508,410536,21424,12574,51390,0.35700906,0.52565790,0.73217754,0.61789349
louvain,coauthor_physics,1,61440,0,0.7451,0,coauthor_physics.graph,34493,495924,0.670667437,164944361156,23,0.10565391,0.00004345,0.86421697,0.76841613,365486,18408,15590,96440,0.23496726,0.48751844,0.87669962,0.44035022
louvain,coauthor_physics,2,61440,0,0.8440,0,coauthor_physics.graph,34493,495924,0.667768831,164231476366,24,0.12065201,0.00004854,0.87039714,0.77764738,370280,18624,15374,91646,0.25318141,0.49405846,0.87980170,0.46507987
louvain,coauthor_physics,3,61440,0,0.7617,0,coauthor_physics.graph,34493,495924,0.664185933,163350296054,21,0.10741530,0.00004615,0.85637563,0.75690630,359414,18044,15954,102512,0.21969780,0.47588092,0.86626272,0.41388108
louvain,coauthor_physics,4,61440,0,1.0174,0,coauthor_physics.graph,34493,495924,0.665606063,163699563846,23,0.11507631,0.00005052,0.85884302,0.75978174,362412,19616,14382,99514,0.20649861,0.46400144,0.83657554,0.44617749
louvain,coauthor_physics,5,61440,0,0.7832,0,coauthor_physics.graph,34493,495924,0.660484379,162439933716,23,0.11886297,0.00005432,0.84771582,0.74415838,353144,18096,15902,108782,0.21343964,0.47621457,0.87510509,0.41425797
leiden,coauthor_physics,1,61440,0,0.2721,0,coauthor_physics.graph,34493,495924,0.682485112,167850807568,26,0.09505519,0.00003916,0.87392971,0.78368056,371830,17182,16816,90096,0.24616321,0.51950992,0.89073145,0.43739309
leiden,coauthor_physics,2,61440,0,0.2897,0,coauthor_physics.graph,34493,495924,0.686997035,168960472564,29,0.09228419,0.00003598,0.86275682,0.76673442,363608,17364,16634,98318,0.22491718,0.51437487,0.89296379,0.42573856
leiden,coauthor_physics,3,61440,0,0.2853,0,coauthor_physics.graph,34493,495924,0.686346199,168800405552,27,0.09387949,0.00004041,0.86504447,0.77002121,365528,17654,16344,96398,0.22518713,0.50967958,0.89435538,0.43345027
leiden,coauthor_physics,4,61440,0,0.2842,0,coauthor_physics.graph,34493,495924,0.689482756,169571812206,24,0.09164045,0.00003987,0.87629069,0.78720933,373752,17354,16644,88174,0.24202859,0.51821512,0.89374656,0.43588554
leiden,coauthor_physics,5,61440,0,0.2827,0,coauthor_physics.graph,34493,495924,0.689460753,169566400826,29,0.08664846,0.00003402,0.86644520,0.77220300,366450,17494,16504,95476,0.23275072,0.52223933,0.90221204,0.43168179
infomap,coauthor_physics,1,154452,0,2.4165,0,coauthor_physics.graph,34493,495924,0.591980033,145591932666,14,0.09619065,0.00003156,0.92856173,0.87062937,416966,19198,14800,44960,0.49416558,0.54787973,0.86547995,0.67741281
infomap,coauthor_physics,2,154452,0,2.3964,0,coauthor_physics.graph,34493,495924,0.591980033,145591932666,14,0.09619065,0.00003156,0.92856173,0.87062937,416966,19198,14800,44960,0.49416558,0.54787973,0.86547995,0.67741281
infomap,coauthor_physics,3,154452,0,2.4121,0,coauthor_physics.graph,34493,495924,0.591980033,145591932666,14,0.09619065,0.00003156,0.92856173,0.87062937,416966,19198,14800,44960,0.49416558,0.54787973,0.86547995,0.67741281
infomap,coauthor_physics,4,154452,0,2.4130,0,coauthor_physics.graph,34493,495924,0.591980033,145591932666,14,0.09619065,0.00003156,0.92856173,0.87062937,416966,19198,14800,44960,0.49416558,0.54787973,0.86547995,0.67741281
infomap,coauthor_physics,5,154452,0,2.3928,0,coauthor_physics.graph,34493,495924,0.591980033,145591932666,14,0.09619065,0.00003156,0.92856173,0.87062937,416966,19198,14800,44960,0.49416558,0.54787973,0.86547995,0.67741281
hollocou,coauthor_physics,1,8192,0,0.009,0,coauthor_physics.graph,34493,495924,0.246592633,60647143658,2313,0.43951172,0.00005183,0.46740175,0.34060461,143490,8574,25424,318436,0.05147649,0.25904793,0.75313832,0.14359435
hollocou,coauthor_physics,2,8192,0,0.009,0,coauthor_physics.graph,34493,495924,0.247940056,60978529620,2331,0.43855942,0.00005259,0.47033230,0.34310499,144638,8482,25516,317288,0.05027700,0.24885651,0.72945235,0.13904270
hollocou,coauthor_physics,3,8192,0,0.008,0,coauthor_physics.graph,34493,495924,0.246308427,60577245732,2290,0.43808748,0.00005251,0.46647238,0.33921730,143256,9028,24970,318670,0.04930878,0.24920415,0.73525063,0.15032035
hollocou,coauthor_physics,4,8192,0,0.007,0,coauthor_physics.graph,34493,495924,0.235892591,58015568732,2304,0.43688587,0.00005319,0.45555103,0.33144595,138708,8334,25664,323218,0.04760398,0.24320745,0.73255443,0.14718928
hollocou,coauthor_physics,5,8192,0,0.007,0,coauthor_physics.graph,34493,495924,0.252556919,62114003828,2242,0.43895487,0.00005164,0.47615592,0.34790008,146976,8442,25556,314950,0.05041053,0.25263065,0.74304931,0.15040733
gnns,coauthor_physics,1,8105720,0,365.7543046474457,350,coauthor_physics.graph,34493,495924,0.614511595,151133359072,182,0.19293506,0.00005801,0.78702409,0.66210145,309620,15266,18732,152306,0.07275411,0.28588954,0.75438495,0.18586380
gnns,coauthor_physics,2,8105720,0,361.39847135543823,350,coauthor_physics.graph,34493,495924,0.648922312,159596351892,170,0.17777174,0.00005184,0.82172236,0.70833837,333344,16060,17938,128582,0.11327605,0.38910114,0.84277969,0.23167019
gnns,coauthor_physics,3,8105720,0,361.43550157546997,350,coauthor_physics.graph,34493,495924,0.623867728,153434412096,158,0.19312952,0.00006059,0.79198020,0.66810640,313324,15992,18006,148602,0.09402338,0.38747699,0.84767924,0.24729655
gnns,coauthor_physics,4,8105720,0,363.10844445228577,350,coauthor_physics.graph,34493,495924,0.629803753,154894321612,171,0.18659597,0.00005244,0.80168531,0.68109630,319664,15890,18108,142262,0.08853494,0.37023833,0.83993854,0.22065347
gnns,coauthor_physics,5,8105720,0,363.486412525177,350,coauthor_physics.graph,34493,495924,0.620268512,152549218782,184,0.19113622,0.00005769,0.79466388,0.67218364,314582,15228,18770,147344,0.07938480,0.31504393,0.78479692,0.18800916
dmon,coauthor_physics,1,7388000,0,498.1204,1000,coauthor_physics.graph,34493,495924,0.629492034,154817657452,5,0.06699282,0.00003379,0.92466433,0.86434615,412858,18206,15792,49068,0.41502699,0.57643381,0.78624648,0.64320297
dmon,coauthor_physics,2,7388000,0,493.9553,1000,coauthor_physics.graph,34493,495924,0.622484015,153094100932,5,0.06912857,0.00003538,0.91699326,0.85103363,408062,20012,13986,53864,0.32161141,0.48646945,0.67677500,0.56901400
dmon,coauthor_physics,3,7388000,0,499.8877,1000,coauthor_physics.graph,34493,495924,0.627189785,154251440738,5,0.07298283,0.00003809,0.91765486,0.85272340,406968,18080,15918,54958,0.33202305,0.50284876,0.72666918,0.59032267
dmon,coauthor_physics,4,7388000,0,496.0024,1000,coauthor_physics.graph,34493,495924,0.623169739,153262748182,5,0.06943307,0.00003558,0.91966806,0.85586501,409164,18718,15280,52762,0.33927545,0.48648874,0.75995129,0.58727858
dmon,coauthor_physics,5,7388000,0,504.2882,1000,coauthor_physics.graph,34493,495924,0.626736631,154139991754,5,0.07077885,0.00003514,0.92171113,0.85937765,410520,18332,15666,51406,0.32343691,0.46747190,0.69118372,0.56573798
dgcluster,coauthor_physics,1,13197312,0,300.2935628890991,300,coauthor_physics.graph,34493,495924,0.660496682,162442959554,9,0.08369269,0.00003807,0.89903597,0.82269057,391496,17502,16496,70430,0.33408177,0.56636188,0.84976662,0.51291566
dgcluster,coauthor_physics,2,13197312,0,321.48956775665283,300,coauthor_physics.graph,34493,495924,0.659370938,162166093356,10,0.08465812,0.00003629,0.89791912,0.82089594,390646,17542,16456,71280,0.31926475,0.55968167,0.84628765,0.48696837
dgcluster,coauthor_physics,3,13197312,0,296.97351121902466,300,coauthor_physics.graph,34493,495924,0.660995164,162565556380,10,0.11292645,0.00005859,0.87499883,0.78542680,372438,16924,17074,89488,0.30574068,0.55832982,0.88586090,0.52665758
dgcluster,coauthor_physics,4,13197312,0,324.57446026802063,300,coauthor_physics.graph,34493,495924,0.661414734,162668745696,11,0.11410550,0.00005334,0.88422844,0.79970318,379334,16740,17258,82592,0.32170992,0.57604759,0.91369263,0.53225292
dgcluster,coauthor_physics,5,13197312,0,296.3884770870209,300,coauthor_physics.graph,34493,495924,0.648427937,159474764852,10,0.12077193,0.00006034,0.87129854,0.77926860,370538,18078,15920,91388,0.26144537,0.51674751,0.80190184,0.51294466
commdgi,coauthor_physics,1,31087204,0,3610.7771,224,coauthor_physics.graph,34493,495924,0.546798111,134479863126,5,0.09773554,0.00003531,0.93279353,0.87742073,421868,20732,13266,40058,0.48544834,0.55841020,0.74864465,0.73609138
commdgi,coauthor_physics,2,31087204,0,3612.2276,192,coauthor_physics.graph,34493,495924,0.596468530,146695836502,5,0.09052568,0.00004647,0.90675706,0.83503924,397778,17660,16338,64148,0.34347426,0.52921992,0.75522570,0.64323196
commdgi,coauthor_physics,3,31087204,0,3610.8195,164,coauthor_physics.graph,34493,495924,0.556457034,136855384504,5,0.12251384,0.00003905,0.93507457,0.88214726,420878,17398,16600,41048,0.47951759,0.57546537,0.75632737,0.75252950
commdgi,coauthor_physics,4,31087204,0,3611.8443,150,coauthor_physics.graph,34493,495924,0.558261963,137299289998,5,0.11800337,0.00003281,0.93094133,0.87504537,417678,17720,16278,44248,0.46829371,0.57335200,0.75777694,0.73287334
commdgi,coauthor_physics,5,31087204,0,3607.2737,174,coauthor_physics.graph,34493,495924,0.580594932,142791874046,5,0.08356900,0.00003944,0.90918651,0.83841072,401144,19354,14644,60782,0.40176864,0.56580449,0.78485490,0.67341200
clustre_fast,coauthor_physics,1,6144,0,0.040261,0,coauthor_physics.graph,34493,495924,0.371750763,91428610950,3998,0.33996156,0.00008287,0.54108387,0.40085981,175164,10366,23632,286762,0.00293683,0.36484843,0.92769547,0.01626417
clustre_fast,coauthor_physics,2,6144,0,0.039782,0,coauthor_physics.graph,34493,495924,0.371750763,91428610950,3998,0.33996156,0.00008287,0.54108387,0.40085981,175164,10366,23632,286762,0.00293683,0.36484843,0.92769547,0.01626417
clustre_fast,coauthor_physics,3,6144,0,0.039974,0,coauthor_physics.graph,34493,495924,0.371750763,91428610950,3998,0.33996156,0.00008287,0.54108387,0.40085981,175164,10366,23632,286762,0.00293683,0.36484843,0.92769547,0.01626417
clustre_fast,coauthor_physics,4,6144,0,0.0401082,0,coauthor_physics.graph,34493,495924,0.371750763,91428610950,3998,0.33996156,0.00008287,0.54108387,0.40085981,175164,10366,23632,286762,0.00293683,0.36484843,0.92769547,0.01626417
clustre_fast,coauthor_physics,5,6144,0,0.0401571,0,coauthor_physics.graph,34493,495924,0.371750763,91428610950,3998,0.33996156,0.00008287,0.54108387,0.40085981,175164,10366,23632,286762,0.00293683,0.36484843,0.92769547,0.01626417
clustre_strong,coauthor_physics,1,93592,0,1348.1018019,0,coauthor_physics.graph,34493,495924,0.677557758,166638970948,26,0.08843136,0.00002924,0.88792431,0.80527661,382532,17174,16824,79394,0.26729803,0.53137577,0.89821123,0.47821297
clustre_strong,coauthor_physics,2,94004,0,1705.3796585,0,coauthor_physics.graph,34493,495924,0.680809781,167438775482,26,0.09226569,0.00003120,0.88155699,0.79535977,377674,17234,16764,84252,0.26737044,0.53021324,0.89795031,0.45867277
clustre_strong,coauthor_physics,3,92472,0,3067.2422651,0,coauthor_physics.graph,34493,495924,0.680774515,167430102092,27,0.09051053,0.00003034,0.88163856,0.79549689,377716,17208,16790,84210,0.26787828,0.53082745,0.89847215,0.45916563
clustre_strong,coauthor_physics,4,92788,0,1226.1434489,0,coauthor_physics.graph,34493,495924,0.680762685,167427192796,25,0.09192736,0.00003204,0.88163555,0.79548882,377720,17216,16782,84206,0.26792570,0.53063736,0.89826921,0.45933958
clustre_strong,coauthor_physics,5,94804,0,3575.0928969,0,coauthor_physics.graph,34493,495924,0.680815360,167440147746,25,0.09309952,0.00003222,0.88155699,0.79535977,377674,17234,16764,84252,0.26773250,0.53067708,0.89824022,0.45913664
walktrap,pubmed,1,488844,0,12.2969,0,pubmed.graph,19717,88648,0.711185271,5588826632,787,0.12543031,0.00001505,0.81286222,0.69840267,58066,13672,3846,13064,0.08032234,0.23367163,0.78287772,0.22817873
walktrap,pubmed,2,488844,0,12.4921,0,pubmed.graph,19717,88648,0.711185271,5588826632,787,0.12543031,0.00001505,0.81286222,0.69840267,58066,13672,3846,13064,0.08032234,0.23367163,0.78287772,0.22817873
walktrap,pubmed,3,488844,0,12.3747,0,pubmed.graph,19717,88648,0.711185271,5588826632,787,0.12543031,0.00001505,0.81286222,0.69840267,58066,13672,3846,13064,0.08032234,0.23367163,0.78287772,0.22817873
walktrap,pubmed,4,488844,0,12.8460,0,pubmed.graph,19717,88648,0.711185271,5588826632,787,0.12543031,0.00001505,0.81286222,0.69840267,58066,13672,3846,13064,0.08032234,0.23367163,0.78287772,0.22817873
walktrap,pubmed,5,488844,0,12.8388,0,pubmed.graph,19717,88648,0.711185271,5588826632,787,0.12543031,0.00001505,0.81286222,0.69840267,58066,13672,3846,13064,0.08032234,0.23367163,0.78287772,0.22817873
vieclus,pubmed,1,44016,0,2886.37,0,pubmed.graph,19717,88648,0.789887365,6207304512,42,0.06170641,0.00001175,0.83690777,0.72926631,61578,14448,3070,9552,0.08513006,0.23761180,0.74392656,0.17842471
vieclus,pubmed,2,43008,0,3436.56,0,pubmed.graph,19717,88648,0.789900324,6207406348,42,0.06170533,0.00001175,0.83691028,0.72928887,61574,14442,3076,9556,0.08513710,0.23786849,0.74397728,0.17761323
vieclus,pubmed,3,43008,0,3526.67,0,pubmed.graph,19717,88648,0.789886695,6207299246,42,0.06167570,0.00001174,0.83697794,0.72937912,61584,14444,3074,9546,0.08516435,0.23760596,0.74382513,0.17796825
vieclus,pubmed,4,44196,0,2585.97,0,pubmed.graph,19717,88648,0.789871095,6207176652,42,0.06170161,0.00001174,0.83709362,0.72958217,61590,14432,3086,9540,0.08503353,0.23753888,0.74357154,0.17741036
vieclus,pubmed,5,44944,0,3285.09,0,pubmed.graph,19717,88648,0.789904602,6207439964,42,0.06177857,0.00001177,0.83686729,0.72922119,61570,14444,3074,9560,0.08525957,0.23983625,0.74428158,0.17786682
ucode,pubmed,1,6935532,0,2451.677800655365,1000,pubmed.graph,19717,88648,0.614320668,4827619256,5,0.08988538,0.00002673,0.83995432,0.73441025,61782,14196,3322,9348,0.20384487,0.24750107,0.63828169,0.55728559
ucode,pubmed,2,6935532,0,2449.8089146614075,1000,pubmed.graph,19717,88648,0.631743787,4964538278,5,0.08265378,0.00002411,0.83358072,0.72428030,61214,14526,2992,9916,0.16561030,0.22260033,0.62103768,0.49880814
ucode,pubmed,3,6935532,0,2467.202235221863,1000,pubmed.graph,19717,88648,0.630152053,4952029688,5,0.08368712,0.00002400,0.83468813,0.72608519,61302,14454,3064,9828,0.16842187,0.22123616,0.62053051,0.49718517
ucode,pubmed,4,6935532,0,2464.022790670395,1000,pubmed.graph,19717,88648,0.628082753,4935768162,5,0.08431270,0.00002437,0.83536901,0.72691995,61418,14496,3022,9712,0.17096955,0.22421372,0.62301567,0.51006745
ucode,pubmed,5,6935532,0,2471.6437306404114,1000,pubmed.graph,19717,88648,0.622409326,4891183714,5,0.08634467,0.00002543,0.83789004,0.73111633,61600,14306,3212,9530,0.18749579,0.23179355,0.62864533,0.53491911
magi,pubmed,1,2219580,0,1730.561851978302,100,pubmed.graph,19717,88648,0.611474353,4805251584,3,0.02642830,0.00000907,0.88141013,0.79250519,68356,15620,1898,2774,0.29181899,0.29931233,0.65867018,0.65821372
magi,pubmed,2,2219580,0,1769.9693150520325,100,pubmed.graph,19717,88648,0.609559013,4790199946,3,0.02734168,0.00000939,0.88044096,0.79103871,68206,15600,1918,2924,0.29028960,0.30012929,0.65821372,0.65821372
magi,pubmed,3,2219580,0,1354.2457613945007,100,pubmed.graph,19717,88648,0.610417787,4796948592,3,0.02704011,0.00000924,0.88047069,0.79099359,68240,15638,1880,2890,0.29779217,0.30543589,0.66424913,0.66424913
magi,pubmed,4,2219580,0,1504.816735982895,100,pubmed.graph,19717,88648,0.611725001,4807221290,3,0.02632525,0.00000902,0.88111293,0.79196372,68340,15652,1866,2790,0.29055366,0.30070679,0.66014100,0.66014100
magi,pubmed,5,2219580,0,1631.5064148902893,100,pubmed.graph,19717,88648,0.612748762,4815266486,3,0.02603757,0.00000897,0.88243559,0.79421984,68462,15574,1944,2668,0.29011147,0.30232840,0.65856875,0.65856875
louvain,pubmed,1,28672,0,0.1199,0,pubmed.graph,19717,88648,0.768248801,6037258546,38,0.06782796,0.00001325,0.83124786,0.72220467,60652,14148,3370,10478,0.10112076,0.22754264,0.73621748,0.21169549
louvain,pubmed,2,28672,0,0.1111,0,pubmed.graph,19717,88648,0.765691319,6017160662,41,0.06737468,0.00001240,0.83565422,0.72840899,61210,14156,3362,9920,0.11414409,0.23939746,0.74889689,0.26170310
louvain,pubmed,3,28672,0,0.1122,0,pubmed.graph,19717,88648,0.770475698,6054758546,41,0.07201886,0.00001334,0.83589709,0.72874741,61242,14158,3360,9888,0.09968737,0.22563617,0.72901557,0.22325912
louvain,pubmed,4,28672,0,0.1510,0,pubmed.graph,19717,88648,0.771245789,6060810284,38,0.06944117,0.00001300,0.83484797,0.72734861,61090,14130,3388,10040,0.09760279,0.22711571,0.73855049,0.20779023
louvain,pubmed,5,28672,0,0.1214,0,pubmed.graph,19717,88648,0.763471542,5999716614,40,0.07413268,0.00001377,0.83512853,0.72752910,61174,14198,3320,9956,0.11030898,0.23400339,0.75006340,0.24141604
leiden,pubmed,1,26624,0,0.0690,0,pubmed.graph,19717,88648,0.784011838,6161131872,39,0.06336708,0.00001206,0.83778859,0.73084559,61616,14346,3172,9514,0.09112232,0.22879863,0.73718111,0.19308211
leiden,pubmed,2,26624,0,0.0700,0,pubmed.graph,19717,88648,0.781934203,6144804838,44,0.06375385,0.00001198,0.83949711,0.73357549,61766,14254,3264,9364,0.09625213,0.23642397,0.74377441,0.21326774
leiden,pubmed,3,26624,0,0.0715,0,pubmed.graph,19717,88648,0.782164780,6146616820,42,0.06256576,0.00001179,0.83811001,0.73161267,61586,14248,3270,9544,0.09216647,0.23408103,0.74473804,0.20591368
leiden,pubmed,4,26624,0,0.0700,0,pubmed.graph,19717,88648,0.778670917,6119160416,46,0.06225195,0.00001054,0.84474633,0.74061457,62556,14420,3098,8574,0.11670639,0.24400728,0.74996196,0.24806005
leiden,pubmed,5,26624,0,0.0699,0,pubmed.graph,19717,88648,0.782812163,6151704262,42,0.06326018,0.00001150,0.83870441,0.73237975,61680,14274,3244,9450,0.09654548,0.23721502,0.74367297,0.21123903
infomap,pubmed,1,67236,0,0.7074,0,pubmed.graph,19717,88648,0.730840118,5743283618,22,0.06734332,0.00001134,0.86432809,0.76728183,65714,15214,2304,5416,0.21868279,0.25006272,0.73515241,0.45869047
infomap,pubmed,2,67236,0,0.6895,0,pubmed.graph,19717,88648,0.730840118,5743283618,22,0.06734332,0.00001134,0.86432809,0.76728183,65714,15214,2304,5416,0.21868279,0.25006272,0.73515241,0.45869047
infomap,pubmed,3,67236,0,0.6787,0,pubmed.graph,19717,88648,0.730840118,5743283618,22,0.06734332,0.00001134,0.86432809,0.76728183,65714,15214,2304,5416,0.21868279,0.25006272,0.73515241,0.45869047
infomap,pubmed,4,67236,0,0.6964,0,pubmed.graph,19717,88648,0.730840118,5743283618,22,0.06734332,0.00001134,0.86432809,0.76728183,65714,15214,2304,5416,0.21868279,0.25006272,0.73515241,0.45869047
infomap,pubmed,5,67236,0,0.6770,0,pubmed.graph,19717,88648,0.730840118,5743283618,22,0.06734332,0.00001134,0.86432809,0.76728183,65714,15214,2304,5416,0.21868279,0.25006272,0.73515241,0.45869047
hollocou,pubmed,1,4096,0,0.001,0,pubmed.graph,19717,88648,0.330380665,2596285856,3933,0.47423694,0.00003104,0.58613558,0.47631080,32874,8168,9350,38256,0.02582107,0.18986475,0.72526246,0.16625247
hollocou,pubmed,2,4096,0,0.002,0,pubmed.graph,19717,88648,0.353487700,2777871748,3969,0.47447563,0.00003183,0.60035137,0.48677917,34172,8538,8980,36958,0.03190533,0.20401112,0.76649592,0.16817974
hollocou,pubmed,3,4096,0,0.002,0,pubmed.graph,19717,88648,0.340699676,2677377474,3923,0.47353699,0.00003184,0.59182370,0.48100352,33354,8232,9286,37776,0.02659563,0.19688149,0.74798397,0.16894051
hollocou,pubmed,4,4096,0,0.002,0,pubmed.graph,19717,88648,0.333185927,2618330918,3977,0.47418387,0.00003232,0.59066453,0.48163523,33154,7976,9542,37976,0.03019068,0.19722575,0.74859259,0.17005630
hollocou,pubmed,5,4096,0,0.001,0,pubmed.graph,19717,88648,0.339227828,2665811000,3911,0.47384480,0.00003156,0.59630129,0.48682429,33598,7960,9558,37532,0.03106224,0.19742889,0.74494091,0.16366587
gnns,pubmed,1,8308560,0,258.269091129303,150,pubmed.graph,19717,88648,0.726849251,5711921516,137,0.13232429,0.00002280,0.78833675,0.66884758,54668,12894,4624,16462,0.03253475,0.17037184,0.70289598,0.11132525
gnns,pubmed,2,8308560,0,258.22424960136414,150,pubmed.graph,19717,88648,0.730283139,5738906610,136,0.12702524,0.00002199,0.78842494,0.66893782,54682,12900,4618,16448,0.03255854,0.18050124,0.71451032,0.09955876
gnns,pubmed,3,8308560,0,258.75208282470703,150,pubmed.graph,19717,88648,0.736287310,5786090198,136,0.12899715,0.00002120,0.79458988,0.67586409,55576,13180,4338,15554,0.04083661,0.18406046,0.71506822,0.12015012
gnns,pubmed,4,8308560,0,236.73977303504944,150,pubmed.graph,19717,88648,0.736234673,5785676550,137,0.12614725,0.00002088,0.79373219,0.67509701,55416,13088,4430,15714,0.03841695,0.17709196,0.71040219,0.11315109
gnns,pubmed,5,8308560,0,179.41767692565918,150,pubmed.graph,19717,88648,0.730034461,5736952384,137,0.13067760,0.00002290,0.79506916,0.67744337,55468,12932,4586,15662,0.04036143,0.17269293,0.70183091,0.12415682
dmon,pubmed,1,809304,0,113.0247,1000,pubmed.graph,19717,88648,0.561372383,4411526854,3,0.04851696,0.00001542,0.86104706,0.76209277,65344,15304,2214,5786,0.19316125,0.21376100,0.61895826,0.61895826
dmon,pubmed,2,809304,0,113.0006,1000,pubmed.graph,19717,88648,0.564055321,4432610642,3,0.04701383,0.00001498,0.86145466,0.76243119,65474,15404,2114,5656,0.19524145,0.21547507,0.62093625,0.62093625
dmon,pubmed,3,809304,0,113.0381,1000,pubmed.graph,19717,88648,0.561198322,4410159002,3,0.04856192,0.00001545,0.86076884,0.76164155,65316,15316,2202,5814,0.19383654,0.21391231,0.62007405,0.62007405
dmon,pubmed,4,809304,0,113.9335,1000,pubmed.graph,19717,88648,0.527962558,4148976818,3,0.06790787,0.00002123,0.85389392,0.75476040,63528,14138,3380,7602,0.20889260,0.21984714,0.59608460,0.58330375
dmon,pubmed,5,809304,0,114.4239,1000,pubmed.graph,19717,88648,0.561045678,4408959458,3,0.04855613,0.00001544,0.86124692,0.76245375,65354,15282,2236,5776,0.19654392,0.21646144,0.62245778,0.62245778
dgcluster,pubmed,1,1067804,0,114.5116662979126,300,pubmed.graph,19717,88648,0.681243859,5353533006,7,0.08151460,0.00002141,0.83745353,0.72971753,61722,14552,2966,9408,0.17237234,0.25382297,0.69467972,0.44347517
dgcluster,pubmed,2,1067804,0,111.06204533576965,300,pubmed.graph,19717,88648,0.666112049,5234620158,5,0.06649641,0.00001870,0.84884316,0.74677376,63030,14348,3170,8100,0.22741493,0.27337969,0.69995435,0.50098899
dgcluster,pubmed,3,1067804,0,114.648517370224,300,pubmed.graph,19717,88648,0.691489791,5434050336,8,0.09163952,0.00002354,0.83030677,0.72107662,60492,14088,3430,10638,0.15386244,0.24380830,0.68565198,0.38286758
dgcluster,pubmed,4,1067804,0,115.01106071472168,300,pubmed.graph,19717,88648,0.698090510,5485921868,8,0.08807365,0.00002287,0.82987129,0.72116686,60286,13874,3644,10844,0.17245060,0.27840707,0.75376579,0.37110108
dgcluster,pubmed,5,1067804,0,114.71333599090576,300,pubmed.graph,19717,88648,0.689436548,5417914988,7,0.08168462,0.00002177,0.83457114,0.72712300,61018,14078,3440,10112,0.19231354,0.28127075,0.73900695,0.41963788
commdgi,pubmed,1,9822372,0,3605.0211,538,pubmed.graph,19717,88648,0.522094767,4102864976,3,0.05682929,0.00002116,0.85021712,0.74474325,64222,15720,1798,6908,0.04738971,0.10833766,0.51787797,0.60987980
commdgi,pubmed,2,9822372,0,3603.1873,641,pubmed.graph,19717,88648,0.567246280,4457686688,3,0.04575637,0.00001520,0.86600082,0.77025990,65810,15046,2472,5320,0.28965403,0.31636784,0.67616777,0.67616777
commdgi,pubmed,3,9822372,0,3603.1557,663,pubmed.graph,19717,88648,0.556462346,4372941486,3,0.05220030,0.00001684,0.86034599,0.76195740,65000,14972,2546,6130,0.21401038,0.23516216,0.62676878,0.62676878
commdgi,pubmed,4,9822372,0,3605.2865,649,pubmed.graph,19717,88648,0.556106169,4370142486,3,0.05215268,0.00001682,0.85842125,0.75870860,64846,15106,2412,6284,0.20754821,0.22814096,0.62580514,0.62580514
commdgi,pubmed,5,9822372,0,3603.6155,708,pubmed.graph,19717,88648,0.575120294,4519564376,3,0.04567161,0.00001557,0.86583500,0.77046295,65658,14876,2642,5472,0.22041942,0.27689884,0.60871329,0.60871329
clustre_fast,pubmed,1,6144,0,0.0171599,0,pubmed.graph,19717,88648,0.386423199,3036694308,6579,0.43177604,0.00004588,0.52492097,0.43378305,27730,6794,10724,43400,0.00168342,0.27310329,0.88233504,0.01592534
clustre_fast,pubmed,2,6144,0,0.0172949,0,pubmed.graph,19717,88648,0.386423199,3036694308,6579,0.43177604,0.00004588,0.52492097,0.43378305,27730,6794,10724,43400,0.00168342,0.27310329,0.88233504,0.01592534
clustre_fast,pubmed,3,6144,0,0.0172341,0,pubmed.graph,19717,88648,0.386423199,3036694308,6579,0.43177604,0.00004588,0.52492097,0.43378305,27730,6794,10724,43400,0.00168342,0.27310329,0.88233504,0.01592534
clustre_fast,pubmed,4,6144,0,0.0171809,0,pubmed.graph,19717,88648,0.386423199,3036694308,6579,0.43177604,0.00004588,0.52492097,0.43378305,27730,6794,10724,43400,0.00168342,0.27310329,0.88233504,0.01592534
clustre_fast,pubmed,5,6144,0,0.01724,0,pubmed.graph,19717,88648,0.386423199,3036694308,6579,0.43177604,0.00004588,0.52492097,0.43378305,27730,6794,10724,43400,0.00168342,0.27310329,0.88233504,0.01592534
clustre_strong,pubmed,1,36864,0,1804.4264432,0,pubmed.graph,19717,88648,0.778701721,6119402488,39,0.06060650,0.00001095,0.83977975,0.73280841,62074,14630,2888,9056,0.09626917,0.22505506,0.73018208,0.20667444
clustre_strong,pubmed,2,36864,0,1046.337056,0,pubmed.graph,19717,88648,0.778215382,6115580602,39,0.06460683,0.00001176,0.83880322,0.73161267,61902,14564,2954,9228,0.09686628,0.23205464,0.73677537,0.21134047
clustre_strong,pubmed,3,32768,0,1024.2667687,0,pubmed.graph,19717,88648,0.778450645,6117429410,42,0.06119824,0.00001083,0.83951152,0.73256024,62008,14586,2932,9122,0.09712261,0.23586587,0.73920982,0.21134047
clustre_strong,pubmed,4,32768,0,960.6847208,0,pubmed.graph,19717,88648,0.778758660,6119849940,38,0.06114282,0.00001111,0.84000054,0.73316939,62092,14616,2902,9038,0.09638249,0.22520689,0.73028351,0.20667444
clustre_strong,pubmed,5,36864,0,1318.6967556,0,pubmed.graph,19717,88648,0.778498494,6117805436,40,0.06201889,0.00001104,0.84035183,0.73382366,62102,14568,2950,9028,0.10003145,0.23920149,0.73981843,0.21047827
walktrap,reddit,1,23694000,0
walktrap,reddit,2,23694000,0
walktrap,reddit,3,23694000,0
walktrap,reddit,4,23694000,0
walktrap,reddit,5,23694000,0
vieclus,reddit,1,9194432,0,2952.37,0,reddit.graph,232965,114615892,0.741700707,9743575859980940,26,0.08377179,0.00019783,0.95217778,0.92463373,85996382,8041014,19981338,597158,0.71015389,0.82871434,0.74016698,0.95172665
vieclus,reddit,2,9527676,0,2735.13,0,reddit.graph,232965,114615892,0.741700688,9743575602108984,26,0.08377121,0.00019782,0.95217478,0.92462897,85996142,8041320,19981032,597398,0.71013808,0.82871043,0.74016269,0.95172236
vieclus,reddit,3,9598124,0,3570.7,0,reddit.graph,232965,114615892,0.741700679,9743575489407466,26,0.08377144,0.00019782,0.95217580,0.92463059,85996220,8041212,19981140,597320,0.71015100,0.82869480,0.74016269,0.95171378
vieclus,reddit,4,9529020,0,3598.7,0,reddit.graph,232965,114615892,0.741700705,9743575834623022,26,0.08377182,0.00019783,0.95217908,0.92463577,85996496,8040894,19981458,597044,0.71017132,0.82872575,0.74017556,0.95173524
vieclus,reddit,5,9469564,0,3316.44,0,reddit.graph,232965,114615892,0.741700685,9743575569218776,26,0.08377062,0.00019783,0.95217333,0.92462667,85996030,8041472,19980880,597510,0.71012884,0.82871319,0.74015839,0.95171807
ucode,reddit,1,41921084,1
ucode,reddit,2,41921084,1
ucode,reddit,3,41921084,1
ucode,reddit,4,41921084,1
ucode,reddit,5,41921084,1
magi,reddit,1,50735612,0,3634.0509946346283,18,reddit.graph,232965,114615892,0.659825365,8667995639919072,41,0.16368447,0.00038330,0.93391277,0.90360569,78064760,2519540,25502812,8528780,0.82771798,0.86567389,0.91360934,0.87630760
magi,reddit,2,50735612,0,3633.848086118698,18,reddit.graph,232965,114615892,0.688757657,9048073455821724,41,0.15452263,0.00036027,0.95778635,0.93699160,81927368,2555592,25466760,4666172,0.89716130,0.87382137,0.91373812,0.90555234
magi,reddit,3,50735612,0,3635.127833366394,18,reddit.graph,232965,114615892,0.688465057,9044229630741198,41,0.16494559,0.00037033,0.95782921,0.93707115,81910758,2529864,25492488,4682782,0.89873507,0.87338700,0.91489280,0.90442341
magi,reddit,4,50735612,0,3633.8397347927094,18,reddit.graph,232965,114615892,0.686397292,9017065804988320,41,0.16447243,0.00036933,0.95656194,0.93527594,81681428,2506294,25516058,4912112,0.89450403,0.87254198,0.91413302,0.90004507
magi,reddit,5,50735612,0,3635.4516050815582,18,reddit.graph,232965,114615892,0.690085153,9065512513441150,41,0.16659741,0.00037906,0.95928488,0.93916997,82134336,2512884,25509468,4459204,0.90479860,0.87460178,0.91472110,0.91082781
louvain,reddit,1,9008500,0,113.5831,0,reddit.graph,232965,114615892,0.735380251,9660545268718194,27,0.08262357,0.00018333,0.94865067,0.91884822,85918054,8625798,19396554,675486,0.58221488,0.79700603,0.69013371,0.95097976
louvain,reddit,2,9008500,0,104.8562,0,reddit.graph,232965,114615892,0.721414202,9477076041744266,26,0.07277353,0.00012311,0.93892780,0.90246213,85936316,10522166,17500186,657224,0.49386302,0.75853265,0.58834160,0.95184684
louvain,reddit,3,9008500,0,81.7973,0,reddit.graph,232965,114615892,0.737566793,9689269446422518,23,0.08248477,0.00018023,0.94337703,0.90990382,86022856,9755770,18266582,570684,0.65368977,0.80877382,0.67226407,0.95269246
louvain,reddit,4,9008500,0,87.2640,0,reddit.graph,232965,114615892,0.733928768,9641477432210576,24,0.07686924,0.00018787,0.94563464,0.91376053,85965080,9255954,18766398,628460,0.54122574,0.78196232,0.63446011,0.95207864
louvain,reddit,5,9008500,0,102.3061,0,reddit.graph,232965,114615892,0.735569600,9663032710041168,25,0.08402069,0.00019393,0.94926946,0.91979425,86008314,8607628,19414724,585226,0.65080252,0.80793123,0.67380937,0.95234907
leiden,reddit,1,9010088,0,36.2600,0,reddit.graph,232965,114615892,0.740498084,9727777232926616,27,0.08375931,0.00019082,0.95046772,0.92182034,85972136,8339228,19683124,621404,0.63214003,0.81256912,0.71276372,0.95182967
leiden,reddit,2,9010088,0,38.2730,0,reddit.graph,232965,114615892,0.741693696,9743483750910294,26,0.08378634,0.00019776,0.95215544,0.92459934,85993432,8042006,19980346,600108,0.71022189,0.82809937,0.73984075,0.95128882
leiden,reddit,3,9010088,0,37.8847,0,reddit.graph,232965,114615892,0.741648232,9742886498607002,25,0.08527901,0.00020473,0.95207568,0.92447510,85984562,8047376,19974976,608978,0.70996642,0.82769842,0.73927843,0.95129741
leiden,reddit,4,9010088,0,37.1659,0,reddit.graph,232965,114615892,0.740572716,9728757658606490,27,0.08325484,0.00019027,0.95054289,0.92193589,85982342,8336190,19686162,611198,0.63281166,0.81308308,0.71301268,0.95215590
leiden,reddit,5,9010088,0,36.8832,0,reddit.graph,232965,114615892,0.741694388,9743492841391436,26,0.08377971,0.00019775,0.95216024,0.92460646,85994366,8042124,19980228,599174,0.71003601,0.82839943,0.73993089,0.95148627
infomap,reddit,1,20505100,0,318.4420,0,reddit.graph,232965,114615892,0.115525353,1517633781691718,3,0.03521892,0.00004786,0.86437954,0.76328098,86462394,27000616,1021736,131146,0.02870281,0.35743910,0.23828472,0.99317494
infomap,reddit,2,20505100,0,327.9722,0,reddit.graph,232965,114615892,0.115525353,1517633781691718,3,0.03521892,0.00004786,0.86437954,0.76328098,86462394,27000616,1021736,131146,0.02870281,0.35743910,0.23828472,0.99317494
infomap,reddit,3,20505100,0,319.2660,0,reddit.graph,232965,114615892,0.115525353,1517633781691718,3,0.03521892,0.00004786,0.86437954,0.76328098,86462394,27000616,1021736,131146,0.02870281,0.35743910,0.23828472,0.99317494
infomap,reddit,4,20505100,0,321.5675,0,reddit.graph,232965,114615892,0.115525353,1517633781691718,3,0.03521892,0.00004786,0.86437954,0.76328098,86462394,27000616,1021736,131146,0.02870281,0.35743910,0.23828472,0.99317494
infomap,reddit,5,20505100,0,318.8362,0,reddit.graph,232965,114615892,0.115525353,1517633781691718,3,0.03521892,0.00004786,0.86437954,0.76328098,86462394,27000616,1021736,131146,0.02870281,0.35743910,0.23828472,0.99317494
hollocou,reddit,1,912696,0,4.208,0,reddit.graph,232965,114615892,0.027246214,357928140890274,17843,0.48900373,0.00005687,0.08390088,0.26988828,3832024,920890,27101462,82761516,0.02449839,0.28733620,0.41647887,0.05809886
hollocou,reddit,2,912696,0,4.203,0,reddit.graph,232965,114615892,0.026953764,354086288291638,17893,0.48904529,0.00005646,0.08295479,0.26940569,3787406,931584,27090768,82806134,0.02417625,0.28365580,0.41333247,0.05821046
hollocou,reddit,3,912696,0,4.207,0,reddit.graph,232965,114615892,0.030620803,402259450492738,18122,0.48898989,0.00005706,0.09153792,0.27291868,4198480,940014,27082338,82395060,0.02482751,0.28471880,0.41325092,0.06082459
hollocou,reddit,4,912696,0,4.230,0,reddit.graph,232965,114615892,0.029524241,387854138235814,17911,0.48895776,0.00005615,0.08884142,0.27160848,4070064,961768,27060584,82523476,0.02355035,0.28584974,0.41506664,0.06006482
hollocou,reddit,5,912696,0,4.207,0,reddit.graph,232965,114615892,0.032045872,420980304184358,18024,0.48904586,0.00005750,0.09474344,0.27427244,4352772,939144,27083208,82240768,0.02539405,0.28403350,0.41787822,0.06212950
gnns,reddit,1,26371912,0,3668.0044951438904,420,reddit.graph,232965,114615892,0.733176770,9631598578605654,48,0.10507149,0.00018625,0.96067256,0.93901500,85372412,5768722,22253630,1221128,0.80460745,0.85518013,0.84902453,0.93121284
gnns,reddit,2,26371912,0,3671.0715403556824,420,reddit.graph,232965,114615892,0.737301434,9685783477039786,55,0.10836747,0.00015440,0.95972308,0.93722384,85723390,6324996,21697356,870150,0.76210359,0.84748132,0.81677505,0.93881484
gnns,reddit,3,26371912,0,3674.169807910919,420,reddit.graph,232965,114615892,0.728570265,9571083836572324,110,0.15575251,0.00011657,0.95521799,0.93047338,84989424,6364740,21657612,1604116,0.70864283,0.83915758,0.82131651,0.92725517
gnns,reddit,4,26371912,0,3670.883337020874,420,reddit.graph,232965,114615892,0.736512843,9675423908511170,54,0.10583838,0.00015272,0.95767885,0.93406626,85503712,6467226,21555126,1089828,0.76162005,0.84781462,0.82738609,0.93545382
gnns,reddit,5,26371912,0,3671.2153689861298,420,reddit.graph,232965,114615892,0.726129623,9539021603916274,87,0.13598845,0.00013488,0.95797158,0.93498490,84925604,5783828,22238524,1667936,0.78390264,0.84411125,0.83836628,0.91882901
dmon,reddit,1,66997356,0,3767.0961,24,reddit.graph,232965,114615892,0.457523914,6010401388358910,41,0.35016868,0.00047912,0.73611592,0.66015837,54328092,6685804,21336548,32265448,0.29365248,0.47011153,0.50119117,0.48444187
dmon,reddit,2,66997356,0,3762.8273,24,reddit.graph,232965,114615892,0.443510569,5826310843804120,41,0.35506415,0.00050444,0.72348501,0.65001339,52477984,5998472,22023880,34115556,0.30582466,0.49261176,0.50994355,0.46294508
dmon,reddit,3,66997356,0,3760.5162,24,reddit.graph,232965,114615892,0.415931603,5464011415553706,41,0.33553695,0.00053459,0.69324160,0.62266241,48868956,5524300,22498052,37724584,0.28791892,0.49930424,0.53511901,0.48461357
dmon,reddit,4,66997356,0,3768.0193,24,reddit.graph,232965,114615892,0.487907207,6409540720518886,41,0.32707691,0.00044161,0.75959146,0.68281198,57433040,7194288,20828064,29160500,0.34736946,0.51732397,0.54002962,0.52228876
dmon,reddit,5,66997356,0,3764.6030,24,reddit.graph,232965,114615892,0.530655509,6971116731549920,41,0.33685758,0.00038070,0.81568175,0.74805963,63894724,6177554,21844798,22698816,0.42507780,0.52632762,0.54122293,0.56429507
dgcluster,reddit,1,150625988,0,3605.728304862976,33,reddit.graph,232965,114615892,0.661234764,8686510636780992,958,0.46810551,0.00014245,0.91401047,0.87065670,78788780,7020038,21002314,7804760,0.69261665,0.72431526,0.73582298,0.77507780
dgcluster,reddit,2,150625988,0,3614.5110998153687,33,reddit.graph,232965,114615892,0.670342309,8806154657804064,1098,0.46993795,0.00013397,0.91334955,0.86877659,79266986,7713734,20308618,7326554,0.70768599,0.74328409,0.76742000,0.80148091
dgcluster,reddit,3,150625988,0,3698.06498837471,34,reddit.graph,232965,114615892,0.664405789,8728167766717098,692,0.46413095,0.00014271,0.91281734,0.86887518,78678038,7113486,20908866,7915502,0.69119663,0.72805683,0.72965467,0.78483463
dgcluster,reddit,4,150625988,0,3613.827332019806,33,reddit.graph,232965,114615892,0.659135101,8658927779624522,857,0.46880750,0.00014393,0.91657989,0.87340298,79714598,7631088,20391264,6878942,0.66639007,0.71884758,0.71569978,0.79239371
dgcluster,reddit,5,150625988,0,3688.6916315555573,34,reddit.graph,232965,114615892,0.676441890,8886283652459994,524,0.46256610,0.00014481,0.91407096,0.86869037,80048162,8504792,19517560,6545378,0.65708953,0.72212623,0.68788874,0.80061383
commdgi,reddit,1,8904704,1
commdgi,reddit,2,8904704,1
commdgi,reddit,3,8904704,1
commdgi,reddit,4,8904704,1
commdgi,reddit,5,8904704,1
clustre_fast,reddit,1,8192,0,2.16015,0,reddit.graph,232965,114615892,0.656163070,8619884799810818,4991,0.47225779,0.00006644,0.93503685,0.90509433,78283210,2567368,25454984,8310330,0.68406878,0.74374266,0.86915631,0.74175091
clustre_fast,reddit,2,8192,0,2.16974,0,reddit.graph,232965,114615892,0.656163070,8619884799810818,4991,0.47225779,0.00006644,0.93503685,0.90509433,78283210,2567368,25454984,8310330,0.68406878,0.74374266,0.86915631,0.74175091
clustre_fast,reddit,3,8192,0,2.17246,0,reddit.graph,232965,114615892,0.656163070,8619884799810818,4991,0.47225779,0.00006644,0.93503685,0.90509433,78283210,2567368,25454984,8310330,0.68406878,0.74374266,0.86915631,0.74175091
clustre_fast,reddit,4,8192,0,2.17202,0,reddit.graph,232965,114615892,0.656163070,8619884799810818,4991,0.47225779,0.00006644,0.93503685,0.90509433,78283210,2567368,25454984,8310330,0.68406878,0.74374266,0.86915631,0.74175091
clustre_fast,reddit,5,8192,0,2.17353,0,reddit.graph,232965,114615892,0.656163070,8619884799810818,4991,0.47225779,0.00006644,0.93503685,0.90509433,78283210,2567368,25454984,8310330,0.68406878,0.74374266,0.86915631,0.74175091
clustre_strong,reddit,1,85952,0,3.356914,0,reddit.graph,232965,114615892,0.737884966,9693449217004792,26,0.08564403,0.00019154,0.94933688,0.92001233,85894680,8468998,19553354,698860,0.67462120,0.81133369,0.71915095,0.94260940
clustre_strong,reddit,2,84240,0,3.4182209,0,reddit.graph,232965,114615892,0.737884966,9693449217004792,26,0.08564403,0.00019154,0.94933688,0.92001233,85894680,8468998,19553354,698860,0.67462120,0.81133369,0.71915095,0.94260940
clustre_strong,reddit,3,85316,0,3.1718189,0,reddit.graph,232965,114615892,0.737884966,9693449217004792,26,0.08564403,0.00019154,0.94933688,0.92001233,85894680,8468998,19553354,698860,0.67462120,0.81133369,0.71915095,0.94260940
clustre_strong,reddit,4,84328,0,3.3063849,0,reddit.graph,232965,114615892,0.737884966,9693449217004792,26,0.08564403,0.00019154,0.94933688,0.92001233,85894680,8468998,19553354,698860,0.67462120,0.81133369,0.71915095,0.94260940
clustre_strong,reddit,5,84428,0,3.3322379,0,reddit.graph,232965,114615892,0.737884966,9693449217004792,26,0.08564403,0.00019154,0.94933688,0.92001233,85894680,8468998,19553354,698860,0.67462120,0.81133369,0.71915095,0.94260940
cnm,citeseer,1,179964,0,0.8512,0,citeseer.graph,3327,9104,0.869648227,72078894,438,0.00466580,0.00000332,0.83355007,0.71880492,6410,2274,134,286,0.13892774,0.38032167,0.75533514,0.25788999
cnm,citeseer,2,179964,0,0.8483,0,citeseer.graph,3327,9104,0.869648227,72078894,438,0.00466580,0.00000332,0.83355007,0.71880492,6410,2274,134,286,0.13892774,0.38032167,0.75533514,0.25788999
cnm,citeseer,3,179964,0,0.8495,0,citeseer.graph,3327,9104,0.869648227,72078894,438,0.00466580,0.00000332,0.83355007,0.71880492,6410,2274,134,286,0.13892774,0.38032167,0.75533514,0.25788999
cnm,citeseer,4,179964,0,0.8460,0,citeseer.graph,3327,9104,0.869648227,72078894,438,0.00466580,0.00000332,0.83355007,0.71880492,6410,2274,134,286,0.13892774,0.38032167,0.75533514,0.25788999
cnm,citeseer,5,179964,0,0.8468,0,citeseer.graph,3327,9104,0.869648227,72078894,438,0.00466580,0.00000332,0.83355007,0.71880492,6410,2274,134,286,0.13892774,0.38032167,0.75533514,0.25788999
combo,citeseer,1,314592,0,47.1815,0,citeseer.graph,3327,9104,0.892723215,73991414,188,0.00641686,0.00000579,0.83124019,0.71660808,6354,2238,170,342,0.09936157,0.30444208,0.65043583,0.21370604
combo,citeseer,2,314592,0,47.5550,0,citeseer.graph,3327,9104,0.893141323,74026068,182,0.00598863,0.00000536,0.83350758,0.72012302,6378,2230,178,318,0.10368449,0.30554433,0.65133754,0.21611061
combo,citeseer,3,314592,0,49.2019,0,citeseer.graph,3327,9104,0.892112159,73940768,192,0.00662729,0.00000601,0.83141059,0.71748682,6342,2218,190,354,0.09859861,0.30006089,0.64652840,0.20979862
combo,citeseer,4,314592,0,47.1349,0,citeseer.graph,3327,9104,0.893332050,74041876,192,0.00576687,0.00000573,0.82865390,0.71309315,6316,2232,176,380,0.09801592,0.31054300,0.65434325,0.20228434
combo,citeseer,5,314592,0,45.5615,0,citeseer.graph,3327,9104,0.891888470,73922228,192,0.00614713,0.00000555,0.83071690,0.71572935,6350,2242,166,346,0.09875621,0.31227546,0.65704839,0.19627292
lim,citeseer,1,734336,0,203.3416,1000,citeseer.graph,3327,9104,0.762693173,63214158,9,0.04085875,0.00003597,0.82259558,0.70540422,6218,2204,204,478,0.10808229,0.11819776,0.41929666,0.38322813
lim,citeseer,2,741168,0,196.4362,1000,citeseer.graph,3327,9104,0.750631687,62214468,8,0.05077168,0.00004634,0.82808329,0.71704745,6204,2084,324,492,0.06134517,0.06896676,0.35106703,0.30808536
lim,citeseer,3,728160,0,126.9494,600,citeseer.graph,3327,9104,0.733210367,60770540,9,0.08390464,0.00002946,0.82894737,0.71441125,6300,2204,204,396,0.05571331,0.10430303,0.38443042,0.36819958
lim,citeseer,4,731372,0,199.3993,990,citeseer.graph,3327,9104,0.780679387,64704906,9,0.03433215,0.00003112,0.83289543,0.72056239,6340,2188,220,356,0.09109434,0.10885025,0.41478810,0.35407274
lim,citeseer,5,740648,0,198.8936,1000,citeseer.graph,3327,9104,0.794420401,65843800,9,0.02970370,0.00002828,0.82803050,0.71265378,6298,2218,190,398,0.08329751,0.11257662,0.40907725,0.31920649
wt,citeseer,1,20480,0,0.0208,0,citeseer.graph,3327,9104,0.873548167,72402132,438,0.00477296,0.00000357,0.83168058,0.71660808,6374,2258,150,322,0.12111059,0.37756072,0.75232943,0.23805230
wt,citeseer,2,20480,0,0.0198,0,citeseer.graph,3327,9104,0.873548167,72402132,438,0.00477296,0.00000357,0.83168058,0.71660808,6374,2258,150,322,0.12111059,0.37756072,0.75232943,0.23805230
wt,citeseer,3,20480,0,0.0197,0,citeseer.graph,3327,9104,0.873548167,72402132,438,0.00477296,0.00000357,0.83168058,0.71660808,6374,2258,150,322,0.12111059,0.37756072,0.75232943,0.23805230
wt,citeseer,4,20480,0,0.0199,0,citeseer.graph,3327,9104,0.873548167,72402132,438,0.00477296,0.00000357,0.83168058,0.71660808,6374,2258,150,322,0.12111059,0.37756072,0.75232943,0.23805230
wt,citeseer,5,20480,0,0.0199,0,citeseer.graph,3327,9104,0.873548167,72402132,438,0.00477296,0.00000357,0.83168058,0.71660808,6374,2258,150,322,0.12111059,0.37756072,0.75232943,0.23805230
cnm,amazon_photo,1,253068,0,78.7525,0,amazon_photo.graph,7650,238162,0.642708548,36455160448,36,0.01202567,0.00001686,0.90222622,0.82835213,188614,32476,8668,8404,0.37395942,0.51467536,0.65202614,0.73071895
cnm,amazon_photo,2,253068,0,78.9026,0,amazon_photo.graph,7650,238162,0.642708548,36455160448,36,0.01202567,0.00001686,0.90222622,0.82835213,188614,32476,8668,8404,0.37395942,0.51467536,0.65202614,0.73071895
cnm,amazon_photo,3,253068,0,79.1477,0,amazon_photo.graph,7650,238162,0.642708548,36455160448,36,0.01202567,0.00001686,0.90222622,0.82835213,188614,32476,8668,8404,0.37395942,0.51467536,0.65202614,0.73071895
cnm,amazon_photo,4,253068,0,79.1063,0,amazon_photo.graph,7650,238162,0.642708548,36455160448,36,0.01202567,0.00001686,0.90222622,0.82835213,188614,32476,8668,8404,0.37395942,0.51467536,0.65202614,0.73071895
cnm,amazon_photo,5,253068,0,78.7382,0,amazon_photo.graph,7650,238162,0.642708548,36455160448,36,0.01202567,0.00001686,0.90222622,0.82835213,188614,32476,8668,8404,0.37395942,0.51467536,0.65202614,0.73071895
combo,amazon_photo,1,1090120,0,140.1506,0,amazon_photo.graph,7650,238162,0.740093208,41978929184,18,0.04305231,0.00017499,0.92169417,0.86596518,187868,22772,18372,9150,0.55983376,0.65338923,0.83084967,0.67908497
combo,amazon_photo,2,1090120,0,151.1963,0,amazon_photo.graph,7650,238162,0.740087221,41978589618,20,0.03763052,0.00015775,0.92170398,0.86598198,187870,22770,18374,9148,0.55794876,0.65114367,0.82954248,0.67777778
combo,amazon_photo,3,1090120,0,128.7120,0,amazon_photo.graph,7650,238162,0.740093672,41978955534,16,0.04649198,0.00019120,0.92164963,0.86588960,187858,22780,18364,9160,0.55725911,0.65054314,0.82901961,0.67699346
combo,amazon_photo,4,1090120,0,144.5702,0,amazon_photo.graph,7650,238162,0.740083553,41978381554,17,0.04462464,0.00018562,0.92176208,0.86608275,187880,22756,18388,9138,0.55686228,0.65246095,0.82941176,0.67843137
combo,amazon_photo,5,1090120,0,139.4458,0,amazon_photo.graph,7650,238162,0.740076370,41977974114,17,0.04406802,0.00018096,0.92178247,0.86611634,187886,22754,18390,9132,0.55872478,0.65003068,0.82941176,0.67738562
lim,amazon_photo,1,1873868,0,511.8922,489,amazon_photo.graph,7650,238162,0.612974935,34768636070,7,0.01498270,0.00006126,0.90645151,0.83175318,194132,37184,3960,2886,0.36468623,0.53700278,0.63986928,0.80209150
lim,amazon_photo,2,1899836,0,528.1100,506,amazon_photo.graph,7650,238162,0.613644542,34806616938,7,0.01679194,0.00006732,0.90583953,0.83077905,193856,37140,4004,3162,0.36025729,0.53178962,0.63294118,0.79228758
lim,amazon_photo,3,1916940,0,453.4791,446,amazon_photo.graph,7650,238162,0.612413497,34736790650,7,0.01201277,0.00005166,0.90539527,0.82946902,194344,37940,3204,2674,0.35727751,0.55406122,0.63973856,0.80261438
lim,amazon_photo,4,1906760,0,1017.5549,1000,amazon_photo.graph,7650,238162,0.659335034,37398233624,7,0.02658248,0.00013158,0.91846570,0.85692932,191918,28974,12170,5100,0.42191297,0.52821650,0.63516340,0.76183007
lim,amazon_photo,5,1892500,0,579.3218,568,amazon_photo.graph,7650,238162,0.602396254,34168601240,7,0.02696977,0.00009578,0.90094624,0.82312879,191570,36676,4468,5448,0.29666261,0.47544073,0.54522876,0.74013072
wt,amazon_photo,1,38912,0,1.0241,0,amazon_photo.graph,7650,238162,0.651686172,36964381510,36,0.01341382,0.00001710,0.90153434,0.82700851,188610,32792,8352,8408,0.43886617,0.57036915,0.67450980,0.76562092
wt,amazon_photo,2,38912,0,1.0193,0,amazon_photo.graph,7650,238162,0.651686172,36964381510,36,0.01341382,0.00001710,0.90153434,0.82700851,188610,32792,8352,8408,0.43886617,0.57036915,0.67450980,0.76562092
wt,amazon_photo,3,38912,0,1.0173,0,amazon_photo.graph,7650,238162,0.651686172,36964381510,36,0.01341382,0.00001710,0.90153434,0.82700851,188610,32792,8352,8408,0.43886617,0.57036915,0.67450980,0.76562092
wt,amazon_photo,4,38912,0,1.0237,0,amazon_photo.graph,7650,238162,0.651686172,36964381510,36,0.01341382,0.00001710,0.90153434,0.82700851,188610,32792,8352,8408,0.43886617,0.57036915,0.67450980,0.76562092
wt,amazon_photo,5,38912,0,1.0236,0,amazon_photo.graph,7650,238162,0.651686172,36964381510,36,0.01341382,0.00001710,0.90153434,0.82700851,188610,32792,8352,8408,0.43886617,0.57036915,0.67450980,0.76562092
cnm,cora,1,192512,0,1.2841,0,cora.graph,2708,10556,0.806871750,89909022,106,0.01682550,0.00002084,0.88395336,0.80200834,7960,1500,506,590,0.26684884,0.48450426,0.76033973,0.42097489
cnm,cora,2,192512,0,1.2828,0,cora.graph,2708,10556,0.806871750,89909022,106,0.01682550,0.00002084,0.88395336,0.80200834,7960,1500,506,590,0.26684884,0.48450426,0.76033973,0.42097489
cnm,cora,3,192512,0,1.2879,0,cora.graph,2708,10556,0.806871750,89909022,106,0.01682550,0.00002084,0.88395336,0.80200834,7960,1500,506,590,0.26684884,0.48450426,0.76033973,0.42097489
cnm,cora,4,192512,0,1.2828,0,cora.graph,2708,10556,0.806871750,89909022,106,0.01682550,0.00002084,0.88395336,0.80200834,7960,1500,506,590,0.26684884,0.48450426,0.76033973,0.42097489
cnm,cora,5,192512,0,1.2847,0,cora.graph,2708,10556,0.806871750,89909022,106,0.01682550,0.00002084,0.88395336,0.80200834,7960,1500,506,590,0.26684884,0.48450426,0.76033973,0.42097489
combo,cora,1,255576,0,35.7761,0,cora.graph,2708,10556,0.823147116,91722572,55,0.02827850,0.00004152,0.87871342,0.79424024,7868,1490,516,682,0.26620713,0.47529441,0.76809453,0.39881832
combo,cora,2,255576,0,30.1670,0,cora.graph,2708,10556,0.824040850,91822160,53,0.02625343,0.00003776,0.87992891,0.79518757,7922,1534,472,628,0.26293964,0.47158442,0.75184638,0.39881832
combo,cora,3,255576,0,32.9305,0,cora.graph,2708,10556,0.823416184,91752554,58,0.02732083,0.00003987,0.88296924,0.80106101,7922,1472,534,628,0.26818348,0.48077541,0.77400295,0.39734121
combo,cora,4,255576,0,30.8021,0,cora.graph,2708,10556,0.823397302,91750450,57,0.02371918,0.00003551,0.88096032,0.79708223,7926,1518,488,624,0.26990557,0.46985920,0.75886263,0.41728213
combo,cora,5,255576,0,35.9272,0,cora.graph,2708,10556,0.823351138,91745306,62,0.02840410,0.00003972,0.88327584,0.80125047,7938,1486,520,612,0.26736105,0.48152720,0.77326440,0.39807976
lim,cora,1,671760,0,111.9186,1000,cora.graph,2708,10556,0.695765495,77528548,6,0.06797859,0.00011839,0.86724664,0.77737779,7676,1476,530,874,0.18137800,0.25011737,0.47119645,0.50738552
lim,cora,2,673272,0,120.3783,1000,cora.graph,2708,10556,0.742364025,82720982,8,0.05746493,0.00009416,0.87304775,0.78438803,7826,1552,454,724,0.27018061,0.31257542,0.58677991,0.52178730
lim,cora,3,673796,0,102.9373,912,cora.graph,2708,10556,0.736694575,82089240,8,0.04875643,0.00008089,0.88238554,0.79897689,7960,1532,474,590,0.31136224,0.36050694,0.62407681,0.58825702
lim,cora,4,654464,0,49.8385,438,cora.graph,2708,10556,0.657467773,73261066,5,0.06123432,0.00010890,0.86715165,0.77510421,7748,1572,434,802,0.17123124,0.18989315,0.44830133,0.53508124
lim,cora,5,674080,0,103.0700,923,cora.graph,2708,10556,0.703330087,78371464,6,0.05538174,0.00009390,0.88272018,0.80068208,7918,1472,534,632,0.21624034,0.26974629,0.51477105,0.52104874
wt,cora,1,20480,0,0.0207,0,cora.graph,2708,10556,0.806512149,89868952,106,0.01658988,0.00002194,0.88571109,0.80617658,7928,1424,582,622,0.27877838,0.48798827,0.78064993,0.43353028
wt,cora,2,20480,0,0.0205,0,cora.graph,2708,10556,0.806512149,89868952,106,0.01658988,0.00002194,0.88571109,0.80617658,7928,1424,582,622,0.27877838,0.48798827,0.78064993,0.43353028
wt,cora,3,20480,0,0.0206,0,cora.graph,2708,10556,0.806512149,89868952,106,0.01658988,0.00002194,0.88571109,0.80617658,7928,1424,582,622,0.27877838,0.48798827,0.78064993,0.43353028
wt,cora,4,20480,0,0.0202,0,cora.graph,2708,10556,0.806512149,89868952,106,0.01658988,0.00002194,0.88571109,0.80617658,7928,1424,582,622,0.27877838,0.48798827,0.78064993,0.43353028
wt,cora,5,20480,0,0.0202,0,cora.graph,2708,10556,0.806512149,89868952,106,0.01658988,0.00002194,0.88571109,0.80617658,7928,1424,582,622,0.27877838,0.48798827,0.78064993,0.43353028
cnm,amazon_computers,1,372056,0,400.9640,0,amazon_computers.graph,13752,491722,0.548180471,132544844234,79,0.02277690,0.00000873,0.88006455,0.79869113,363178,79992,29556,18996,0.30116365,0.43639948,0.60536649,0.72665794
cnm,amazon_computers,2,372056,0,401.5782,0,amazon_computers.graph,13752,491722,0.548180471,132544844234,79,0.02277690,0.00000873,0.88006455,0.79869113,363178,79992,29556,18996,0.30116365,0.43639948,0.60536649,0.72665794
cnm,amazon_computers,3,372056,0,407.5176,0,amazon_computers.graph,13752,491722,0.548180471,132544844234,79,0.02277690,0.00000873,0.88006455,0.79869113,363178,79992,29556,18996,0.30116365,0.43639948,0.60536649,0.72665794
cnm,amazon_computers,4,372056,0,400.3866,0,amazon_computers.graph,13752,491722,0.548180471,132544844234,79,0.02277690,0.00000873,0.88006455,0.79869113,363178,79992,29556,18996,0.30116365,0.43639948,0.60536649,0.72665794
cnm,amazon_computers,5,372056,0,397.5505,0,amazon_computers.graph,13752,491722,0.548180471,132544844234,79,0.02277690,0.00000873,0.88006455,0.79869113,363178,79992,29556,18996,0.30116365,0.43639948,0.60536649,0.72665794
combo,amazon_computers,1,3165088,0,841.8215,0,amazon_computers.graph,13752,491722,0.641159812,155026367754,17,0.08787302,0.00021418,0.84613606,0.75908745,325726,62014,47534,56448,0.31423584,0.53063932,0.73531123,0.51890634
combo,amazon_computers,2,3165088,0,766.7590,0,amazon_computers.graph,13752,491722,0.641482128,155104300866,18,0.08227489,0.00021675,0.83688657,0.74815444,317688,59352,50196,64486,0.29732964,0.53606044,0.75443572,0.49054683
combo,amazon_computers,3,3165088,0,704.7332,0,amazon_computers.graph,13752,491722,0.641151211,155024288108,19,0.08994152,0.00020047,0.84587964,0.75872546,325574,62040,47508,56600,0.31400072,0.52984314,0.73901978,0.51825189
combo,amazon_computers,4,3165088,0,721.5324,0,amazon_computers.graph,13752,491722,0.641214222,155039523606,17,0.09505593,0.00021018,0.84594636,0.75864004,325856,62364,47184,56318,0.31646467,0.53516829,0.74883653,0.52028796
combo,amazon_computers,5,3165088,0,745.0536,0,amazon_computers.graph,13752,491722,0.641213710,155039399762,17,0.09515619,0.00021519,0.84579334,0.75843668,325748,62356,47192,56426,0.31603005,0.53528378,0.74650960,0.51956079
lim,amazon_computers,1,4639704,0,1341.1768,496,amazon_computers.graph,13752,491722,0.535510444,129481351702,4,0.04379058,0.00014703,0.88765641,0.81058810,367954,78918,30630,14220,0.32190726,0.42316409,0.54450262,0.80970041
lim,amazon_computers,2,4619856,0,2397.4661,874,amazon_computers.graph,13752,491722,0.593905646,143600758244,5,0.08096429,0.00024105,0.87224891,0.79089404,351020,71668,37880,31154,0.23578201,0.36463756,0.53643106,0.65081443
lim,amazon_computers,3,4641176,0,2140.2083,799,amazon_computers.graph,13752,491722,0.583212539,141015266394,5,0.06162589,0.00019932,0.87075126,0.78763204,351760,74012,35536,30414,0.28855805,0.42606483,0.55991856,0.69553519
lim,amazon_computers,4,4674032,0,1992.3525,725,amazon_computers.graph,13752,491722,0.573753652,138728196992,4,0.07521697,0.00024107,0.87656958,0.79737331,353794,71256,38292,28380,0.27078524,0.39792048,0.54261198,0.72076789
lim,amazon_computers,5,4616776,0,1675.9002,605,amazon_computers.graph,13752,491722,0.595920804,144088004286,5,0.08409742,0.00025152,0.87133099,0.79044663,348894,69762,39786,33280,0.30485430,0.41252936,0.58776905,0.68179174
wt,amazon_computers,1,59392,0,5.5864,0,amazon_computers.graph,13752,491722,0.539283445,130393627562,73,0.01626603,0.00000979,0.83716022,0.74076816,327662,72958,36590,54512,0.17282156,0.39812214,0.51585224,0.64107039
wt,amazon_computers,2,59392,0,5.5383,0,amazon_computers.graph,13752,491722,0.539283445,130393627562,73,0.01626603,0.00000979,0.83716022,0.74076816,327662,72958,36590,54512,0.17282156,0.39812214,0.51585224,0.64107039
wt,amazon_computers,3,59392,0,5.6712,0,amazon_computers.graph,13752,491722,0.539283445,130393627562,73,0.01626603,0.00000979,0.83716022,0.74076816,327662,72958,36590,54512,0.17282156,0.39812214,0.51585224,0.64107039
wt,amazon_computers,4,59392,0,5.5466,0,amazon_computers.graph,13752,491722,0.539283445,130393627562,73,0.01626603,0.00000979,0.83716022,0.74076816,327662,72958,36590,54512,0.17282156,0.39812214,0.51585224,0.64107039
wt,amazon_computers,5,59392,0,5.5766,0,amazon_computers.graph,13752,491722,0.539283445,130393627562,73,0.01626603,0.00000979,0.83716022,0.74076816,327662,72958,36590,54512,0.17282156,0.39812214,0.51585224,0.64107039
cnm,coauthor_cs,1,234144,0,303.8645,0,coauthor_cs.graph,18333,163788,0.665180565,17844472390,156,0.13151667,0.00002436,0.89614533,0.82352798,124704,21258,10180,7646,0.44884048,0.53927429,0.57028310,0.81552392
cnm,coauthor_cs,2,234144,0,306.4566,0,coauthor_cs.graph,18333,163788,0.665180565,17844472390,156,0.13151667,0.00002436,0.89614533,0.82352798,124704,21258,10180,7646,0.44884048,0.53927429,0.57028310,0.81552392
cnm,coauthor_cs,3,234144,0,304.9043,0,coauthor_cs.graph,18333,163788,0.665180565,17844472390,156,0.13151667,0.00002436,0.89614533,0.82352798,124704,21258,10180,7646,0.44884048,0.53927429,0.57028310,0.81552392
cnm,coauthor_cs,4,234144,0,314.1781,0,coauthor_cs.graph,18333,163788,0.665180565,17844472390,156,0.13151667,0.00002436,0.89614533,0.82352798,124704,21258,10180,7646,0.44884048,0.53927429,0.57028310,0.81552392
cnm,coauthor_cs,5,234144,0,331.8196,0,coauthor_cs.graph,18333,163788,0.665180565,17844472390,156,0.13151667,0.00002436,0.89614533,0.82352798,124704,21258,10180,7646,0.44884048,0.53927429,0.57028310,0.81552392
combo,coauthor_cs,1,5420984,0,2345.9026,0,coauthor_cs.graph,18333,163788,0.755478469,20266849924,19,0.07901250,0.00003637,0.91262723,0.85534960,123734,15076,16362,8616,0.50862890,0.63991238,0.75066819,0.70637648
combo,coauthor_cs,2,5420984,0,2525.8993,0,coauthor_cs.graph,18333,163788,0.754760780,20247596828,17,0.07453229,0.00003302,0.91458427,0.85846338,124110,14942,16496,8240,0.52085459,0.64132078,0.74684994,0.72328588
combo,coauthor_cs,3,5420984,0,2046.6167,0,coauthor_cs.graph,18333,163788,0.752277236,20180972022,15,0.07491514,0.00003629,0.91689248,0.86180917,124856,15140,16298,7494,0.57360102,0.64815870,0.74368625,0.76430481
combo,coauthor_cs,4,5420984,0,2100.7070,0,coauthor_cs.graph,18333,163788,0.754434054,20238831916,20,0.07339449,0.00003513,0.91654131,0.86179696,124294,14580,16858,8056,0.57747873,0.65186246,0.76801396,0.73610429
combo,coauthor_cs,5,5420984,0,2076.7479,0,coauthor_cs.graph,18333,163788,0.754444549,20239113454,14,0.08219209,0.00003849,0.91691593,0.86195570,124762,15022,16416,7588,0.56961895,0.65533414,0.75066819,0.76190476
lim,coauthor_cs,1,7453868,0,2237.9105,521,coauthor_cs.graph,18333,163788,0.571917375,15342546600,3,0.04707388,0.00003441,0.89361793,0.81754463,125514,23048,8390,6836,0.25873494,0.38384985,0.36338843,0.82288769
lim,coauthor_cs,2,7453628,0,1934.8094,469,coauthor_cs.graph,18333,163788,0.560569772,15038130022,3,0.05284147,0.00003884,0.90033127,0.83026840,125562,21012,10426,6788,0.25815311,0.39009804,0.38067965,0.82506955
lim,coauthor_cs,3,7453540,1,
lim,coauthor_cs,4,7446352,0,2109.9549,514,coauthor_cs.graph,18333,163788,0.572799771,15366218182,3,0.04349805,0.00003157,0.90654139,0.83893814,127942,21972,9466,4408,0.27375808,0.43203286,0.38804342,0.87367043
lim,coauthor_cs,5,7437308,0,2240.9141,552,coauthor_cs.graph,18333,163788,0.574397783,15409087282,3,0.04476726,0.00003254,0.90491845,0.83648375,127446,21878,9560,4904,0.27403406,0.41538930,0.38466154,0.85670649
wt,coauthor_cs,1,34816,0,3.1160,0,coauthor_cs.graph,18333,163788,0.655262937,17578417050,154,0.13763043,0.00002567,0.88938305,0.81291670,123184,21476,9962,9166,0.41472859,0.50699756,0.56553756,0.76610484
wt,coauthor_cs,2,34816,0,3.1093,0,coauthor_cs.graph,18333,163788,0.655262937,17578417050,154,0.13763043,0.00002567,0.88938305,0.81291670,123184,21476,9962,9166,0.41472859,0.50699756,0.56553756,0.76610484
wt,coauthor_cs,3,34816,0,3.0900,0,coauthor_cs.graph,18333,163788,0.655262937,17578417050,154,0.13763043,0.00002567,0.88938305,0.81291670,123184,21476,9962,9166,0.41472859,0.50699756,0.56553756,0.76610484
wt,coauthor_cs,4,34816,0,3.0892,0,coauthor_cs.graph,18333,163788,0.655262937,17578417050,154,0.13763043,0.00002567,0.88938305,0.81291670,123184,21476,9962,9166,0.41472859,0.50699756,0.56553756,0.76610484
wt,coauthor_cs,5,34816,0,3.0961,0,coauthor_cs.graph,18333,163788,0.655262937,17578417050,154,0.13763043,0.00002567,0.88938305,0.81291670,123184,21476,9962,9166,0.41472859,0.50699756,0.56553756,0.76610484
cnm,pubmed,1,210712,0,198.7817,0,pubmed.graph,19717,88648,0.727162123,5714380210,121,0.08345216,0.00001009,0.85828275,0.75877628,64754,15008,2510,6376,0.18080558,0.24647616,0.74909976,0.41755845
cnm,pubmed,2,210712,0,197.8118,0,pubmed.graph,19717,88648,0.727162123,5714380210,121,0.08345216,0.00001009,0.85828275,0.75877628,64754,15008,2510,6376,0.18080558,0.24647616,0.74909976,0.41755845
cnm,pubmed,3,210712,0,199.3954,0,pubmed.graph,19717,88648,0.727162123,5714380210,121,0.08345216,0.00001009,0.85828275,0.75877628,64754,15008,2510,6376,0.18080558,0.24647616,0.74909976,0.41755845
cnm,pubmed,4,210712,0,199.3627,0,pubmed.graph,19717,88648,0.727162123,5714380210,121,0.08345216,0.00001009,0.85828275,0.75877628,64754,15008,2510,6376,0.18080558,0.24647616,0.74909976,0.41755845
cnm,pubmed,5,210712,0,197.9715,0,pubmed.graph,19717,88648,0.727162123,5714380210,121,0.08345216,0.00001009,0.85828275,0.75877628,64754,15008,2510,6376,0.18080558,0.24647616,0.74909976,0.41755845
combo,pubmed,1,6234576,0
combo,pubmed,2,6234576,0
combo,pubmed,3,6234576,0
combo,pubmed,4,6234576,0
combo,pubmed,5,6234576,0
lim,pubmed,1,8485220,1
lim,pubmed,2,8488948,1
lim,pubmed,3,8487036,1
lim,pubmed,4,8488680,1
lim,pubmed,5,8499484,1
wt,pubmed,1,28672,0,1.6105,0,pubmed.graph,19717,88648,0.726918300,5712464136,100,0.08031285,0.00000984,0.85675593,0.75658785,64530,14978,2540,6600,0.17262671,0.24251999,0.74641173,0.40624842
wt,pubmed,2,28672,0,1.6020,0,pubmed.graph,19717,88648,0.726918300,5712464136,100,0.08031285,0.00000984,0.85675593,0.75658785,64530,14978,2540,6600,0.17262671,0.24251999,0.74641173,0.40624842
wt,pubmed,3,28672,0,1.6050,0,pubmed.graph,19717,88648,0.726918300,5712464136,100,0.08031285,0.00000984,0.85675593,0.75658785,64530,14978,2540,6600,0.17262671,0.24251999,0.74641173,0.40624842
wt,pubmed,4,28672,0,1.6089,0,pubmed.graph,19717,88648,0.726918300,5712464136,100,0.08031285,0.00000984,0.85675593,0.75658785,64530,14978,2540,6600,0.17262671,0.24251999,0.74641173,0.40624842
wt,pubmed,5,28672,0,1.6090,0,pubmed.graph,19717,88648,0.726918300,5712464136,100,0.08031285,0.00000984,0.85675593,0.75658785,64530,14978,2540,6600,0.17262671,0.24251999,0.74641173,0.40624842
cnm,coauthor_physics,1,398652,0,1846.2597,0,coauthor_physics.graph,34493,495924,0.538812310,132515830232,208,0.15884050,0.00002140,0.91965921,0.85476404,412240,22340,11658,49686,0.34729458,0.44807084,0.71257936,0.69927232
cnm,coauthor_physics,2,398652,0,1837.5360,0,coauthor_physics.graph,34493,495924,0.538812310,132515830232,208,0.15884050,0.00002140,0.91965921,0.85476404,412240,22340,11658,49686,0.34729458,0.44807084,0.71257936,0.69927232
cnm,coauthor_physics,3,398652,0,1901.2740,0,coauthor_physics.graph,34493,495924,0.538812310,132515830232,208,0.15884050,0.00002140,0.91965921,0.85476404,412240,22340,11658,49686,0.34729458,0.44807084,0.71257936,0.69927232
cnm,coauthor_physics,4,398652,0,1878.6534,0,coauthor_physics.graph,34493,495924,0.538812310,132515830232,208,0.15884050,0.00002140,0.91965921,0.85476404,412240,22340,11658,49686,0.34729458,0.44807084,0.71257936,0.69927232
cnm,coauthor_physics,5,398652,0,1861.8187,0,coauthor_physics.graph,34493,495924,0.538812310,132515830232,208,0.15884050,0.00002140,0.91965921,0.85476404,412240,22340,11658,49686,0.34729458,0.44807084,0.71257936,0.69927232
combo,coauthor_physics,1,18811216,0
combo,coauthor_physics,2,18811216,0
combo,coauthor_physics,3,18811216,0
combo,coauthor_physics,4,18811216,0
combo,coauthor_physics,5,18811216,0
lim,coauthor_physics,1,24542664,1,
lim,coauthor_physics,2,24530548,1,
lim,coauthor_physics,3,24544740,1,
lim,coauthor_physics,4,24528096,1,
lim,coauthor_physics,5,24515408,1,
wt,coauthor_physics,1,61440,0,20.5799,0,coauthor_physics.graph,34493,495924,0.525917935,129344579960,230,0.15448984,0.00002203,0.90368744,0.82835676,399344,22540,11458,62582,0.23299117,0.30063175,0.62893921,0.62325689
wt,coauthor_physics,2,61440,0,20.4863,0,coauthor_physics.graph,34493,495924,0.525917935,129344579960,230,0.15448984,0.00002203,0.90368744,0.82835676,399344,22540,11458,62582,0.23299117,0.30063175,0.62893921,0.62325689
wt,coauthor_physics,3,61440,0,20.8393,0,coauthor_physics.graph,34493,495924,0.525917935,129344579960,230,0.15448984,0.00002203,0.90368744,0.82835676,399344,22540,11458,62582,0.23299117,0.30063175,0.62893921,0.62325689
wt,coauthor_physics,4,61440,0,20.5305,0,coauthor_physics.graph,34493,495924,0.525917935,129344579960,230,0.15448984,0.00002203,0.90368744,0.82835676,399344,22540,11458,62582,0.23299117,0.30063175,0.62893921,0.62325689
wt,coauthor_physics,5,61440,0,20.4947,0,coauthor_physics.graph,34493,495924,0.525917935,129344579960,230,0.15448984,0.00002203,0.90368744,0.82835676,399344,22540,11458,62582,0.23299117,0.30063175,0.62893921,0.62325689
cnm,reddit,1,51710372,0
cnm,reddit,2,51710372,0
cnm,reddit,3,51710372,0
cnm,reddit,4,51710372,0
cnm,reddit,5,51710372,0
combo,reddit,1,263856680,0
combo,reddit,2,263856680,0
combo,reddit,3,263856680,0
combo,reddit,4,263856680,0
combo,reddit,5,263856680,0
lim,reddit,1,216199464,1
lim,reddit,2,216189944,1
lim,reddit,3,216195076,1
lim,reddit,4,216190572,1
lim,reddit,5,216192372,1
wt,reddit,1,9010180,0
wt,reddit,2,9010180,0
wt,reddit,3,9010180,0
wt,reddit,4,9010180,0
wt,reddit,5,9010180,0